reult/alternative/0/confidence,results/alternatives/0/transcript,results/alternatives/0/words/0/confidence,reult/alternative/0/word/0/endTime,reult/alternative/0/word/0/tartTime,results/alternatives/0/words/0/word,results/channelTag,results/languageCode,reult/reultEndTime
0.84681356,we'll start now okay in my opinions about your Refugee from Gmail in South Korea at Jeju Islands I think that is would be have some positive benefits if the Korean government letter reality into the country with some restrictions,0.91283858,0.9,0.6,we'll,26,en-us,25.778322
0.84681356,,0.91283858,1.5,0.9,start,26,en-us,25.778322
0.84681356,,0.91283858,2.1,1.6,now,26,en-us,25.778322
0.84681356,,0.91283858,3,2.6,okay,26,en-us,25.778322
0.84681356,,0.91283858,4.3,4,in,26,en-us,25.778322
0.84681356,,0.91283858,4.5,4.3,my,26,en-us,25.778322
0.84681356,,0.91283858,5,4.5,opinions,26,en-us,25.778322
0.84681356,,0.91283858,5.3,5,about,26,en-us,25.778322
0.84681356,,0.91283858,5.6,5.3,your,26,en-us,25.778322
0.84681356,,0.91283858,6.5,5.6,Refugee,26,en-us,25.778322
0.84681356,,0.91283858,7.1,6.7,from,26,en-us,25.778322
0.84681356,,0.72628289,7.7,7.1,Gmail,26,en-us,25.778322
0.84681356,,0.91283858,8.1,7.9,in,26,en-us,25.778322
0.84681356,,0.91283858,8.4,8.1,South,26,en-us,25.778322
0.84681356,,0.84444094,8.9,8.4,Korea,26,en-us,25.778322
0.84681356,,0.74157768,9.2,8.9,at,26,en-us,25.778322
0.84681356,,0.91212344,9.5,9.2,Jeju,26,en-us,25.778322
0.84681356,,0.91283858,10,9.5,Islands,26,en-us,25.778322
0.84681356,,0.72628289,12.9,12.2,I,26,en-us,25.778322
0.84681356,,0.91283858,13.9,13.6,think,26,en-us,25.778322
0.84681356,,0.76050615,14.4,13.9,that,26,en-us,25.778322
0.84681356,,0.89344394,14.9,14.6,is,26,en-us,25.778322
0.84681356,,0.91283858,15.4,15.2,would,26,en-us,25.778322
0.84681356,,0.74284482,15.9,15.4,be,26,en-us,25.778322
0.84681356,,0.91283858,16.2,16,have,26,en-us,25.778322
0.84681356,,0.76306415,16.4,16.2,some,26,en-us,25.778322
0.84681356,,0.91283858,17,16.4,positive,26,en-us,25.778322
0.84681356,,0.7290765,17.6,17,benefits,26,en-us,25.778322
0.84681356,,0.85865653,18.8,18.3,if,26,en-us,25.778322
0.84681356,,0.73732531,19,18.8,the,26,en-us,25.778322
0.84681356,,0.91283858,19.7,19,Korean,26,en-us,25.778322
0.84681356,,0.77023679,20.7,20,government,26,en-us,25.778322
0.84681356,,0.71129531,21.6,21.1,letter,26,en-us,25.778322
0.84681356,,0.68108612,22.4,21.6,reality,26,en-us,25.778322
0.84681356,,0.91283858,23.6,22.9,into,26,en-us,25.778322
0.84681356,,0.77536613,23.7,23.6,the,26,en-us,25.778322
0.84681356,,0.91283858,24.1,23.7,country,26,en-us,25.778322
0.84681356,,0.91283858,24.3,24.1,with,26,en-us,25.778322
0.84681356,,0.70640326,24.6,24.3,some,26,en-us,25.778322
0.84681356,,0.71008772,25.3,24.6,restrictions,26,en-us,25.778322
0.67115831, and more over than that the Koreans has already decided to un Refugee convention in 1991 22,0.91283858,27.4,26.8,and,26,en-us,41.594105
0.67115831,,0.35210198,28.4,27.9,more,26,en-us,41.594105
0.67115831,,0.35210198,28.6,28.4,over,26,en-us,41.594105
0.67115831,,0.91283858,28.8,28.6,than,26,en-us,41.594105
0.67115831,,0.65975511,29.1,28.8,that,26,en-us,41.594105
0.67115831,,0.67874551,29.4,29.1,the,26,en-us,41.594105
0.67115831,,0.8039254,30.1,29.4,Koreans,26,en-us,41.594105
0.67115831,,0.91283858,31.1,30.8,has,26,en-us,41.594105
0.67115831,,0.65975511,31.4,31.1,already,26,en-us,41.594105
0.67115831,,0.56784654,32.2,31.4,decided,26,en-us,41.594105
0.67115831,,0.35210198,32.4,32.2,to,26,en-us,41.594105
0.67115831,,0.8675108,32.9,32.4,un,26,en-us,41.594105
0.67115831,,0.69266742,33.6,32.9,Refugee,26,en-us,41.594105
0.67115831,,0.5068832,34.4,33.6,convention,26,en-us,41.594105
0.67115831,,0.35210198,34.7,34.4,in,26,en-us,41.594105
0.67115831,,0.91283858,35.4,34.7,1991,26,en-us,41.594105
0.67115831,,0.91283858,38.2,37.5,22,26,en-us,41.594105
0.86648917," to approve or to guarantee the status of refugee in the state something that has and also to compare to another country in Europe and Country like Germany does have more very crisis in the refugee problems or issues more than 700,000 but in Korean agreement is",0.91283858,42.8,42.7,to,26,en-us,72.443901
0.86648917,,0.91283858,43.5,42.8,approve,26,en-us,72.443901
0.86648917,,0.91283858,43.9,43.5,or,26,en-us,72.443901
0.86648917,,0.91283858,44.8,43.9,to,26,en-us,72.443901
0.86648917,,0.91283858,46.1,45.7,guarantee,26,en-us,72.443901
0.86648917,,0.91283858,46.3,46.1,the,26,en-us,72.443901
0.86648917,,0.91283858,46.8,46.3,status,26,en-us,72.443901
0.86648917,,0.91283858,46.9,46.8,of,26,en-us,72.443901
0.86648917,,0.91283858,47.6,46.9,refugee,26,en-us,72.443901
0.86648917,,0.91283858,49,48.8,in,26,en-us,72.443901
0.86648917,,0.91283858,49,49,the,26,en-us,72.443901
0.86648917,,0.91283858,49.6,49,state,26,en-us,72.443901
0.86648917,,0.91283858,50.4,50,something,26,en-us,72.443901
0.86648917,,0.91283858,50.6,50.4,that,26,en-us,72.443901
0.86648917,,0.91283858,51.1,50.6,has,26,en-us,72.443901
0.86648917,,0.91283858,51.5,51.3,and,26,en-us,72.443901
0.86648917,,0.91283858,52.2,51.5,also,26,en-us,72.443901
0.86648917,,0.91283858,53.3,53.1,to,26,en-us,72.443901
0.86648917,,0.91283858,53.9,53.3,compare,26,en-us,72.443901
0.86648917,,0.91283858,54.3,53.9,to,26,en-us,72.443901
0.86648917,,0.91283858,55,54.4,another,26,en-us,72.443901
0.86648917,,0.91283858,55.8,55,country,26,en-us,72.443901
0.86648917,,0.91283858,56.1,55.8,in,26,en-us,72.443901
0.86648917,,0.70075685,56.5,56.1,Europe,26,en-us,72.443901
0.86648917,,0.67037207,56.6,56.5,and,26,en-us,72.443901
0.86648917,,0.91283858,56.9,56.6,Country,26,en-us,72.443901
0.86648917,,0.90146631,57.2,56.9,like,26,en-us,72.443901
0.86648917,,0.78183645,57.9,57.2,Germany,26,en-us,72.443901
0.86648917,,0.90146631,58.5,58.2,does,26,en-us,72.443901
0.86648917,,0.75337219,59,58.5,have,26,en-us,72.443901
0.86648917,,0.7262938,59.8,59.3,more,26,en-us,72.443901
0.86648917,,0.91283858,60.2,59.8,very,26,en-us,72.443901
0.86648917,,0.87763804,60.8,60.2,crisis,26,en-us,72.443901
0.86648917,,0.91283858,61.8,61.6,in,26,en-us,72.443901
0.86648917,,0.7262938,62,61.8,the,26,en-us,72.443901
0.86648917,,0.84773427,62.6,62,refugee,26,en-us,72.443901
0.86648917,,0.91283858,63.2,62.6,problems,26,en-us,72.443901
0.86648917,,0.91283858,63.4,63.2,or,26,en-us,72.443901
0.86648917,,0.70981538,64,63.4,issues,26,en-us,72.443901
0.86648917,,0.71618462,66.4,65.7,more,26,en-us,72.443901
0.86648917,,0.70088863,66.9,66.4,than,26,en-us,72.443901
0.86648917,,0.91283858,69.1,67.8,"700,000",26,en-us,72.443901
0.86648917,,0.77344507,71.1,70.7,but,26,en-us,72.443901
0.86648917,,0.91283858,71.2,71.1,in,26,en-us,72.443901
0.86648917,,0.91283858,71.7,71.2,Korean,26,en-us,72.443901
0.86648917,,0.72660029,72.1,71.7,agreement,26,en-us,72.443901
0.86648917,,0.91283858,72.2,72.1,is,26,en-us,72.443901
0.7036531, geez is only 550 people so it is the first thing that I think the Korean government should accept this group of refugees,0.47254488,72.8,72.5,geez,26,en-us,83.098006
0.7036531,,0.63642853,73.1,72.8,is,26,en-us,83.098006
0.7036531,,0.57826072,73.6,73.1,only,26,en-us,83.098006
0.7036531,,0.72676247,75,73.6,550,26,en-us,83.098006
0.7036531,,0.662238,75.6,75.1,people,26,en-us,83.098006
0.7036531,,0.66226614,76.1,75.6,so,26,en-us,83.098006
0.7036531,,0.65318596,76.7,76.1,it,26,en-us,83.098006
0.7036531,,0.50758117,77,76.7,is,26,en-us,83.098006
0.7036531,,0.67813325,77.1,77,the,26,en-us,83.098006
0.7036531,,0.72922671,77.3,77.1,first,26,en-us,83.098006
0.7036531,,0.68631256,77.5,77.3,thing,26,en-us,83.098006
0.7036531,,0.54745138,77.8,77.5,that,26,en-us,83.098006
0.7036531,,0.91283858,77.9,77.8,I,26,en-us,83.098006
0.7036531,,0.61166728,78.4,77.9,think,26,en-us,83.098006
0.7036531,,0.91283858,79.2,79.1,the,26,en-us,83.098006
0.7036531,,0.91283858,79.6,79.2,Korean,26,en-us,83.098006
0.7036531,,0.69349748,80,79.6,government,26,en-us,83.098006
0.7036531,,0.71984029,80.5,80,should,26,en-us,83.098006
0.7036531,,0.91283858,81,80.5,accept,26,en-us,83.098006
0.7036531,,0.57725328,81.4,81,this,26,en-us,83.098006
0.7036531,,0.91283858,81.8,81.4,group,26,en-us,83.098006
0.7036531,,0.91283858,81.9,81.8,of,26,en-us,83.098006
0.7036531,,0.56433749,82.5,81.9,refugees,26,en-us,83.098006
0.84842211, okay yeah that I agree with you with that okay Korean just side of convention in 1991 but,0.91283858,86.9,86.3,okay,25,en-us,96.558459
0.84842211,,0.91283858,88.5,87.9,yeah,25,en-us,96.558459
0.84842211,,0.91283858,89,88.5,that,25,en-us,96.558459
0.84842211,,0.91283858,89.9,89.5,I,25,en-us,96.558459
0.84842211,,0.91283858,90.2,89.9,agree,25,en-us,96.558459
0.84842211,,0.91283858,90.4,90.2,with,25,en-us,96.558459
0.84842211,,0.91283858,90.5,90.4,you,25,en-us,96.558459
0.84842211,,0.91283858,90.7,90.5,with,25,en-us,96.558459
0.84842211,,0.91283858,91.1,90.7,that,25,en-us,96.558459
0.84842211,,0.91283858,91.6,91.2,okay,25,en-us,96.558459
0.84842211,,0.76100802,92,91.6,Korean,25,en-us,96.558459
0.84842211,,0.70084345,92.2,92,just,25,en-us,96.558459
0.84842211,,0.70084345,92.5,92.2,side,25,en-us,96.558459
0.84842211,,0.70084345,92.6,92.5,of,25,en-us,96.558459
0.84842211,,0.91283858,93.1,92.6,convention,25,en-us,96.558459
0.84842211,,0.72921139,93.6,93.1,in,25,en-us,96.558459
0.84842211,,0.91283858,95.1,93.8,1991,25,en-us,96.558459
0.84842211,,0.72478259,96.2,95.5,but,25,en-us,96.558459
0.88071185, I just think that it's like a special case for the Koreans who have like their their bodies the is like with the XO phobia sometimes and they're just like care about the conditioned living so I think if you think about your population first and there are some so very that have or these away that there are more populous proportion of Korean population so I just,0.91283858,97.4,97.3,I,25,en-us,126.8971
0.88071185,,0.91283858,97.7,97.4,just,25,en-us,126.8971
0.88071185,,0.91283858,97.9,97.7,think,25,en-us,126.8971
0.88071185,,0.91283858,98.3,97.9,that,25,en-us,126.8971
0.88071185,,0.91283858,98.8,98.5,it's,25,en-us,126.8971
0.88071185,,0.91283858,99,98.8,like,25,en-us,126.8971
0.88071185,,0.91283858,99.1,99,a,25,en-us,126.8971
0.88071185,,0.91283858,99.6,99.1,special,25,en-us,126.8971
0.88071185,,0.91283858,100.3,99.6,case,25,en-us,126.8971
0.88071185,,0.91283858,101.1,100.6,for,25,en-us,126.8971
0.88071185,,0.91283858,101.5,101.1,the,25,en-us,126.8971
0.88071185,,0.91283858,102.3,101.5,Koreans,25,en-us,126.8971
0.88071185,,0.91283858,102.7,102.6,who,25,en-us,126.8971
0.88071185,,0.91283858,103,102.7,have,25,en-us,126.8971
0.88071185,,0.91283858,103.3,103,like,25,en-us,126.8971
0.88071185,,0.91283858,104.3,103.8,their,25,en-us,126.8971
0.88071185,,0.91283858,105.3,105.1,their,25,en-us,126.8971
0.88071185,,0.91283858,105.8,105.3,bodies,25,en-us,126.8971
0.88071185,,0.91283858,106,105.8,the,25,en-us,126.8971
0.88071185,,0.91283858,106.1,106,is,25,en-us,126.8971
0.88071185,,0.91283858,106.6,106.1,like,25,en-us,126.8971
0.88071185,,0.91283858,106.9,106.7,with,25,en-us,126.8971
0.88071185,,0.91283858,107.3,106.9,the,25,en-us,126.8971
0.88071185,,0.91283858,107.9,107.7,XO,25,en-us,126.8971
0.88071185,,0.91283858,108.4,107.9,phobia,25,en-us,126.8971
0.88071185,,0.91283858,109.2,108.4,sometimes,25,en-us,126.8971
0.88071185,,0.91283858,109.9,109.6,and,25,en-us,126.8971
0.88071185,,0.91283858,110,109.9,they're,25,en-us,126.8971
0.88071185,,0.91283858,110.2,110,just,25,en-us,126.8971
0.88071185,,0.91283858,110.7,110.2,like,25,en-us,126.8971
0.88071185,,0.91283858,112.3,111.7,care,25,en-us,126.8971
0.88071185,,0.91283858,112.7,112.3,about,25,en-us,126.8971
0.88071185,,0.91283858,113,112.7,the,25,en-us,126.8971
0.88071185,,0.91283858,113.4,113,conditioned,25,en-us,126.8971
0.88071185,,0.91283858,113.9,113.4,living,25,en-us,126.8971
0.88071185,,0.91283858,114.3,113.9,so,25,en-us,126.8971
0.88071185,,0.91283858,114.4,114.3,I,25,en-us,126.8971
0.88071185,,0.91283858,114.7,114.4,think,25,en-us,126.8971
0.88071185,,0.91283858,114.9,114.7,if,25,en-us,126.8971
0.88071185,,0.91283858,115,114.9,you,25,en-us,126.8971
0.88071185,,0.91283858,115.3,115,think,25,en-us,126.8971
0.88071185,,0.91283858,115.6,115.3,about,25,en-us,126.8971
0.88071185,,0.91283858,115.7,115.6,your,25,en-us,126.8971
0.88071185,,0.91283858,116.3,115.7,population,25,en-us,126.8971
0.88071185,,0.91283858,116.9,116.3,first,25,en-us,126.8971
0.88071185,,0.91283858,117.7,117.3,and,25,en-us,126.8971
0.88071185,,0.91283858,117.9,117.7,there,25,en-us,126.8971
0.88071185,,0.91283858,118,117.9,are,25,en-us,126.8971
0.88071185,,0.91283858,118.2,118,some,25,en-us,126.8971
0.88071185,,0.91283858,118.4,118.2,so,25,en-us,126.8971
0.88071185,,0.91283858,118.6,118.4,very,25,en-us,126.8971
0.88071185,,0.91283858,119.1,118.6,that,25,en-us,126.8971
0.88071185,,0.91283858,119.6,119.1,have,25,en-us,126.8971
0.88071185,,0.90464956,119.8,119.6,or,25,en-us,126.8971
0.88071185,,0.90464967,120,119.8,these,25,en-us,126.8971
0.88071185,,0.90448087,120.3,120,away,25,en-us,126.8971
0.88071185,,0.91283858,120.8,120.3,that,25,en-us,126.8971
0.88071185,,0.72616935,121.6,121.3,there,25,en-us,126.8971
0.88071185,,0.72616935,121.8,121.6,are,25,en-us,126.8971
0.88071185,,0.88196522,122.5,121.9,more,25,en-us,126.8971
0.88071185,,0.49071035,123.2,122.5,populous,25,en-us,126.8971
0.88071185,,0.78517753,124.3,123.6,proportion,25,en-us,126.8971
0.88071185,,0.5773229,124.6,124.3,of,25,en-us,126.8971
0.88071185,,0.91283858,124.9,124.6,Korean,25,en-us,126.8971
0.88071185,,0.66565579,125.6,124.9,population,25,en-us,126.8971
0.88071185,,0.71843916,126,125.6,so,25,en-us,126.8971
0.88071185,,0.70549238,126.1,126,I,25,en-us,126.8971
0.88071185,,0.6914134,126.6,126.1,just,25,en-us,126.8971
0.71747935, thing that if you just do four,0.6078251,127.9,127.5,thing,25,en-us,132.138958
0.71747935,,0.72681057,128.4,127.9,that,25,en-us,132.138958
0.71747935,,0.88985115,128.7,128.4,if,25,en-us,132.138958
0.71747935,,0.7097944,129.3,128.7,you,25,en-us,132.138958
0.71747935,,0.64964789,130.5,129.9,just,25,en-us,132.138958
0.71747935,,0.72681057,131,130.5,do,25,en-us,132.138958
0.71747935,,0.7116155,131.7,131,four,25,en-us,132.138958
0.89289218, follow the convention is not the best way to be the good just for the country but you have to look and take care your place and also it was like,0.91283858,133.6,133.3,follow,25,en-us,145.689617
0.89289218,,0.91283858,133.7,133.6,the,25,en-us,145.689617
0.89289218,,0.91283858,134.6,133.7,convention,25,en-us,145.689617
0.89289218,,0.91283858,135.1,134.7,is,25,en-us,145.689617
0.89289218,,0.91283858,136,135.6,not,25,en-us,145.689617
0.89289218,,0.91283858,136.2,136,the,25,en-us,145.689617
0.89289218,,0.91283858,136.6,136.2,best,25,en-us,145.689617
0.89289218,,0.91283858,136.9,136.6,way,25,en-us,145.689617
0.89289218,,0.91283858,137.5,136.9,to,25,en-us,145.689617
0.89289218,,0.91283858,138.1,137.8,be,25,en-us,145.689617
0.89289218,,0.91283858,138.6,138.1,the,25,en-us,145.689617
0.89289218,,0.83020341,139.5,138.9,good,25,en-us,145.689617
0.89289218,,0.88367552,140.1,139.9,just,25,en-us,145.689617
0.89289218,,0.91283858,140.3,140.1,for,25,en-us,145.689617
0.89289218,,0.91283858,140.4,140.3,the,25,en-us,145.689617
0.89289218,,0.87906891,141,140.4,country,25,en-us,145.689617
0.89289218,,0.91283858,141.4,141.3,but,25,en-us,145.689617
0.89289218,,0.91283858,141.5,141.4,you,25,en-us,145.689617
0.89289218,,0.91283858,141.7,141.5,have,25,en-us,145.689617
0.89289218,,0.91283858,141.8,141.7,to,25,en-us,145.689617
0.89289218,,0.877047,142.3,141.8,look,25,en-us,145.689617
0.89289218,,0.91283858,142.7,142.5,and,25,en-us,145.689617
0.89289218,,0.91283858,142.9,142.7,take,25,en-us,145.689617
0.89289218,,0.90448016,143.2,142.9,care,25,en-us,145.689617
0.89289218,,0.91283858,143.4,143.2,your,25,en-us,145.689617
0.89289218,,0.91283858,143.7,143.4,place,25,en-us,145.689617
0.89289218,,0.90940666,143.9,143.7,and,25,en-us,145.689617
0.89289218,,0.86922884,144.4,143.9,also,25,en-us,145.689617
0.89289218,,0.78053403,144.6,144.4,it,25,en-us,145.689617
0.89289218,,0.75204617,144.8,144.6,was,25,en-us,145.689617
0.89289218,,0.82435811,145.2,144.8,like,25,en-us,145.689617
0.91283858, if you,0.91283858,147.2,146.9,if,25,en-us,148.465898
0.91283858,,0.91283858,147.8,147.2,you,25,en-us,148.465898
0.91283858, listen your people first,0.91283858,150.2,149.7,listen,25,en-us,152.124175
0.91283858,,0.91283858,150.7,150.2,your,25,en-us,152.124175
0.91283858,,0.91283858,151.3,150.7,people,25,en-us,152.124175
0.91283858,,0.91283858,151.8,151.3,first,25,en-us,152.124175
0.88382757, it will be good so I think it's not good if we accept all yemenis gratuities at Jeju Island yeah,0.91283858,153.2,152.9,it,25,en-us,162.056646
0.88382757,,0.91283858,153.3,153.2,will,25,en-us,162.056646
0.88382757,,0.91283858,153.5,153.3,be,25,en-us,162.056646
0.88382757,,0.91283858,153.9,153.5,good,25,en-us,162.056646
0.88382757,,0.91283858,154.1,153.9,so,25,en-us,162.056646
0.88382757,,0.91283858,154.2,154.1,I,25,en-us,162.056646
0.88382757,,0.91283858,154.5,154.2,think,25,en-us,162.056646
0.88382757,,0.91283858,154.7,154.5,it's,25,en-us,162.056646
0.88382757,,0.91283858,155,154.7,not,25,en-us,162.056646
0.88382757,,0.91283858,155.3,155,good,25,en-us,162.056646
0.88382757,,0.91283858,155.7,155.3,if,25,en-us,162.056646
0.88382757,,0.91283858,156.3,156,we,25,en-us,162.056646
0.88382757,,0.91283858,156.7,156.3,accept,25,en-us,162.056646
0.88382757,,0.91283858,157,156.7,all,25,en-us,162.056646
0.88382757,,0.91283858,157.7,157,yemenis,25,en-us,162.056646
0.88382757,,0.9089449,158.8,158.1,gratuities,25,en-us,162.056646
0.88382757,,0.72107804,159.1,159,at,25,en-us,162.056646
0.88382757,,0.90046251,159.5,159.1,Jeju,25,en-us,162.056646
0.88382757,,0.72689408,159.9,159.5,Island,25,en-us,162.056646
0.88382757,,0.72659075,161.1,160.6,yeah,25,en-us,162.056646
0.73828775, but I think do appropriate of the refugees in Korean butter with your vested actually is just 2.4% from 1994 the sin that the first time that Korea and South Korean government except the a refugee and but,0.91283858,163.1,162.6,but,26,en-us,187.824945
0.73828775,,0.91283858,164.1,164,I,26,en-us,187.824945
0.73828775,,0.91283858,164.6,164.1,think,26,en-us,187.824945
0.73828775,,0.91283858,165.2,164.6,do,26,en-us,187.824945
0.73828775,,0.91283858,166.6,165.3,appropriate,26,en-us,187.824945
0.73828775,,0.91283858,167.2,167,of,26,en-us,187.824945
0.73828775,,0.76511049,167.9,167.2,the,26,en-us,187.824945
0.73828775,,0.91283858,169.5,168.8,refugees,26,en-us,187.824945
0.73828775,,0.89017016,170.1,169.7,in,26,en-us,187.824945
0.73828775,,0.83582383,170.5,170.1,Korean,26,en-us,187.824945
0.73828775,,0.62871289,171,170.5,butter,26,en-us,187.824945
0.73828775,,0.85703105,171.3,171,with,26,en-us,187.824945
0.73828775,,0.73357815,171.5,171.3,your,26,en-us,187.824945
0.73828775,,0.72417086,172.2,171.5,vested,26,en-us,187.824945
0.73828775,,0.70908487,172.7,172.4,actually,26,en-us,187.824945
0.73828775,,0.67435491,173,172.7,is,26,en-us,187.824945
0.73828775,,0.54374671,173.5,173,just,26,en-us,187.824945
0.73828775,,0.91283858,175.1,174.5,2.40%,26,en-us,187.824945
0.73828775,,0.61572212,177.3,177,from,26,en-us,187.824945
0.73828775,,0.72368461,178.5,177.3,1994,26,en-us,187.824945
0.73828775,,0.91283858,179,178.9,the,26,en-us,187.824945
0.73828775,,0.7010861,179.2,179,sin,26,en-us,187.824945
0.73828775,,0.47693935,179.8,179.2,that,26,en-us,187.824945
0.73828775,,0.69569451,180.3,180.1,the,26,en-us,187.824945
0.73828775,,0.76330459,180.6,180.3,first,26,en-us,187.824945
0.73828775,,0.84288633,180.8,180.6,time,26,en-us,187.824945
0.73828775,,0.43494505,181.2,180.8,that,26,en-us,187.824945
0.73828775,,0.91283858,181.6,181.2,Korea,26,en-us,187.824945
0.73828775,,0.48434266,181.7,181.6,and,26,en-us,187.824945
0.73828775,,0.91283858,181.9,181.7,South,26,en-us,187.824945
0.73828775,,0.71773797,182.1,181.9,Korean,26,en-us,187.824945
0.73828775,,0.61459798,182.6,182.1,government,26,en-us,187.824945
0.73828775,,0.72109181,182.9,182.6,except,26,en-us,187.824945
0.73828775,,0.53281265,183.4,182.9,the,26,en-us,187.824945
0.73828775,,0.34883893,184,183.8,a,26,en-us,187.824945
0.73828775,,0.71773797,184.6,184,refugee,26,en-us,187.824945
0.73828775,,0.57048285,185.9,185.3,and,26,en-us,187.824945
0.73828775,,0.69002849,187.1,186.6,but,26,en-us,187.824945
0.89703178, actually it's fun up to none up until now the government also consider walls of the South Korean citizens and by that by the consider that they are requirement already put their game in citizen I already miss traveler or citizen that want to come into Korean have to get some result before but so I think this,0.91283858,188.8,188.4,actually,26,en-us,218.10345
0.89703178,,0.91283858,189,188.8,it's,26,en-us,218.10345
0.89703178,,0.91283858,189.3,189,fun,26,en-us,218.10345
0.89703178,,0.91283858,189.6,189.3,up,26,en-us,218.10345
0.89703178,,0.91283858,189.8,189.6,to,26,en-us,218.10345
0.89703178,,0.91283858,190.2,189.8,none,26,en-us,218.10345
0.89703178,,0.91283858,190.4,190.2,up,26,en-us,218.10345
0.89703178,,0.91283858,190.7,190.4,until,26,en-us,218.10345
0.89703178,,0.91283858,191.2,190.7,now,26,en-us,218.10345
0.89703178,,0.91283858,191.7,191.3,the,26,en-us,218.10345
0.89703178,,0.91283858,192.3,191.7,government,26,en-us,218.10345
0.89703178,,0.91283858,193.5,192.3,also,26,en-us,218.10345
0.89703178,,0.91283858,194.6,193.5,consider,26,en-us,218.10345
0.89703178,,0.91283858,195.2,194.8,walls,26,en-us,218.10345
0.89703178,,0.91283858,195.7,195.2,of,26,en-us,218.10345
0.89703178,,0.91283858,196.1,196,the,26,en-us,218.10345
0.89703178,,0.91283858,196.3,196.1,South,26,en-us,218.10345
0.89703178,,0.91283858,196.5,196.3,Korean,26,en-us,218.10345
0.89703178,,0.91283858,197.2,196.5,citizens,26,en-us,218.10345
0.89703178,,0.91283858,198.6,197.7,and,26,en-us,218.10345
0.89703178,,0.91283858,198.8,198.6,by,26,en-us,218.10345
0.89703178,,0.91283858,199.3,198.8,that,26,en-us,218.10345
0.89703178,,0.91283858,199.8,199.3,by,26,en-us,218.10345
0.89703178,,0.91283858,200.2,200,the,26,en-us,218.10345
0.89703178,,0.91283858,200.6,200.2,consider,26,en-us,218.10345
0.89703178,,0.91283858,201,200.6,that,26,en-us,218.10345
0.89703178,,0.91283858,201.5,201,they,26,en-us,218.10345
0.89703178,,0.91283858,202.1,202,are,26,en-us,218.10345
0.89703178,,0.91283858,202.7,202.1,requirement,26,en-us,218.10345
0.89703178,,0.91283858,203.5,202.7,already,26,en-us,218.10345
0.89703178,,0.91283858,204.3,204,put,26,en-us,218.10345
0.89703178,,0.91283858,204.9,204.3,their,26,en-us,218.10345
0.89703178,,0.91283858,206.2,206,game,26,en-us,218.10345
0.89703178,,0.91283858,206.6,206.2,in,26,en-us,218.10345
0.89703178,,0.91283858,207.5,206.8,citizen,26,en-us,218.10345
0.89703178,,0.91283858,208.1,208,I,26,en-us,218.10345
0.89703178,,0.91283858,208.4,208.1,already,26,en-us,218.10345
0.89703178,,0.91283858,208.7,208.4,miss,26,en-us,218.10345
0.89703178,,0.91283858,209.2,208.7,traveler,26,en-us,218.10345
0.89703178,,0.91283858,209.3,209.2,or,26,en-us,218.10345
0.89703178,,0.73559022,209.8,209.3,citizen,26,en-us,218.10345
0.89703178,,0.88343602,210.2,209.8,that,26,en-us,218.10345
0.89703178,,0.85869282,210.9,210.5,want,26,en-us,218.10345
0.89703178,,0.79807329,211.4,210.9,to,26,en-us,218.10345
0.89703178,,0.91051292,211.9,211.6,come,26,en-us,218.10345
0.89703178,,0.87490582,212.2,211.9,into,26,en-us,218.10345
0.89703178,,0.91283858,212.8,212.2,Korean,26,en-us,218.10345
0.89703178,,0.91283858,213.2,212.9,have,26,en-us,218.10345
0.89703178,,0.90432912,213.3,213.2,to,26,en-us,218.10345
0.89703178,,0.91283858,213.5,213.3,get,26,en-us,218.10345
0.89703178,,0.91283858,213.7,213.5,some,26,en-us,218.10345
0.89703178,,0.91283858,214.3,213.7,result,26,en-us,218.10345
0.89703178,,0.77031446,215,214.4,before,26,en-us,218.10345
0.89703178,,0.87797582,216.6,216.1,but,26,en-us,218.10345
0.89703178,,0.81301302,217.2,216.8,so,26,en-us,218.10345
0.89703178,,0.91283858,217.3,217.2,I,26,en-us,218.10345
0.89703178,,0.79844368,217.6,217.3,think,26,en-us,218.10345
0.89703178,,0.8120032,217.9,217.6,this,26,en-us,218.10345
0.8861838, this is a slider easiest way for now to deal with this problem and about the signal for beer that you rest I think this stating that if Korean want to be in the Lea Archery internationalized Country or developed country we have or the government's have to educate the currency teaching people how to living in a globalization work,0.91283858,218.6,218.3,this,26,en-us,247.900865
0.8861838,,0.91283858,218.8,218.6,is,26,en-us,247.900865
0.8861838,,0.91283858,219.3,218.8,a,26,en-us,247.900865
0.8861838,,0.91283858,220.1,219.4,slider,26,en-us,247.900865
0.8861838,,0.91283858,220.6,220.2,easiest,26,en-us,247.900865
0.8861838,,0.91283858,220.9,220.6,way,26,en-us,247.900865
0.8861838,,0.91283858,221.1,220.9,for,26,en-us,247.900865
0.8861838,,0.91283858,221.4,221.1,now,26,en-us,247.900865
0.8861838,,0.91283858,222.1,221.4,to,26,en-us,247.900865
0.8861838,,0.91283858,222.9,222.6,deal,26,en-us,247.900865
0.8861838,,0.91283858,223.2,222.9,with,26,en-us,247.900865
0.8861838,,0.91283858,223.5,223.2,this,26,en-us,247.900865
0.8861838,,0.91283858,224.2,223.5,problem,26,en-us,247.900865
0.8861838,,0.91283858,225.3,224.7,and,26,en-us,247.900865
0.8861838,,0.91283858,225.9,225.6,about,26,en-us,247.900865
0.8861838,,0.91283858,226,225.9,the,26,en-us,247.900865
0.8861838,,0.91283858,226.4,226,signal,26,en-us,247.900865
0.8861838,,0.91283858,226.6,226.4,for,26,en-us,247.900865
0.8861838,,0.91283858,227.2,226.6,beer,26,en-us,247.900865
0.8861838,,0.91283858,228.4,228,that,26,en-us,247.900865
0.8861838,,0.91283858,228.9,228.4,you,26,en-us,247.900865
0.8861838,,0.91283858,229.5,228.9,rest,26,en-us,247.900865
0.8861838,,0.91283858,230.3,230.1,I,26,en-us,247.900865
0.8861838,,0.91283858,230.7,230.3,think,26,en-us,247.900865
0.8861838,,0.91283858,231,230.7,this,26,en-us,247.900865
0.8861838,,0.91283858,231.8,231.2,stating,26,en-us,247.900865
0.8861838,,0.91283858,232.2,231.8,that,26,en-us,247.900865
0.8861838,,0.91283858,232.7,232.3,if,26,en-us,247.900865
0.8861838,,0.91283858,233.9,233.3,Korean,26,en-us,247.900865
0.8861838,,0.91283858,234.2,233.9,want,26,en-us,247.900865
0.8861838,,0.91283858,234.3,234.2,to,26,en-us,247.900865
0.8861838,,0.91283858,234.6,234.3,be,26,en-us,247.900865
0.8861838,,0.91283858,235,234.6,in,26,en-us,247.900865
0.8861838,,0.91283858,235.3,235.1,the,26,en-us,247.900865
0.8861838,,0.91283858,235.6,235.3,Lea,26,en-us,247.900865
0.8861838,,0.91283858,236.1,235.6,Archery,26,en-us,247.900865
0.8861838,,0.91283858,237.3,236.1,internationalized,26,en-us,247.900865
0.8861838,,0.91283858,237.9,237.3,Country,26,en-us,247.900865
0.8861838,,0.91283858,238.1,237.9,or,26,en-us,247.900865
0.8861838,,0.91283858,238.4,238.1,developed,26,en-us,247.900865
0.8861838,,0.91283858,239,238.4,country,26,en-us,247.900865
0.8861838,,0.91283858,240,239.7,we,26,en-us,247.900865
0.8861838,,0.91283858,240.6,240,have,26,en-us,247.900865
0.8861838,,0.91283858,241.2,240.6,or,26,en-us,247.900865
0.8861838,,0.72906774,241.5,241.2,the,26,en-us,247.900865
0.8861838,,0.72826958,242.1,241.5,government's,26,en-us,247.900865
0.8861838,,0.91283858,242.4,242.1,have,26,en-us,247.900865
0.8861838,,0.91283858,242.5,242.4,to,26,en-us,247.900865
0.8861838,,0.79639423,243,242.5,educate,26,en-us,247.900865
0.8861838,,0.71440136,243.4,243,the,26,en-us,247.900865
0.8861838,,0.91283858,243.9,243.5,currency,26,en-us,247.900865
0.8861838,,0.91283858,244.2,243.9,teaching,26,en-us,247.900865
0.8861838,,0.73535389,244.7,244.2,people,26,en-us,247.900865
0.8861838,,0.77017117,245,244.7,how,26,en-us,247.900865
0.8861838,,0.72071189,245.3,245,to,26,en-us,247.900865
0.8861838,,0.8380717,245.9,245.3,living,26,en-us,247.900865
0.8861838,,0.91283858,246.3,246.1,in,26,en-us,247.900865
0.8861838,,0.91283858,246.3,246.3,a,26,en-us,247.900865
0.8861838,,0.76761067,247.1,246.3,globalization,26,en-us,247.900865
0.8861838,,0.72906238,247.6,247.1,work,26,en-us,247.900865
0.77855194, I just put the SS right away sir topics now first it's like you say Korean government has put the human to the result list but it's like if you have like another country's or like a cider just do like this again so it's just like,0.91283858,253.4,253.3,I,25,en-us,276.826309
0.77855194,,0.91283858,253.7,253.4,just,25,en-us,276.826309
0.77855194,,0.91283858,254.1,253.7,put,25,en-us,276.826309
0.77855194,,0.91283858,254.3,254.1,the,25,en-us,276.826309
0.77855194,,0.7278437,255.8,255.5,SS,25,en-us,276.826309
0.77855194,,0.91283858,256,255.8,right,25,en-us,276.826309
0.77855194,,0.90055525,256.3,256,away,25,en-us,276.826309
0.77855194,,0.77305496,256.9,256.3,sir,25,en-us,276.826309
0.77855194,,0.91283858,258.4,257.8,topics,25,en-us,276.826309
0.77855194,,0.82660156,258.8,258.4,now,25,en-us,276.826309
0.77855194,,0.91283858,259.2,258.8,first,25,en-us,276.826309
0.77855194,,0.91283858,259.4,259.2,it's,25,en-us,276.826309
0.77855194,,0.72809529,259.9,259.4,like,25,en-us,276.826309
0.77855194,,0.91283858,260.5,260.3,you,25,en-us,276.826309
0.77855194,,0.74109429,261.3,260.5,say,25,en-us,276.826309
0.77855194,,0.76467776,262.7,261.9,Korean,25,en-us,276.826309
0.77855194,,0.77160102,263.2,262.7,government,25,en-us,276.826309
0.77855194,,0.76784408,263.3,263.2,has,25,en-us,276.826309
0.77855194,,0.91283858,263.6,263.3,put,25,en-us,276.826309
0.77855194,,0.88000655,263.7,263.6,the,25,en-us,276.826309
0.77855194,,0.76150137,264,263.7,human,25,en-us,276.826309
0.77855194,,0.91283858,264.1,264,to,25,en-us,276.826309
0.77855194,,0.76784402,264.2,264.1,the,25,en-us,276.826309
0.77855194,,0.91283858,264.7,264.2,result,25,en-us,276.826309
0.77855194,,0.72654909,265.1,264.7,list,25,en-us,276.826309
0.77855194,,0.85926503,266.5,265.9,but,25,en-us,276.826309
0.77855194,,0.91283858,267,266.8,it's,25,en-us,276.826309
0.77855194,,0.78669631,267.5,267,like,25,en-us,276.826309
0.77855194,,0.89805436,268.3,268,if,25,en-us,276.826309
0.77855194,,0.89805436,268.6,268.3,you,25,en-us,276.826309
0.77855194,,0.86548007,269.2,268.6,have,25,en-us,276.826309
0.77855194,,0.72770661,270.1,269.6,like,25,en-us,276.826309
0.77855194,,0.91283858,270.5,270.1,another,25,en-us,276.826309
0.77855194,,0.375,271.1,270.5,country's,25,en-us,276.826309
0.77855194,,0.72913772,271.5,271.1,or,25,en-us,276.826309
0.77855194,,0.66201586,271.9,271.5,like,25,en-us,276.826309
0.77855194,,0.69597358,272.1,272,a,25,en-us,276.826309
0.77855194,,0.6443907,272.7,272.1,cider,25,en-us,276.826309
0.77855194,,0.38623437,273.6,273.2,just,25,en-us,276.826309
0.77855194,,0.91283858,274.2,274.1,do,25,en-us,276.826309
0.77855194,,0.57706046,274.4,274.2,like,25,en-us,276.826309
0.77855194,,0.67677534,274.6,274.4,this,25,en-us,276.826309
0.77855194,,0.35102487,275,274.6,again,25,en-us,276.826309
0.77855194,,0.6443907,275.4,275,so,25,en-us,276.826309
0.77855194,,0.91283858,275.6,275.4,it's,25,en-us,276.826309
0.77855194,,0.61533606,275.9,275.6,just,25,en-us,276.826309
0.77855194,,0.45666099,276.3,275.9,like,25,en-us,276.826309
0.91235113, Commander being a refugee yeah it's like if some countries just like want to be their equities and comes and do like the yemenis as I think that if they just put the country in the list is not the best way it was the easiest way that yes but it's not the best one it's like,0.91283858,279.4,278.4,Commander,25,en-us,297.442953
0.91235113,,0.91283858,279.8,279.5,being,25,en-us,297.442953
0.91235113,,0.91283858,279.9,279.8,a,25,en-us,297.442953
0.91235113,,0.91283858,280.5,279.9,refugee,25,en-us,297.442953
0.91235113,,0.91283858,281.3,280.9,yeah,25,en-us,297.442953
0.91235113,,0.91283858,281.4,281.3,it's,25,en-us,297.442953
0.91235113,,0.91283858,281.8,281.4,like,25,en-us,297.442953
0.91235113,,0.91283858,282.3,282,if,25,en-us,297.442953
0.91235113,,0.91283858,282.5,282.3,some,25,en-us,297.442953
0.91235113,,0.91283858,282.9,282.5,countries,25,en-us,297.442953
0.91235113,,0.91283858,283,282.9,just,25,en-us,297.442953
0.91235113,,0.91283858,283.5,283,like,25,en-us,297.442953
0.91235113,,0.91283858,283.8,283.6,want,25,en-us,297.442953
0.91235113,,0.91283858,283.9,283.8,to,25,en-us,297.442953
0.91235113,,0.91283858,284,283.9,be,25,en-us,297.442953
0.91235113,,0.91283858,284.2,284,their,25,en-us,297.442953
0.91235113,,0.91283858,284.8,284.2,equities,25,en-us,297.442953
0.91235113,,0.91283858,285.3,285.1,and,25,en-us,297.442953
0.91235113,,0.91283858,285.8,285.3,comes,25,en-us,297.442953
0.91235113,,0.91283858,286,285.8,and,25,en-us,297.442953
0.91235113,,0.91283858,286.2,286,do,25,en-us,297.442953
0.91235113,,0.91283858,286.4,286.2,like,25,en-us,297.442953
0.91235113,,0.91283858,286.5,286.4,the,25,en-us,297.442953
0.91235113,,0.91283858,287.2,286.5,yemenis,25,en-us,297.442953
0.91235113,,0.91283858,288,287.8,as,25,en-us,297.442953
0.91235113,,0.91283858,288,288,I,25,en-us,297.442953
0.91235113,,0.91283858,288.2,288,think,25,en-us,297.442953
0.91235113,,0.91283858,288.6,288.2,that,25,en-us,297.442953
0.91235113,,0.91283858,289,288.6,if,25,en-us,297.442953
0.91235113,,0.91283858,290.3,289.5,they,25,en-us,297.442953
0.91235113,,0.91283858,291.1,290.8,just,25,en-us,297.442953
0.91235113,,0.91283858,291.3,291.1,put,25,en-us,297.442953
0.91235113,,0.91283858,291.4,291.3,the,25,en-us,297.442953
0.91235113,,0.91283858,291.8,291.4,country,25,en-us,297.442953
0.91235113,,0.91283858,291.9,291.8,in,25,en-us,297.442953
0.91235113,,0.91283858,292,291.9,the,25,en-us,297.442953
0.91235113,,0.91283858,292.3,292,list,25,en-us,297.442953
0.91235113,,0.89729297,292.4,292.3,is,25,en-us,297.442953
0.91235113,,0.90942639,292.6,292.4,not,25,en-us,297.442953
0.91235113,,0.91283858,292.7,292.6,the,25,en-us,297.442953
0.91235113,,0.91283858,293,292.7,best,25,en-us,297.442953
0.91235113,,0.91283858,293.2,293,way,25,en-us,297.442953
0.91235113,,0.91283858,293.4,293.2,it,25,en-us,297.442953
0.91235113,,0.91283858,293.6,293.4,was,25,en-us,297.442953
0.91235113,,0.91283858,293.7,293.6,the,25,en-us,297.442953
0.91235113,,0.91283858,294.2,293.7,easiest,25,en-us,297.442953
0.91235113,,0.91283858,294.3,294.2,way,25,en-us,297.442953
0.91235113,,0.91283858,294.6,294.3,that,25,en-us,297.442953
0.91235113,,0.91283858,295.1,294.6,yes,25,en-us,297.442953
0.91235113,,0.91283858,295.4,295.2,but,25,en-us,297.442953
0.91235113,,0.91283858,295.6,295.4,it's,25,en-us,297.442953
0.91235113,,0.91283858,295.8,295.6,not,25,en-us,297.442953
0.91235113,,0.91283858,295.8,295.8,the,25,en-us,297.442953
0.91235113,,0.91283858,296.1,295.8,best,25,en-us,297.442953
0.91235113,,0.91283858,296.4,296.1,one,25,en-us,297.442953
0.91235113,,0.91283858,296.6,296.4,it's,25,en-us,297.442953
0.91235113,,0.90402466,297,296.6,like,25,en-us,297.442953
0.91283852, if the there are a lot so the bezel it is like too long and it's not good for the image also yeah and to like,0.91283858,298.8,298.5,if,25,en-us,310.793157
0.91283852,,0.91283858,299.4,298.8,the,25,en-us,310.793157
0.91283852,,0.91283858,300.4,300,there,25,en-us,310.793157
0.91283852,,0.91283858,300.7,300.4,are,25,en-us,310.793157
0.91283852,,0.91283858,300.8,300.7,a,25,en-us,310.793157
0.91283852,,0.91283858,301.3,300.8,lot,25,en-us,310.793157
0.91283852,,0.91283858,302,301.4,so,25,en-us,310.793157
0.91283852,,0.91283858,302.1,302,the,25,en-us,310.793157
0.91283852,,0.91283858,302.4,302.1,bezel,25,en-us,310.793157
0.91283852,,0.91283858,302.6,302.4,it,25,en-us,310.793157
0.91283852,,0.91283858,302.8,302.6,is,25,en-us,310.793157
0.91283852,,0.91283858,303,302.8,like,25,en-us,310.793157
0.91283852,,0.91283858,303.2,303,too,25,en-us,310.793157
0.91283852,,0.91283858,303.8,303.2,long,25,en-us,310.793157
0.91283852,,0.91283858,304,303.8,and,25,en-us,310.793157
0.91283852,,0.91283858,304.1,304,it's,25,en-us,310.793157
0.91283852,,0.91283858,304.5,304.1,not,25,en-us,310.793157
0.91283852,,0.91283858,304.9,304.5,good,25,en-us,310.793157
0.91283852,,0.91283858,305.1,304.9,for,25,en-us,310.793157
0.91283852,,0.91283858,305.2,305.1,the,25,en-us,310.793157
0.91283852,,0.91283858,305.6,305.2,image,25,en-us,310.793157
0.91283852,,0.91283858,306.2,305.6,also,25,en-us,310.793157
0.91283852,,0.91283858,307.4,306.8,yeah,25,en-us,310.793157
0.91283852,,0.91283858,308.6,307.9,and,25,en-us,310.793157
0.91283852,,0.91283858,309.4,308.6,to,25,en-us,310.793157
0.91283852,,0.91283858,310,309.5,like,25,en-us,310.793157
0.91283852, we don't know like if we accept the refugee,0.91283858,312,311.9,we,25,en-us,318.941592
0.91283852,,0.91283858,312.1,312,don't,25,en-us,318.941592
0.91283852,,0.91283858,312.3,312.1,know,25,en-us,318.941592
0.91283852,,0.91283858,312.8,312.3,like,25,en-us,318.941592
0.91283852,,0.91283858,314.1,313.5,if,25,en-us,318.941592
0.91283852,,0.91283858,315.2,314.3,we,25,en-us,318.941592
0.91283852,,0.91283858,316.8,316.2,accept,25,en-us,318.941592
0.91283852,,0.91283858,317.5,316.8,the,25,en-us,318.941592
0.91283852,,0.91283858,318.3,317.6,refugee,25,en-us,318.941592
0.83865958, nothing can guarantee about Korean citizens life security and I think also is like the Privacy also so I think so yeah I also accept that for this comment about a researcher is and also the some highlighter for receive other citizenship of South Korea and but I think,0.91283858,320.1,319.7,nothing,26,en-us,349.470663
0.83865958,,0.91283858,320.3,320.1,can,26,en-us,349.470663
0.83865958,,0.91283858,321.2,320.3,guarantee,26,en-us,349.470663
0.83865958,,0.91283858,322.6,321.8,about,26,en-us,349.470663
0.83865958,,0.91283858,323.3,322.6,Korean,26,en-us,349.470663
0.83865958,,0.91283858,324.1,323.3,citizens,26,en-us,349.470663
0.83865958,,0.85236222,325.4,324.8,life,26,en-us,349.470663
0.83865958,,0.91283858,327.5,326.6,security,26,en-us,349.470663
0.83865958,,0.91283858,328.7,328,and,26,en-us,349.470663
0.83865958,,0.91283858,329.3,329.2,I,26,en-us,349.470663
0.83865958,,0.89904416,329.5,329.3,think,26,en-us,349.470663
0.83865958,,0.91283858,329.9,329.5,also,26,en-us,349.470663
0.83865958,,0.91283858,330.1,329.9,is,26,en-us,349.470663
0.83865958,,0.91283858,330.7,330.1,like,26,en-us,349.470663
0.83865958,,0.91283858,331.1,331,the,26,en-us,349.470663
0.83865958,,0.91283858,331.7,331.1,Privacy,26,en-us,349.470663
0.83865958,,0.91283858,332.1,331.7,also,26,en-us,349.470663
0.83865958,,0.91283858,333.1,332.9,so,26,en-us,349.470663
0.83865958,,0.91283858,333.1,333.1,I,26,en-us,349.470663
0.83865958,,0.91142184,333.5,333.1,think,26,en-us,349.470663
0.83865958,,0.91283858,333.6,333.5,so,26,en-us,349.470663
0.83865958,,0.85236251,335.3,334.8,yeah,26,en-us,349.470663
0.83865958,,0.85236222,336.2,336.2,I,26,en-us,349.470663
0.83865958,,0.90566105,336.9,336.2,also,26,en-us,349.470663
0.83865958,,0.91283858,337.4,337,accept,26,en-us,349.470663
0.83865958,,0.87760603,337.8,337.4,that,26,en-us,349.470663
0.83865958,,0.88928521,338.8,338.2,for,26,en-us,349.470663
0.83865958,,0.903332,339.3,338.9,this,26,en-us,349.470663
0.83865958,,0.91283858,339.6,339.3,comment,26,en-us,349.470663
0.83865958,,0.86632216,339.9,339.6,about,26,en-us,349.470663
0.83865958,,0.64194387,340,339.9,a,26,en-us,349.470663
0.83865958,,0.51617509,340.7,340,researcher,26,en-us,349.470663
0.83865958,,0.7076214,341.5,341.2,is,26,en-us,349.470663
0.83865958,,0.91283858,342.2,341.9,and,26,en-us,349.470663
0.83865958,,0.70745873,342.4,342.2,also,26,en-us,349.470663
0.83865958,,0.62602156,342.7,342.4,the,26,en-us,349.470663
0.83865958,,0.83551055,343,342.7,some,26,en-us,349.470663
0.83865958,,0.75904882,343.8,343,highlighter,26,en-us,349.470663
0.83865958,,0.91283858,344.2,344,for,26,en-us,349.470663
0.83865958,,0.91283858,344.5,344.2,receive,26,en-us,349.470663
0.83865958,,0.75759441,344.9,344.5,other,26,en-us,349.470663
0.83865958,,0.91283858,345.6,344.9,citizenship,26,en-us,349.470663
0.83865958,,0.68541759,345.9,345.6,of,26,en-us,349.470663
0.83865958,,0.91283858,346.2,345.9,South,26,en-us,349.470663
0.83865958,,0.7050525,346.7,346.2,Korea,26,en-us,349.470663
0.83865958,,0.50124723,347.5,347.3,and,26,en-us,349.470663
0.83865958,,0.70943457,348.1,347.5,but,26,en-us,349.470663
0.83865958,,0.72854984,348.5,348.4,I,26,en-us,349.470663
0.83865958,,0.58252865,349.3,348.5,think,26,en-us,349.470663
0.82129508, Florida to South Korea to policy of accepting a refugee is on is also already rigorous for that because of the rest of accepting it just only 2%,0.88718295,350.6,350.2,Florida,26,en-us,364.725175
0.82129508,,0.88718319,350.8,350.6,to,26,en-us,364.725175
0.82129508,,0.91283858,351.1,350.8,South,26,en-us,364.725175
0.82129508,,0.91283858,351.5,351.1,Korea,26,en-us,364.725175
0.82129508,,0.91283858,352.2,351.5,to,26,en-us,364.725175
0.82129508,,0.91283858,353.1,352.5,policy,26,en-us,364.725175
0.82129508,,0.91283858,353.4,353.1,of,26,en-us,364.725175
0.82129508,,0.91283858,353.9,353.4,accepting,26,en-us,364.725175
0.82129508,,0.91283858,354,353.9,a,26,en-us,364.725175
0.82129508,,0.91283858,354.5,354,refugee,26,en-us,364.725175
0.82129508,,0.91283858,354.8,354.5,is,26,en-us,364.725175
0.82129508,,0.91021752,356.6,356,on,26,en-us,364.725175
0.82129508,,0.91283858,357.7,357.4,is,26,en-us,364.725175
0.82129508,,0.91283858,359,358.5,also,26,en-us,364.725175
0.82129508,,0.91283858,359.4,359,already,26,en-us,364.725175
0.82129508,,0.91283858,360,359.4,rigorous,26,en-us,364.725175
0.82129508,,0.91283858,360.1,360,for,26,en-us,364.725175
0.82129508,,0.91283858,360.3,360.1,that,26,en-us,364.725175
0.82129508,,0.91283858,360.7,360.3,because,26,en-us,364.725175
0.82129508,,0.91283858,360.9,360.7,of,26,en-us,364.725175
0.82129508,,0.91283858,361.3,360.9,the,26,en-us,364.725175
0.82129508,,0.47498533,361.6,361.3,rest,26,en-us,364.725175
0.82129508,,0.69688165,362,361.6,of,26,en-us,364.725175
0.82129508,,0.47498539,362.8,362.3,accepting,26,en-us,364.725175
0.82129508,,0.4749853,363,362.8,it,26,en-us,364.725175
0.82129508,,0.57924885,363.2,363,just,26,en-us,364.725175
0.82129508,,0.63664061,363.5,363.2,only,26,en-us,364.725175
0.82129508,,0.54285705,364.3,363.5,2%,26,en-us,364.725175
0.77359784, from there over ten thousand Thirty thousands of people to apply for energy but cannot expect but get the rejection from that and by racing there are there are some requests of petition from the citizens of to the Blue House of Korean and I think the government now considering that to give more deliberate,0.728149,367.4,367,from,26,en-us,395.855607
0.77359784,,0.84220564,368,367.4,there,26,en-us,395.855607
0.77359784,,0.75994682,368.8,368.2,over,26,en-us,395.855607
0.77359784,,0.69098639,369.3,368.8,ten,26,en-us,395.855607
0.77359784,,0.68992138,369.8,369.3,thousand,26,en-us,395.855607
0.77359784,,0.69098645,370.7,370.3,Thirty,26,en-us,395.855607
0.77359784,,0.91283858,371.2,370.7,thousands,26,en-us,395.855607
0.77359784,,0.90562707,371.5,371.2,of,26,en-us,395.855607
0.77359784,,0.91283858,371.9,371.5,people,26,en-us,395.855607
0.77359784,,0.85110331,372.2,371.9,to,26,en-us,395.855607
0.77359784,,0.72603053,372.9,372.2,apply,26,en-us,395.855607
0.77359784,,0.68382525,373.3,373.1,for,26,en-us,395.855607
0.77359784,,0.87114817,373.6,373.3,energy,26,en-us,395.855607
0.77359784,,0.72453594,374,373.6,but,26,en-us,395.855607
0.77359784,,0.72721159,374.3,374,cannot,26,en-us,395.855607
0.77359784,,0.67539519,374.8,374.3,expect,26,en-us,395.855607
0.77359784,,0.72177404,375.1,374.8,but,26,en-us,395.855607
0.77359784,,0.91283858,375.3,375.1,get,26,en-us,395.855607
0.77359784,,0.91283858,375.4,375.3,the,26,en-us,395.855607
0.77359784,,0.75311053,376,375.4,rejection,26,en-us,395.855607
0.77359784,,0.70125508,376.1,376,from,26,en-us,395.855607
0.77359784,,0.70615065,376.7,376.1,that,26,en-us,395.855607
0.77359784,,0.71228409,377.9,377,and,26,en-us,395.855607
0.77359784,,0.68188518,379,378.4,by,26,en-us,395.855607
0.77359784,,0.91283858,379.6,379.1,racing,26,en-us,395.855607
0.77359784,,0.74205756,379.9,379.6,there,26,en-us,395.855607
0.77359784,,0.72446585,380,379.9,are,26,en-us,395.855607
0.77359784,,0.91283858,380.2,380,there,26,en-us,395.855607
0.77359784,,0.91283858,380.3,380.2,are,26,en-us,395.855607
0.77359784,,0.65231711,380.9,380.3,some,26,en-us,395.855607
0.77359784,,0.91283858,381.5,381,requests,26,en-us,395.855607
0.77359784,,0.69683534,382.1,381.5,of,26,en-us,395.855607
0.77359784,,0.81529194,383.4,382.7,petition,26,en-us,395.855607
0.77359784,,0.71770644,383.7,383.4,from,26,en-us,395.855607
0.77359784,,0.70125508,383.9,383.7,the,26,en-us,395.855607
0.77359784,,0.84061307,384.6,383.9,citizens,26,en-us,395.855607
0.77359784,,0.5534541,385.3,384.8,of,26,en-us,395.855607
0.77359784,,0.91283858,385.5,385.3,to,26,en-us,395.855607
0.77359784,,0.91283858,385.7,385.5,the,26,en-us,395.855607
0.77359784,,0.91283858,385.9,385.7,Blue,26,en-us,395.855607
0.77359784,,0.72446585,386.5,385.9,House,26,en-us,395.855607
0.77359784,,0.77684915,387.1,386.9,of,26,en-us,395.855607
0.77359784,,0.91283858,387.7,387.1,Korean,26,en-us,395.855607
0.77359784,,0.5853442,388.6,387.7,and,26,en-us,395.855607
0.77359784,,0.7177065,389.3,389.1,I,26,en-us,395.855607
0.77359784,,0.91283858,389.9,389.3,think,26,en-us,395.855607
0.77359784,,0.76172066,390,389.9,the,26,en-us,395.855607
0.77359784,,0.66485208,390.9,390,government,26,en-us,395.855607
0.77359784,,0.72446585,391.4,391.1,now,26,en-us,395.855607
0.77359784,,0.72446591,392.1,391.4,considering,26,en-us,395.855607
0.77359784,,0.6187675,392.5,392.1,that,26,en-us,395.855607
0.77359784,,0.68788755,393.1,392.5,to,26,en-us,395.855607
0.77359784,,0.88876539,394.1,393.7,give,26,en-us,395.855607
0.77359784,,0.76647216,394.5,394.1,more,26,en-us,395.855607
0.77359784,,0.75170249,395.5,394.5,deliberate,26,en-us,395.855607
0.85133678, assess or for get for giving their refugees data to the other nations nationality and also they this is some car like they call hit or humanitarians humanitarian visas that the government only give this result to the refugee or 31 years to guarantee that when their circumstances,0.91283858,396.3,395.9,assess,26,en-us,425.853475
0.85133678,,0.91283858,397.3,396.7,or,26,en-us,425.853475
0.85133678,,0.91283858,397.9,397.3,for,26,en-us,425.853475
0.85133678,,0.91283858,398.4,397.9,get,26,en-us,425.853475
0.85133678,,0.91283858,399.1,398.8,for,26,en-us,425.853475
0.85133678,,0.91283858,399.8,399.1,giving,26,en-us,425.853475
0.85133678,,0.91283858,400.5,399.9,their,26,en-us,425.853475
0.85133678,,0.91283858,401.1,400.7,refugees,26,en-us,425.853475
0.85133678,,0.91283858,401.6,401.1,data,26,en-us,425.853475
0.85133678,,0.91283858,402.2,401.6,to,26,en-us,425.853475
0.85133678,,0.91283858,403.2,402.6,the,26,en-us,425.853475
0.85133678,,0.91283858,404.5,404,other,26,en-us,425.853475
0.85133678,,0.91283858,405.1,404.5,nations,26,en-us,425.853475
0.85133678,,0.91283858,406.1,405.2,nationality,26,en-us,425.853475
0.85133678,,0.91283858,407.5,406.9,and,26,en-us,425.853475
0.85133678,,0.91283858,408.5,407.8,also,26,en-us,425.853475
0.85133678,,0.91283858,409.7,409.2,they,26,en-us,425.853475
0.85133678,,0.91283858,410.6,410.3,this,26,en-us,425.853475
0.85133678,,0.91283858,410.7,410.6,is,26,en-us,425.853475
0.85133678,,0.91283858,410.9,410.7,some,26,en-us,425.853475
0.85133678,,0.91283858,411.2,410.9,car,26,en-us,425.853475
0.85133678,,0.91283858,411.3,411.2,like,26,en-us,425.853475
0.85133678,,0.91283858,411.5,411.3,they,26,en-us,425.853475
0.85133678,,0.65992284,411.8,411.5,call,26,en-us,425.853475
0.85133678,,0.73844808,412.3,411.8,hit,26,en-us,425.853475
0.85133678,,0.74518579,412.6,412.3,or,26,en-us,425.853475
0.85133678,,0.91283858,414.2,413.2,humanitarians,26,en-us,425.853475
0.85133678,,0.91283858,415.4,414.2,humanitarian,26,en-us,425.853475
0.85133678,,0.71782798,416,415.4,visas,26,en-us,425.853475
0.85133678,,0.67294908,416.7,416.3,that,26,en-us,425.853475
0.85133678,,0.70629835,417.4,417,the,26,en-us,425.853475
0.85133678,,0.91283858,418.4,417.9,government,26,en-us,425.853475
0.85133678,,0.72121441,418.7,418.4,only,26,en-us,425.853475
0.85133678,,0.75997096,419.3,418.7,give,26,en-us,425.853475
0.85133678,,0.74588633,420.2,419.9,this,26,en-us,425.853475
0.85133678,,0.91283858,420.8,420.2,result,26,en-us,425.853475
0.85133678,,0.91283858,420.9,420.8,to,26,en-us,425.853475
0.85133678,,0.57358807,421.1,420.9,the,26,en-us,425.853475
0.85133678,,0.91283858,421.6,421.1,refugee,26,en-us,425.853475
0.85133678,,0.91283858,421.7,421.6,or,26,en-us,425.853475
0.85133678,,0.8630451,422.1,421.7,31,26,en-us,425.853475
0.85133678,,0.73035651,422.5,422.1,years,26,en-us,425.853475
0.85133678,,0.91283858,422.9,422.8,to,26,en-us,425.853475
0.85133678,,0.87902588,423.4,422.9,guarantee,26,en-us,425.853475
0.85133678,,0.53953701,423.7,423.4,that,26,en-us,425.853475
0.85133678,,0.91283858,424.1,423.8,when,26,en-us,425.853475
0.85133678,,0.68724215,424.6,424.1,their,26,en-us,425.853475
0.85133678,,0.91283858,425.6,424.9,circumstances,26,en-us,425.853475
0.77742881, so situation the in their their home country is becoming Wheels good get better and they can guarantee that they will lead career right that I think like it's just like 2% that Korean government us proof about the Visa order represent us but we just still have don't know or just not being currently like,0.75541109,425.9,425.8,so,26,en-us,455.690982
0.77742881,,0.91283858,426.7,425.9,situation,26,en-us,455.690982
0.77742881,,0.72702563,426.9,426.7,the,26,en-us,455.690982
0.77742881,,0.72567415,427.4,426.9,in,26,en-us,455.690982
0.77742881,,0.88762921,427.8,427.4,their,26,en-us,455.690982
0.77742881,,0.81155527,428.1,427.8,their,26,en-us,455.690982
0.77742881,,0.76178789,428.3,428.1,home,26,en-us,455.690982
0.77742881,,0.84330738,428.7,428.3,country,26,en-us,455.690982
0.77742881,,0.74518907,429.1,428.7,is,26,en-us,455.690982
0.77742881,,0.72172695,430.2,429.4,becoming,26,en-us,455.690982
0.77742881,,0.77435613,430.8,430.2,Wheels,26,en-us,455.690982
0.77742881,,0.9072144,431.1,430.9,good,26,en-us,455.690982
0.77742881,,0.91283858,431.3,431.1,get,26,en-us,455.690982
0.77742881,,0.91283858,431.7,431.3,better,26,en-us,455.690982
0.77742881,,0.77630293,432.2,431.7,and,26,en-us,455.690982
0.77742881,,0.91283858,432.6,432.4,they,26,en-us,455.690982
0.77742881,,0.70665359,433.1,432.6,can,26,en-us,455.690982
0.77742881,,0.91283858,433.8,433.4,guarantee,26,en-us,455.690982
0.77742881,,0.71351397,434,433.8,that,26,en-us,455.690982
0.77742881,,0.91283858,434.2,434,they,26,en-us,455.690982
0.77742881,,0.7658121,434.3,434.2,will,26,en-us,455.690982
0.77742881,,0.91283858,434.5,434.3,lead,26,en-us,455.690982
0.77742881,,0.79785842,435.1,434.5,career,26,en-us,455.690982
0.77742881,,0.91035521,439.1,438.5,right,26,en-us,455.690982
0.77742881,,0.72058356,439.7,439.1,that,26,en-us,455.690982
0.77742881,,0.80712944,440.8,440.7,I,26,en-us,455.690982
0.77742881,,0.91283858,441.1,440.8,think,26,en-us,455.690982
0.77742881,,0.7214939,441.5,441.1,like,26,en-us,455.690982
0.77742881,,0.91283858,441.8,441.5,it's,26,en-us,455.690982
0.77742881,,0.76839018,442.2,441.8,just,26,en-us,455.690982
0.77742881,,0.72095358,442.6,442.2,like,26,en-us,455.690982
0.77742881,,0.71971166,443.8,442.8,2%,26,en-us,455.690982
0.77742881,,0.72540402,444.1,443.8,that,26,en-us,455.690982
0.77742881,,0.91283858,444.4,444.1,Korean,26,en-us,455.690982
0.77742881,,0.72173387,444.9,444.4,government,26,en-us,455.690982
0.77742881,,0.4686369,445.3,444.9,us,26,en-us,455.690982
0.77742881,,0.91283858,447.9,447.5,proof,26,en-us,455.690982
0.77742881,,0.72551113,448.2,447.9,about,26,en-us,455.690982
0.77742881,,0.91283858,448.3,448.2,the,26,en-us,455.690982
0.77742881,,0.64429057,448.9,448.3,Visa,26,en-us,455.690982
0.77742881,,0.91283858,449.3,448.9,order,26,en-us,455.690982
0.77742881,,0.86773157,450.1,449.3,represent,26,en-us,455.690982
0.77742881,,0.73890859,450.4,450.1,us,26,en-us,455.690982
0.77742881,,0.53429651,451.2,450.7,but,26,en-us,455.690982
0.77742881,,0.91283858,451.6,451.5,we,26,en-us,455.690982
0.77742881,,0.46840915,451.8,451.6,just,26,en-us,455.690982
0.77742881,,0.73263788,452.1,451.8,still,26,en-us,455.690982
0.77742881,,0.56400353,452.4,452.1,have,26,en-us,455.690982
0.77742881,,0.91283858,452.7,452.4,don't,26,en-us,455.690982
0.77742881,,0.60371506,453.2,452.7,know,26,en-us,455.690982
0.77742881,,0.91283858,453.4,453.3,or,26,en-us,455.690982
0.77742881,,0.49001721,453.8,453.4,just,26,en-us,455.690982
0.77742881,,0.77113515,454.2,454,not,26,en-us,455.690982
0.77742881,,0.66914916,454.3,454.2,being,26,en-us,455.690982
0.77742881,,0.71855384,454.8,454.3,currently,26,en-us,455.690982
0.77742881,,0.69683099,455.3,454.8,like,26,en-us,455.690982
0.82248271, it's not clear about your Equity say that also is like if they do the wrong things what legals illegals or how the government do how the police do for the refugees something like that so I think is about a life conditions of the Korea is also like they just want to know how should they do and how should they can practice your daily with Lexa T is like it's not it's not,0.91283858,456.2,456,it's,25,en-us,485.789078
0.82248271,,0.91283858,456.6,456.2,not,25,en-us,485.789078
0.82248271,,0.91283858,457.2,456.6,clear,25,en-us,485.789078
0.82248271,,0.91283858,457.5,457.3,about,25,en-us,485.789078
0.82248271,,0.91283858,457.7,457.5,your,25,en-us,485.789078
0.82248271,,0.91283858,458,457.7,Equity,25,en-us,485.789078
0.82248271,,0.91283858,458.2,458,say,25,en-us,485.789078
0.82248271,,0.91283858,458.5,458.2,that,25,en-us,485.789078
0.82248271,,0.91283858,458.8,458.5,also,25,en-us,485.789078
0.82248271,,0.91283858,458.9,458.8,is,25,en-us,485.789078
0.82248271,,0.91283858,459.3,458.9,like,25,en-us,485.789078
0.82248271,,0.91283858,461,460.4,if,25,en-us,485.789078
0.82248271,,0.91283858,461.4,461,they,25,en-us,485.789078
0.82248271,,0.91283858,461.6,461.4,do,25,en-us,485.789078
0.82248271,,0.91283858,461.8,461.6,the,25,en-us,485.789078
0.82248271,,0.91283858,462.1,461.8,wrong,25,en-us,485.789078
0.82248271,,0.91283858,462.8,462.1,things,25,en-us,485.789078
0.82248271,,0.91283858,463.8,463.3,what,25,en-us,485.789078
0.82248271,,0.91283858,464.4,463.8,legals,25,en-us,485.789078
0.82248271,,0.91283858,465.1,464.4,illegals,25,en-us,485.789078
0.82248271,,0.91283858,465.7,465.1,or,25,en-us,485.789078
0.82248271,,0.91283858,466.2,466,how,25,en-us,485.789078
0.82248271,,0.91283858,466.3,466.2,the,25,en-us,485.789078
0.82248271,,0.91283858,466.7,466.3,government,25,en-us,485.789078
0.82248271,,0.91283858,467,466.7,do,25,en-us,485.789078
0.82248271,,0.91283858,467.2,467,how,25,en-us,485.789078
0.82248271,,0.52515817,467.3,467.2,the,25,en-us,485.789078
0.82248271,,0.91283858,467.7,467.3,police,25,en-us,485.789078
0.82248271,,0.72783184,468,467.7,do,25,en-us,485.789078
0.82248271,,0.91283858,468.2,468,for,25,en-us,485.789078
0.82248271,,0.75471783,468.4,468.2,the,25,en-us,485.789078
0.82248271,,0.91283858,468.8,468.4,refugees,25,en-us,485.789078
0.82248271,,0.75471777,469.1,468.8,something,25,en-us,485.789078
0.82248271,,0.84565657,469.4,469.1,like,25,en-us,485.789078
0.82248271,,0.71989089,470,469.4,that,25,en-us,485.789078
0.82248271,,0.91283858,470.4,470.2,so,25,en-us,485.789078
0.82248271,,0.82064128,470.5,470.4,I,25,en-us,485.789078
0.82248271,,0.56465447,471.2,470.5,think,25,en-us,485.789078
0.82248271,,0.91283858,471.9,471.7,is,25,en-us,485.789078
0.82248271,,0.69460505,472.2,471.9,about,25,en-us,485.789078
0.82248271,,0.73868144,472.3,472.2,a,25,en-us,485.789078
0.82248271,,0.70890898,472.6,472.3,life,25,en-us,485.789078
0.82248271,,0.80315477,473.3,472.6,conditions,25,en-us,485.789078
0.82248271,,0.91283858,473.5,473.3,of,25,en-us,485.789078
0.82248271,,0.91283858,473.6,473.5,the,25,en-us,485.789078
0.82248271,,0.7496984,473.9,473.6,Korea,25,en-us,485.789078
0.82248271,,0.90167612,474.1,473.9,is,25,en-us,485.789078
0.82248271,,0.72860825,474.3,474.1,also,25,en-us,485.789078
0.82248271,,0.71282971,474.8,474.3,like,25,en-us,485.789078
0.82248271,,0.61275309,475.4,474.9,they,25,en-us,485.789078
0.82248271,,0.91283858,475.7,475.4,just,25,en-us,485.789078
0.82248271,,0.71286845,475.9,475.7,want,25,en-us,485.789078
0.82248271,,0.91283858,476,475.9,to,25,en-us,485.789078
0.82248271,,0.52349174,476.6,476,know,25,en-us,485.789078
0.82248271,,0.72550118,478.2,478,how,25,en-us,485.789078
0.82248271,,0.69862103,478.5,478.2,should,25,en-us,485.789078
0.82248271,,0.91283858,478.7,478.5,they,25,en-us,485.789078
0.82248271,,0.6351229,479.3,478.7,do,25,en-us,485.789078
0.82248271,,0.91283858,479.8,479.6,and,25,en-us,485.789078
0.82248271,,0.73887414,479.9,479.8,how,25,en-us,485.789078
0.82248271,,0.68740219,480.2,479.9,should,25,en-us,485.789078
0.82248271,,0.61275309,480.7,480.2,they,25,en-us,485.789078
0.82248271,,0.72012866,481.5,481,can,25,en-us,485.789078
0.82248271,,0.71286845,482.3,482,practice,25,en-us,485.789078
0.82248271,,0.91283858,482.4,482.3,your,25,en-us,485.789078
0.82248271,,0.72390556,483,482.4,daily,25,en-us,485.789078
0.82248271,,0.69862098,483.5,483,with,25,en-us,485.789078
0.82248271,,0.91283858,484.1,483.7,Lexa,25,en-us,485.789078
0.82248271,,0.91283858,484.3,484.1,T,25,en-us,485.789078
0.82248271,,0.91283858,484.5,484.3,is,25,en-us,485.789078
0.82248271,,0.66501844,484.8,484.5,like,25,en-us,485.789078
0.82248271,,0.91283858,485,484.8,it's,25,en-us,485.789078
0.82248271,,0.4892906,485.3,485,not,25,en-us,485.789078
0.82248271,,0.91283858,485.5,485.3,it's,25,en-us,485.789078
0.82248271,,0.72550118,485.6,485.5,not,25,en-us,485.789078
0.89140856, if they're not clear for an hour so it's like,0.91283858,486.4,486.2,if,25,en-us,489.216833
0.89140856,,0.7998333,486.5,486.4,they're,25,en-us,489.216833
0.89140856,,0.83414388,486.7,486.5,not,25,en-us,489.216833
0.89140856,,0.91283858,487.3,486.7,clear,25,en-us,489.216833
0.89140856,,0.91283858,487.7,487.5,for,25,en-us,489.216833
0.89140856,,0.91283858,487.8,487.7,an,25,en-us,489.216833
0.89140856,,0.91283858,488,487.8,hour,25,en-us,489.216833
0.89140856,,0.91283858,488.2,488,so,25,en-us,489.216833
0.89140856,,0.91283858,488.3,488.2,it's,25,en-us,489.216833
0.89140856,,0.89023858,488.8,488.3,like,25,en-us,489.216833
0.88272446, I think they just want to know about the things that can guarantee their life this is what I want to say so if it's for my opinion are go men can explain in this question and I think like all Korean maybe raise the question I think it will be,0.91283858,490.1,489.9,I,25,en-us,514.383772
0.88272446,,0.91283858,490.3,490.1,think,25,en-us,514.383772
0.88272446,,0.91283858,490.5,490.3,they,25,en-us,514.383772
0.88272446,,0.91283858,490.8,490.5,just,25,en-us,514.383772
0.88272446,,0.91283858,491.1,490.8,want,25,en-us,514.383772
0.88272446,,0.91283858,491.7,491.1,to,25,en-us,514.383772
0.88272446,,0.91283858,493.6,492.9,know,25,en-us,514.383772
0.88272446,,0.91283858,494.8,494.4,about,25,en-us,514.383772
0.88272446,,0.91283858,495,494.8,the,25,en-us,514.383772
0.88272446,,0.91283858,495.6,495,things,25,en-us,514.383772
0.88272446,,0.91283858,496.2,496,that,25,en-us,514.383772
0.88272446,,0.91283858,496.4,496.2,can,25,en-us,514.383772
0.88272446,,0.91283858,497,496.4,guarantee,25,en-us,514.383772
0.88272446,,0.91283858,497.2,497,their,25,en-us,514.383772
0.88272446,,0.91283858,497.7,497.2,life,25,en-us,514.383772
0.88272446,,0.91283858,498.3,498.1,this,25,en-us,514.383772
0.88272446,,0.91283858,498.5,498.3,is,25,en-us,514.383772
0.88272446,,0.91283858,498.9,498.5,what,25,en-us,514.383772
0.88272446,,0.91283858,499.2,499.1,I,25,en-us,514.383772
0.88272446,,0.91283858,499.4,499.2,want,25,en-us,514.383772
0.88272446,,0.91283858,499.9,499.4,to,25,en-us,514.383772
0.88272446,,0.91283858,500.4,499.9,say,25,en-us,514.383772
0.88272446,,0.91283858,501.3,501,so,25,en-us,514.383772
0.88272446,,0.91283858,501.7,501.3,if,25,en-us,514.383772
0.88272446,,0.91283858,502.6,502.5,it's,25,en-us,514.383772
0.88272446,,0.91283858,502.7,502.6,for,25,en-us,514.383772
0.88272446,,0.91283858,502.9,502.7,my,25,en-us,514.383772
0.88272446,,0.91283858,503.5,502.9,opinion,25,en-us,514.383772
0.88272446,,0.71796441,504,503.5,are,25,en-us,514.383772
0.88272446,,0.91283858,504.3,504.1,go,25,en-us,514.383772
0.88272446,,0.79451364,504.8,504.3,men,25,en-us,514.383772
0.88272446,,0.91283858,505.3,504.8,can,25,en-us,514.383772
0.88272446,,0.9062379,506.1,505.3,explain,25,en-us,514.383772
0.88272446,,0.91283858,507,506.8,in,25,en-us,514.383772
0.88272446,,0.74571371,507.4,507,this,25,en-us,514.383772
0.88272446,,0.87526333,508.5,507.8,question,25,en-us,514.383772
0.88272446,,0.91283858,508.9,508.7,and,25,en-us,514.383772
0.88272446,,0.91283858,508.9,508.9,I,25,en-us,514.383772
0.88272446,,0.76143318,509.1,508.9,think,25,en-us,514.383772
0.88272446,,0.88282686,509.4,509.1,like,25,en-us,514.383772
0.88272446,,0.75027364,509.6,509.4,all,25,en-us,514.383772
0.88272446,,0.91283858,509.9,509.6,Korean,25,en-us,514.383772
0.88272446,,0.75670224,510.4,509.9,maybe,25,en-us,514.383772
0.88272446,,0.91283858,511.1,510.9,raise,25,en-us,514.383772
0.88272446,,0.91283858,511.2,511.1,the,25,en-us,514.383772
0.88272446,,0.91283858,511.7,511.2,question,25,en-us,514.383772
0.88272446,,0.91283858,511.8,511.7,I,25,en-us,514.383772
0.88272446,,0.7201764,512.3,511.8,think,25,en-us,514.383772
0.88272446,,0.91283858,513,512.8,it,25,en-us,514.383772
0.88272446,,0.77285987,513.1,513,will,25,en-us,514.383772
0.88272446,,0.73428333,513.7,513.1,be,25,en-us,514.383772
0.9128387, good things it's like now it's not but in the future is maybe can yeah,0.91283858,516,515.7,good,25,en-us,522.702592
0.9128387,,0.91283858,516.5,516,things,25,en-us,522.702592
0.9128387,,0.91283858,517.1,516.9,it's,25,en-us,522.702592
0.9128387,,0.91283858,517.5,517.1,like,25,en-us,522.702592
0.9128387,,0.91283858,518.4,518.2,now,25,en-us,522.702592
0.9128387,,0.91283858,518.6,518.4,it's,25,en-us,522.702592
0.9128387,,0.91283858,519,518.6,not,25,en-us,522.702592
0.9128387,,0.91283858,519.2,519,but,25,en-us,522.702592
0.9128387,,0.91283858,519.3,519.2,in,25,en-us,522.702592
0.9128387,,0.91283858,519.4,519.3,the,25,en-us,522.702592
0.9128387,,0.91283858,519.8,519.4,future,25,en-us,522.702592
0.9128387,,0.91283858,520,519.8,is,25,en-us,522.702592
0.9128387,,0.91283858,520.6,520,maybe,25,en-us,522.702592
0.9128387,,0.91283858,521.3,520.7,can,25,en-us,522.702592
0.9128387,,0.91283858,522.4,522,yeah,25,en-us,522.702592
0.74293816, you mean that how to guarantee the yeah is like is the big question for our Korean actually the refugee,0.91283858,523.6,523.4,you,26,en-us,535.341187
0.74293816,,0.91283858,523.8,523.6,mean,26,en-us,535.341187
0.74293816,,0.91283858,524,523.8,that,26,en-us,535.341187
0.74293816,,0.91283858,524.2,524,how,26,en-us,535.341187
0.74293816,,0.91283858,524.5,524.2,to,26,en-us,535.341187
0.74293816,,0.67707539,525.1,524.5,guarantee,26,en-us,535.341187
0.74293816,,0.67707539,525.4,525.1,the,26,en-us,535.341187
0.74293816,,0.74877185,527.2,526.8,yeah,26,en-us,535.341187
0.74293816,,0.74993938,528,527.9,is,26,en-us,535.341187
0.74293816,,0.89347625,528.2,528,like,26,en-us,535.341187
0.74293816,,0.38340199,529.6,529.4,is,26,en-us,535.341187
0.74293816,,0.91283858,529.7,529.6,the,26,en-us,535.341187
0.74293816,,0.70282871,529.8,529.7,big,26,en-us,535.341187
0.74293816,,0.59323275,530.6,529.8,question,26,en-us,535.341187
0.74293816,,0.54404533,531.2,530.9,for,26,en-us,535.341187
0.74293816,,0.91283858,531.3,531.2,our,26,en-us,535.341187
0.74293816,,0.72259092,532.1,531.3,Korean,26,en-us,535.341187
0.74293816,,0.7193585,533.2,532.7,actually,26,en-us,535.341187
0.74293816,,0.38340199,533.9,533.2,the,26,en-us,535.341187
0.74293816,,0.6736955,534.8,533.9,refugee,26,en-us,535.341187
0.83126974, you mean that how to garden theater yeah the big question or Korean actually rigidity under the laws of the Korean yeah I think if they do something wrong or cause some clams so they will give penalty or punishment from the law as well,0.91283858,523.6,523.4,you,26,en-us,548.681369
0.83126974,,0.91283858,523.7,523.6,mean,26,en-us,548.681369
0.83126974,,0.91283858,524,523.7,that,26,en-us,548.681369
0.83126974,,0.91283858,524.2,524,how,26,en-us,548.681369
0.83126974,,0.91283858,524.5,524.2,to,26,en-us,548.681369
0.83126974,,0.91283858,524.8,524.5,garden,26,en-us,548.681369
0.83126974,,0.91283858,525.4,524.8,theater,26,en-us,548.681369
0.83126974,,0.91283858,527.3,526.8,yeah,26,en-us,548.681369
0.83126974,,0.91283858,529.6,529.6,the,26,en-us,548.681369
0.83126974,,0.91283858,529.8,529.6,big,26,en-us,548.681369
0.83126974,,0.91283858,530.5,529.8,question,26,en-us,548.681369
0.83126974,,0.91283858,531.3,530.9,or,26,en-us,548.681369
0.83126974,,0.91283858,532.1,531.3,Korean,26,en-us,548.681369
0.83126974,,0.91283858,533,532.6,actually,26,en-us,548.681369
0.83126974,,0.648157,534.7,533.7,rigidity,26,en-us,548.681369
0.83126974,,0.90150779,536.4,536.1,under,26,en-us,548.681369
0.83126974,,0.91283858,536.5,536.4,the,26,en-us,548.681369
0.83126974,,0.80532563,537,536.5,laws,26,en-us,548.681369
0.83126974,,0.71798164,537.2,537,of,26,en-us,548.681369
0.83126974,,0.70712817,537.4,537.2,the,26,en-us,548.681369
0.83126974,,0.85957712,538,537.4,Korean,26,en-us,548.681369
0.83126974,,0.72003406,539.7,539.4,yeah,26,en-us,548.681369
0.83126974,,0.74912149,539.8,539.7,I,26,en-us,548.681369
0.83126974,,0.71608406,540.3,539.8,think,26,en-us,548.681369
0.83126974,,0.91283858,540.5,540.3,if,26,en-us,548.681369
0.83126974,,0.737436,540.8,540.5,they,26,en-us,548.681369
0.83126974,,0.91283858,541,540.8,do,26,en-us,548.681369
0.83126974,,0.77143443,541.3,541,something,26,en-us,548.681369
0.83126974,,0.69743359,541.7,541.3,wrong,26,en-us,548.681369
0.83126974,,0.70712817,542,541.7,or,26,en-us,548.681369
0.83126974,,0.91283858,542.8,542.5,cause,26,en-us,548.681369
0.83126974,,0.77143455,543,542.8,some,26,en-us,548.681369
0.83126974,,0.90150768,543.9,543,clams,26,en-us,548.681369
0.83126974,,0.91283858,544.3,544.1,so,26,en-us,548.681369
0.83126974,,0.87172294,544.5,544.3,they,26,en-us,548.681369
0.83126974,,0.73025864,544.8,544.5,will,26,en-us,548.681369
0.83126974,,0.72303522,545.1,544.8,give,26,en-us,548.681369
0.83126974,,0.90166086,545.9,545.4,penalty,26,en-us,548.681369
0.83126974,,0.83993906,546.1,545.9,or,26,en-us,548.681369
0.83126974,,0.666417,547,546.1,punishment,26,en-us,548.681369
0.83126974,,0.74685735,547.3,547,from,26,en-us,548.681369
0.83126974,,0.70524132,547.4,547.3,the,26,en-us,548.681369
0.83126974,,0.88278544,547.7,547.4,law,26,en-us,548.681369
0.83126974,,0.86897707,547.9,547.7,as,26,en-us,548.681369
0.83126974,,0.71501976,548.2,547.9,well,26,en-us,548.681369
0.83917361, so in this case I think is,0.91283858,549.7,549.4,so,26,en-us,551.798422
0.83917361,,0.91283858,549.9,549.7,in,26,en-us,551.798422
0.83917361,,0.88527888,550.2,549.9,this,26,en-us,551.798422
0.83917361,,0.90505087,550.7,550.2,case,26,en-us,551.798422
0.83917361,,0.74133587,550.8,550.7,I,26,en-us,551.798422
0.83917361,,0.74337238,551.1,550.8,think,26,en-us,551.798422
0.83917361,,0.77349973,551.4,551.1,is,26,en-us,551.798422
0.73287845, not only for a little edgy for everyone that you have and I'm too and you mean I think that race question because the some Koreans have Instinct often fear with other cultural or xenophobia that you have received that yeah I think there's some kind of more emotional than rational equations yeah because they are have some fear of you insecure that they are happier that,0.91283858,553,552.6,not,26,en-us,582.327492
0.73287845,,0.91283858,553.3,553,only,26,en-us,582.327492
0.73287845,,0.91283858,553.7,553.3,for,26,en-us,582.327492
0.73287845,,0.91283858,553.7,553.7,a,26,en-us,582.327492
0.73287845,,0.91283858,553.9,553.7,little,26,en-us,582.327492
0.73287845,,0.91283858,554.2,553.9,edgy,26,en-us,582.327492
0.73287845,,0.91283858,554.5,554.2,for,26,en-us,582.327492
0.73287845,,0.91283858,555,554.5,everyone,26,en-us,582.327492
0.73287845,,0.91283858,555.5,555,that,26,en-us,582.327492
0.73287845,,0.91283858,556,555.8,you,26,en-us,582.327492
0.73287845,,0.91283858,556.3,556,have,26,en-us,582.327492
0.73287845,,0.91283858,557.1,556.5,and,26,en-us,582.327492
0.73287845,,0.91283858,557.5,557.2,I'm,26,en-us,582.327492
0.73287845,,0.36188599,557.6,557.5,too,26,en-us,582.327492
0.73287845,,0.91283858,558.1,557.8,and,26,en-us,582.327492
0.73287845,,0.91283858,558.2,558.1,you,26,en-us,582.327492
0.73287845,,0.76883632,558.5,558.2,mean,26,en-us,582.327492
0.73287845,,0.91283858,558.6,558.5,I,26,en-us,582.327492
0.73287845,,0.48239002,559.1,558.6,think,26,en-us,582.327492
0.73287845,,0.42500335,559.8,559.5,that,26,en-us,582.327492
0.73287845,,0.91283858,560,559.8,race,26,en-us,582.327492
0.73287845,,0.53564841,560.4,560,question,26,en-us,582.327492
0.73287845,,0.7331512,561,560.4,because,26,en-us,582.327492
0.73287845,,0.58243442,561.8,561.4,the,26,en-us,582.327492
0.73287845,,0.78015971,562.3,562,some,26,en-us,582.327492
0.73287845,,0.91283858,562.8,562.3,Koreans,26,en-us,582.327492
0.73287845,,0.66044724,563.5,562.8,have,26,en-us,582.327492
0.73287845,,0.91283858,565,564.5,Instinct,26,en-us,582.327492
0.73287845,,0.80273294,565.3,565,often,26,en-us,582.327492
0.73287845,,0.91283858,565.6,565.3,fear,26,en-us,582.327492
0.73287845,,0.60358834,566,565.6,with,26,en-us,582.327492
0.73287845,,0.70074296,566.6,566.2,other,26,en-us,582.327492
0.73287845,,0.87603366,567.1,566.6,cultural,26,en-us,582.327492
0.73287845,,0.5800916,567.7,567.1,or,26,en-us,582.327492
0.73287845,,0.6586628,568.6,567.9,xenophobia,26,en-us,582.327492
0.73287845,,0.53965902,568.8,568.6,that,26,en-us,582.327492
0.73287845,,0.69754094,569,568.8,you,26,en-us,582.327492
0.73287845,,0.91283858,569.2,569,have,26,en-us,582.327492
0.73287845,,0.72142929,569.6,569.2,received,26,en-us,582.327492
0.73287845,,0.47848055,569.9,569.6,that,26,en-us,582.327492
0.73287845,,0.5396589,570.3,569.9,yeah,26,en-us,582.327492
0.73287845,,0.91283858,570.7,570.7,I,26,en-us,582.327492
0.73287845,,0.47848049,570.9,570.7,think,26,en-us,582.327492
0.73287845,,0.91283858,571.1,570.9,there's,26,en-us,582.327492
0.73287845,,0.36501947,571.3,571.1,some,26,en-us,582.327492
0.73287845,,0.65196598,571.5,571.3,kind,26,en-us,582.327492
0.73287845,,0.40761563,571.9,571.5,of,26,en-us,582.327492
0.73287845,,0.91283858,572.3,572,more,26,en-us,582.327492
0.73287845,,0.91283858,572.9,572.3,emotional,26,en-us,582.327492
0.73287845,,0.37492579,573.2,572.9,than,26,en-us,582.327492
0.73287845,,0.4784804,573.9,573.2,rational,26,en-us,582.327492
0.73287845,,0.74727648,574.8,574.3,equations,26,en-us,582.327492
0.73287845,,0.36242908,577.1,577,yeah,26,en-us,582.327492
0.73287845,,0.56132281,577.6,577.1,because,26,en-us,582.327492
0.73287845,,0.91283858,577.8,577.6,they,26,en-us,582.327492
0.73287845,,0.67620915,578,577.8,are,26,en-us,582.327492
0.73287845,,0.91283858,578.3,578,have,26,en-us,582.327492
0.73287845,,0.91283858,578.5,578.3,some,26,en-us,582.327492
0.73287845,,0.91283858,578.8,578.5,fear,26,en-us,582.327492
0.73287845,,0.73756599,579,578.8,of,26,en-us,582.327492
0.73287845,,0.91283858,579.1,579,you,26,en-us,582.327492
0.73287845,,0.66661614,579.7,579.1,insecure,26,en-us,582.327492
0.73287845,,0.49221811,580.2,579.7,that,26,en-us,582.327492
0.73287845,,0.58009171,580.8,580.6,they,26,en-us,582.327492
0.73287845,,0.455212,581.1,580.8,are,26,en-us,582.327492
0.73287845,,0.56203258,581.9,581.5,happier,26,en-us,582.327492
0.73287845,,0.59166151,582.1,581.9,that,26,en-us,582.327492
0.83281088, never seen something like that paid more than others some problem that's called inside they're feeling knots from there that their Fiji yeah and put on that patients I think you may be at a Korean citizenship maybe you have to trust your government process there that will debut accept only that good quality refugee,0.91283858,582.9,582.5,never,26,en-us,612.295293
0.83281088,,0.91283858,583.5,582.9,seen,26,en-us,612.295293
0.83281088,,0.91283858,583.9,583.7,something,26,en-us,612.295293
0.83281088,,0.91283858,584.3,583.9,like,26,en-us,612.295293
0.83281088,,0.91283858,584.5,584.3,that,26,en-us,612.295293
0.83281088,,0.91283858,584.8,584.5,paid,26,en-us,612.295293
0.83281088,,0.91283858,585.2,584.8,more,26,en-us,612.295293
0.83281088,,0.91283858,585.4,585.2,than,26,en-us,612.295293
0.83281088,,0.91283858,585.6,585.4,others,26,en-us,612.295293
0.83281088,,0.91283858,587.5,587.2,some,26,en-us,612.295293
0.83281088,,0.91283858,588,587.5,problem,26,en-us,612.295293
0.83281088,,0.91283858,588.8,588.6,that's,26,en-us,612.295293
0.83281088,,0.91283858,589.2,588.8,called,26,en-us,612.295293
0.83281088,,0.91283858,589.8,589.2,inside,26,en-us,612.295293
0.83281088,,0.91283858,590.2,589.8,they're,26,en-us,612.295293
0.83281088,,0.91283858,590.7,590.2,feeling,26,en-us,612.295293
0.83281088,,0.91283858,591.2,590.7,knots,26,en-us,612.295293
0.83281088,,0.91283858,591.8,591.2,from,26,en-us,612.295293
0.83281088,,0.91283858,592.5,592.1,there,26,en-us,612.295293
0.83281088,,0.91283858,592.7,592.5,that,26,en-us,612.295293
0.83281088,,0.66438472,592.9,592.7,their,26,en-us,612.295293
0.83281088,,0.76092678,593.3,592.9,Fiji,26,en-us,612.295293
0.83281088,,0.7099334,593.8,593.4,yeah,26,en-us,612.295293
0.83281088,,0.7324279,595,594.2,and,26,en-us,612.295293
0.83281088,,0.85029024,596.5,596.2,put,26,en-us,612.295293
0.83281088,,0.7180419,596.9,596.5,on,26,en-us,612.295293
0.83281088,,0.69375485,597.5,596.9,that,26,en-us,612.295293
0.83281088,,0.91283858,598.5,597.9,patients,26,en-us,612.295293
0.83281088,,0.91283858,599.4,599.3,I,26,en-us,612.295293
0.83281088,,0.72162634,600.1,599.4,think,26,en-us,612.295293
0.83281088,,0.72540772,600.9,600.4,you,26,en-us,612.295293
0.83281088,,0.91283858,601.2,601,may,26,en-us,612.295293
0.83281088,,0.69990438,601.6,601.2,be,26,en-us,612.295293
0.83281088,,0.91283858,601.8,601.7,at,26,en-us,612.295293
0.83281088,,0.72540766,601.9,601.8,a,26,en-us,612.295293
0.83281088,,0.90587926,602.2,601.9,Korean,26,en-us,612.295293
0.83281088,,0.72685111,602.8,602.2,citizenship,26,en-us,612.295293
0.83281088,,0.91283858,603.2,602.8,maybe,26,en-us,612.295293
0.83281088,,0.73854983,603.3,603.2,you,26,en-us,612.295293
0.83281088,,0.91283858,603.5,603.3,have,26,en-us,612.295293
0.83281088,,0.91283858,603.7,603.5,to,26,en-us,612.295293
0.83281088,,0.87182623,604.1,603.7,trust,26,en-us,612.295293
0.83281088,,0.71265155,604.7,604.1,your,26,en-us,612.295293
0.83281088,,0.69938058,606.2,604.7,government,26,en-us,612.295293
0.83281088,,0.72104967,606.7,606.2,process,26,en-us,612.295293
0.83281088,,0.91283858,607.3,607.1,there,26,en-us,612.295293
0.83281088,,0.76802427,607.6,607.3,that,26,en-us,612.295293
0.83281088,,0.83917463,607.9,607.6,will,26,en-us,612.295293
0.83281088,,0.6910696,608.7,607.9,debut,26,en-us,612.295293
0.83281088,,0.77159733,609.9,609.4,accept,26,en-us,612.295293
0.83281088,,0.70019633,610.3,609.9,only,26,en-us,612.295293
0.83281088,,0.72035766,610.6,610.3,that,26,en-us,612.295293
0.83281088,,0.91283858,611,610.7,good,26,en-us,612.295293
0.83281088,,0.64144105,611.6,611,quality,26,en-us,612.295293
0.83281088,,0.82212991,612.1,611.6,refugee,26,en-us,612.295293
0.71734947, see that view may cause no clams yeah in the future,0.67239779,612.3,612.3,see,26,en-us,617.116201
0.71734947,,0.76689011,612.6,612.3,that,26,en-us,617.116201
0.71734947,,0.57535917,613.1,612.6,view,26,en-us,617.116201
0.71734947,,0.85115981,613.9,613.7,may,26,en-us,617.116201
0.71734947,,0.91283858,614.2,613.9,cause,26,en-us,617.116201
0.71734947,,0.78749239,614.4,614.2,no,26,en-us,617.116201
0.71734947,,0.61721599,615,614.4,clams,26,en-us,617.116201
0.71734947,,0.55151814,615.9,615.3,yeah,26,en-us,617.116201
0.71734947,,0.91283858,616,615.9,in,26,en-us,617.116201
0.71734947,,0.64164287,616.1,616,the,26,en-us,617.116201
0.71734947,,0.60149062,616.7,616.1,future,26,en-us,617.116201