results/alternatives/0/confidence,results/alternatives/0/transcript,results/alternatives/0/words/0/confidence,reult/alternative/0/word/0/endTime,reult/alternative/0/word/0/tartTime,results/alternatives/0/words/0/word,results/channelTag,results/languageCode,reult/reultEndTime
0.91283822, disagree with your assertions first of all he said that South Korea is fully capable of accepting yemenis refugees I would like to disagree on that point because the nation has seen a dramatic hike in the eighth in the number of refugees from 42 seeking Asylum last year to 519 seeking Asylum this year would the numbers of almost,0.91283858,128.0,127.4,disagree,14,en-us,156.093153
0.91283822,,0.91283858,128.3,128.0,with,14,en-us,156.093153
0.91283822,,0.91283858,128.8,128.3,your,14,en-us,156.093153
0.91283822,,0.91283858,130.4,129.7,assertions,14,en-us,156.093153
0.91283822,,0.91283858,131.0,130.8,first,14,en-us,156.093153
0.91283822,,0.91283858,131.2,131.0,of,14,en-us,156.093153
0.91283822,,0.91283858,131.7,131.2,all,14,en-us,156.093153
0.91283822,,0.91283858,132.2,132.1,he,14,en-us,156.093153
0.91283822,,0.91283858,132.5,132.2,said,14,en-us,156.093153
0.91283822,,0.91283858,132.7,132.5,that,14,en-us,156.093153
0.91283822,,0.91283858,133.0,132.7,South,14,en-us,156.093153
0.91283822,,0.91283858,133.4,133.0,Korea,14,en-us,156.093153
0.91283822,,0.91283858,133.5,133.4,is,14,en-us,156.093153
0.91283822,,0.91283858,133.8,133.5,fully,14,en-us,156.093153
0.91283822,,0.91283858,134.3,133.8,capable,14,en-us,156.093153
0.91283822,,0.91283858,134.5,134.3,of,14,en-us,156.093153
0.91283822,,0.91283858,135.3,134.5,accepting,14,en-us,156.093153
0.91283822,,0.91283858,136.0,135.5,yemenis,14,en-us,156.093153
0.91283822,,0.91283858,136.8,136.0,refugees,14,en-us,156.093153
0.91283822,,0.91283858,138.3,138.2,I,14,en-us,156.093153
0.91283822,,0.91283858,138.4,138.3,would,14,en-us,156.093153
0.91283822,,0.91283858,138.6,138.4,like,14,en-us,156.093153
0.91283822,,0.91283858,138.7,138.6,to,14,en-us,156.093153
0.91283822,,0.91283858,139.1,138.7,disagree,14,en-us,156.093153
0.91283822,,0.91283858,139.3,139.1,on,14,en-us,156.093153
0.91283822,,0.91283858,139.5,139.3,that,14,en-us,156.093153
0.91283822,,0.91283858,140.1,139.5,point,14,en-us,156.093153
0.91283822,,0.91283858,141.0,140.3,because,14,en-us,156.093153
0.91283822,,0.91283858,142.5,142.4,the,14,en-us,156.093153
0.91283822,,0.91283858,143.2,142.5,nation,14,en-us,156.093153
0.91283822,,0.91283858,143.6,143.4,has,14,en-us,156.093153
0.91283822,,0.91283858,143.8,143.6,seen,14,en-us,156.093153
0.91283822,,0.91283858,143.9,143.8,a,14,en-us,156.093153
0.91283822,,0.91283858,144.4,143.9,dramatic,14,en-us,156.093153
0.91283822,,0.91283858,144.8,144.4,hike,14,en-us,156.093153
0.91283822,,0.91283858,144.9,144.8,in,14,en-us,156.093153
0.91283822,,0.91283858,145.1,144.9,the,14,en-us,156.093153
0.91283822,,0.91283858,145.4,145.1,eighth,14,en-us,156.093153
0.91283822,,0.91283858,145.6,145.5,in,14,en-us,156.093153
0.91283822,,0.91283858,145.7,145.6,the,14,en-us,156.093153
0.91283822,,0.91283858,146.0,145.7,number,14,en-us,156.093153
0.91283822,,0.91283858,146.2,146.0,of,14,en-us,156.093153
0.91283822,,0.91283858,147.4,146.6,refugees,14,en-us,156.093153
0.91283822,,0.91283858,147.9,147.5,from,14,en-us,156.093153
0.91283822,,0.91283858,148.7,147.9,42,14,en-us,156.093153
0.91283822,,0.91283858,149.0,148.7,seeking,14,en-us,156.093153
0.91283822,,0.91283858,149.5,149.0,Asylum,14,en-us,156.093153
0.91283822,,0.91283858,149.8,149.5,last,14,en-us,156.093153
0.91283822,,0.91283858,150.0,149.8,year,14,en-us,156.093153
0.91283822,,0.91283858,150.2,150.0,to,14,en-us,156.093153
0.91283822,,0.91283858,151.3,150.2,519,14,en-us,156.093153
0.91283822,,0.91283858,151.6,151.3,seeking,14,en-us,156.093153
0.91283822,,0.91283858,152.2,151.6,Asylum,14,en-us,156.093153
0.91283822,,0.91283858,152.6,152.4,this,14,en-us,156.093153
0.91283822,,0.91283858,153.0,152.6,year,14,en-us,156.093153
0.91283822,,0.91283858,153.6,153.2,would,14,en-us,156.093153
0.91283822,,0.91283858,154.1,153.9,the,14,en-us,156.093153
0.91283822,,0.91283858,154.5,154.1,numbers,14,en-us,156.093153
0.91283822,,0.91283858,154.6,154.5,of,14,en-us,156.093153
0.91283822,,0.91283858,155.3,154.6,almost,14,en-us,156.093153
0.88668084, assertions first of all you said that South Korea is fully capable of accepting yemenis refugees I would like to disagree on that point because the nation has seen a dramatic hike in the number of refugees from 42 seeking Asylum last year to 519 seeking Asylum this year which the numbers have almost,0.91283858,130.4,129.7,assertions,14,en-us,156.103177
0.88668084,,0.91283858,131.1,130.8,first,14,en-us,156.103177
0.88668084,,0.91283858,131.1,131.1,of,14,en-us,156.103177
0.88668084,,0.91283858,131.7,131.1,all,14,en-us,156.103177
0.88668084,,0.91283858,132.2,132.1,you,14,en-us,156.103177
0.88668084,,0.91283858,132.5,132.2,said,14,en-us,156.103177
0.88668084,,0.91283858,132.6,132.5,that,14,en-us,156.103177
0.88668084,,0.91283858,133.0,132.6,South,14,en-us,156.103177
0.88668084,,0.91283858,133.4,133.0,Korea,14,en-us,156.103177
0.88668084,,0.91283858,133.5,133.4,is,14,en-us,156.103177
0.88668084,,0.91283858,133.8,133.5,fully,14,en-us,156.103177
0.88668084,,0.91283858,134.4,133.8,capable,14,en-us,156.103177
0.88668084,,0.91283858,134.5,134.4,of,14,en-us,156.103177
0.88668084,,0.91283858,135.4,134.5,accepting,14,en-us,156.103177
0.88668084,,0.91283858,136.0,135.6,yemenis,14,en-us,156.103177
0.88668084,,0.91283858,136.8,136.0,refugees,14,en-us,156.103177
0.88668084,,0.91283858,138.3,138.2,I,14,en-us,156.103177
0.88668084,,0.91283858,138.4,138.3,would,14,en-us,156.103177
0.88668084,,0.91283858,138.6,138.4,like,14,en-us,156.103177
0.88668084,,0.91283858,138.7,138.6,to,14,en-us,156.103177
0.88668084,,0.91283858,139.2,138.7,disagree,14,en-us,156.103177
0.88668084,,0.91283858,139.3,139.2,on,14,en-us,156.103177
0.88668084,,0.91283858,139.5,139.3,that,14,en-us,156.103177
0.88668084,,0.91283858,140.1,139.5,point,14,en-us,156.103177
0.88668084,,0.91283858,141.0,140.3,because,14,en-us,156.103177
0.88668084,,0.91283858,142.5,142.4,the,14,en-us,156.103177
0.88668084,,0.91283858,143.1,142.5,nation,14,en-us,156.103177
0.88668084,,0.91283858,143.6,143.4,has,14,en-us,156.103177
0.88668084,,0.91283858,143.8,143.6,seen,14,en-us,156.103177
0.88668084,,0.91283858,143.9,143.8,a,14,en-us,156.103177
0.88668084,,0.91283858,144.4,143.9,dramatic,14,en-us,156.103177
0.88668084,,0.91283858,144.8,144.4,hike,14,en-us,156.103177
0.88668084,,0.91283858,144.9,144.8,in,14,en-us,156.103177
0.88668084,,0.91283858,145.3,144.9,the,14,en-us,156.103177
0.88668084,,0.91283858,146.0,145.6,number,14,en-us,156.103177
0.88668084,,0.91283858,146.1,146.0,of,14,en-us,156.103177
0.88668084,,0.91283858,147.4,146.6,refugees,14,en-us,156.103177
0.88668084,,0.91283858,147.9,147.5,from,14,en-us,156.103177
0.88668084,,0.91283858,148.7,147.9,42,14,en-us,156.103177
0.88668084,,0.91283858,149.0,148.8,seeking,14,en-us,156.103177
0.88668084,,0.91283858,149.5,149.0,Asylum,14,en-us,156.103177
0.88668084,,0.91283858,149.8,149.5,last,14,en-us,156.103177
0.88668084,,0.91283858,150.0,149.8,year,14,en-us,156.103177
0.88668084,,0.91283858,150.2,150.0,to,14,en-us,156.103177
0.88668084,,0.91283858,151.3,150.2,519,14,en-us,156.103177
0.88668084,,0.91283858,151.6,151.3,seeking,14,en-us,156.103177
0.88668084,,0.91283858,152.2,151.6,Asylum,14,en-us,156.103177
0.88668084,,0.91283858,152.6,152.4,this,14,en-us,156.103177
0.88668084,,0.91283858,153.0,152.6,year,14,en-us,156.103177
0.88668084,,0.375,153.6,153.1,which,14,en-us,156.103177
0.88668084,,0.91283858,154.1,153.9,the,14,en-us,156.103177
0.88668084,,0.76972145,154.4,154.1,numbers,14,en-us,156.103177
0.88668084,,0.64215076,154.6,154.4,have,14,en-us,156.103177
0.88668084,,0.45197767,155.4,154.6,almost,14,en-us,156.103177
0.80611014, increased by 10 volt LED more than tenfold and Nation probably did not prepared for this dramatic increase and also Korea is known for its homogeneous society majority of Korean citizens don't expect that much racial diversity in their society and they have not received enough education to accept people of different ethnic diversity,0.91283858,157.7,157.3,increased,14,en-us,186.973017
0.80611014,,0.91283858,157.8,157.7,by,14,en-us,186.973017
0.80611014,,0.90061432,158.1,157.8,10,14,en-us,186.973017
0.80611014,,0.91283858,158.4,158.1,volt,14,en-us,186.973017
0.80611014,,0.6487695,158.6,158.4,LED,14,en-us,186.973017
0.80611014,,0.91283858,158.7,158.6,more,14,en-us,186.973017
0.80611014,,0.787184,158.9,158.7,than,14,en-us,186.973017
0.80611014,,0.70859915,159.6,158.9,tenfold,14,en-us,186.973017
0.80611014,,0.67310613,160.5,159.9,and,14,en-us,186.973017
0.80611014,,0.91283858,161.2,160.8,Nation,14,en-us,186.973017
0.80611014,,0.726457,161.6,161.2,probably,14,en-us,186.973017
0.80611014,,0.91283858,161.7,161.6,did,14,en-us,186.973017
0.80611014,,0.70366913,161.9,161.7,not,14,en-us,186.973017
0.80611014,,0.91283858,162.4,161.9,prepared,14,en-us,186.973017
0.80611014,,0.72155637,162.6,162.4,for,14,en-us,186.973017
0.80611014,,0.86665821,162.8,162.6,this,14,en-us,186.973017
0.80611014,,0.91283858,163.3,162.8,dramatic,14,en-us,186.973017
0.80611014,,0.67146981,163.9,163.3,increase,14,en-us,186.973017
0.80611014,,0.91283858,165.9,165.7,and,14,en-us,186.973017
0.80611014,,0.69346756,166.5,165.9,also,14,en-us,186.973017
0.80611014,,0.90920115,167.0,166.7,Korea,14,en-us,186.973017
0.80611014,,0.91283858,167.2,167.0,is,14,en-us,186.973017
0.80611014,,0.88609511,167.4,167.2,known,14,en-us,186.973017
0.80611014,,0.70379627,167.8,167.4,for,14,en-us,186.973017
0.80611014,,0.90920115,168.2,167.8,its,14,en-us,186.973017
0.80611014,,0.91283858,168.8,168.2,homogeneous,14,en-us,186.973017
0.80611014,,0.88094234,169.5,168.8,society,14,en-us,186.973017
0.80611014,,0.91283858,171.2,170.7,majority,14,en-us,186.973017
0.80611014,,0.91283858,171.4,171.2,of,14,en-us,186.973017
0.80611014,,0.91283858,171.7,171.4,Korean,14,en-us,186.973017
0.80611014,,0.77175063,172.3,171.7,citizens,14,en-us,186.973017
0.80611014,,0.8833617,174.4,174.2,don't,14,en-us,186.973017
0.80611014,,0.74091685,175.2,174.4,expect,14,en-us,186.973017
0.80611014,,0.91283858,176.2,176.1,that,14,en-us,186.973017
0.80611014,,0.73261863,176.5,176.2,much,14,en-us,186.973017
0.80611014,,0.81104702,176.8,176.5,racial,14,en-us,186.973017
0.80611014,,0.71035993,177.3,176.8,diversity,14,en-us,186.973017
0.80611014,,0.91283858,177.4,177.3,in,14,en-us,186.973017
0.80611014,,0.72840202,177.6,177.4,their,14,en-us,186.973017
0.80611014,,0.91283858,178.1,177.6,society,14,en-us,186.973017
0.80611014,,0.67490983,178.7,178.1,and,14,en-us,186.973017
0.80611014,,0.72840202,180.3,180.0,they,14,en-us,186.973017
0.80611014,,0.71508366,180.6,180.4,have,14,en-us,186.973017
0.80611014,,0.71508378,181.0,180.6,not,14,en-us,186.973017
0.80611014,,0.6934675,181.4,181.0,received,14,en-us,186.973017
0.80611014,,0.74496686,181.6,181.4,enough,14,en-us,186.973017
0.80611014,,0.73131967,182.5,181.6,education,14,en-us,186.973017
0.80611014,,0.63790804,183.6,182.8,to,14,en-us,186.973017
0.80611014,,0.73261857,184.7,184.0,accept,14,en-us,186.973017
0.80611014,,0.72155643,185.2,184.9,people,14,en-us,186.973017
0.80611014,,0.91283858,185.3,185.2,of,14,en-us,186.973017
0.80611014,,0.7586118,186.0,185.3,different,14,en-us,186.973017
0.80611014,,0.7509985,186.5,186.0,ethnic,14,en-us,186.973017
0.80611014,,0.7246812,186.8,186.5,diversity,14,en-us,186.973017
0.77303696, increased by 10 volt like more than tenfold and Nation probably did not prepared for this dramatic increase and also Korea is known for its homogeneous society majority of Korean citizens don't expect that much racial diversity in their society and they have not received enough education to accept people of different ethnic diversity,0.70004034,157.7,157.3,increased,14,en-us,186.983041
0.77303696,,0.91283858,157.8,157.7,by,14,en-us,186.983041
0.77303696,,0.76093137,158.1,157.8,10,14,en-us,186.983041
0.77303696,,0.7137084,158.4,158.1,volt,14,en-us,186.983041
0.77303696,,0.87525213,158.5,158.4,like,14,en-us,186.983041
0.77303696,,0.76150334,158.7,158.5,more,14,en-us,186.983041
0.77303696,,0.70101798,158.9,158.7,than,14,en-us,186.983041
0.77303696,,0.69085407,159.6,158.9,tenfold,14,en-us,186.983041
0.77303696,,0.60114318,160.5,159.9,and,14,en-us,186.983041
0.77303696,,0.91283858,161.2,160.8,Nation,14,en-us,186.983041
0.77303696,,0.71950996,161.6,161.2,probably,14,en-us,186.983041
0.77303696,,0.91283858,161.7,161.6,did,14,en-us,186.983041
0.77303696,,0.64185166,161.9,161.7,not,14,en-us,186.983041
0.77303696,,0.91283858,162.4,161.9,prepared,14,en-us,186.983041
0.77303696,,0.6573686,162.6,162.4,for,14,en-us,186.983041
0.77303696,,0.74177128,162.8,162.6,this,14,en-us,186.983041
0.77303696,,0.91283858,163.3,162.8,dramatic,14,en-us,186.983041
0.77303696,,0.59461397,163.9,163.3,increase,14,en-us,186.983041
0.77303696,,0.91283858,165.9,165.7,and,14,en-us,186.983041
0.77303696,,0.63756615,166.5,165.9,also,14,en-us,186.983041
0.77303696,,0.88853216,167.0,166.7,Korea,14,en-us,186.983041
0.77303696,,0.91283858,167.2,167.0,is,14,en-us,186.983041
0.77303696,,0.91283858,167.5,167.2,known,14,en-us,186.983041
0.77303696,,0.6837166,167.8,167.5,for,14,en-us,186.983041
0.77303696,,0.91283858,168.1,167.8,its,14,en-us,186.983041
0.77303696,,0.91283858,168.8,168.1,homogeneous,14,en-us,186.983041
0.77303696,,0.77603054,169.5,168.8,society,14,en-us,186.983041
0.77303696,,0.91283858,171.2,170.8,majority,14,en-us,186.983041
0.77303696,,0.91283858,171.4,171.2,of,14,en-us,186.983041
0.77303696,,0.87092978,171.7,171.4,Korean,14,en-us,186.983041
0.77303696,,0.74656439,172.3,171.7,citizens,14,en-us,186.983041
0.77303696,,0.91283858,174.4,174.2,don't,14,en-us,186.983041
0.77303696,,0.72083789,175.2,174.4,expect,14,en-us,186.983041
0.77303696,,0.91283858,176.2,176.0,that,14,en-us,186.983041
0.77303696,,0.7204265,176.5,176.2,much,14,en-us,186.983041
0.77303696,,0.75286335,176.8,176.5,racial,14,en-us,186.983041
0.77303696,,0.66859293,177.3,176.8,diversity,14,en-us,186.983041
0.77303696,,0.91283858,177.4,177.3,in,14,en-us,186.983041
0.77303696,,0.71752298,177.6,177.4,their,14,en-us,186.983041
0.77303696,,0.86489809,178.1,177.6,society,14,en-us,186.983041
0.77303696,,0.60379308,178.7,178.1,and,14,en-us,186.983041
0.77303696,,0.72150731,180.4,180.0,they,14,en-us,186.983041
0.77303696,,0.68739086,180.6,180.4,have,14,en-us,186.983041
0.77303696,,0.68739092,181.0,180.6,not,14,en-us,186.983041
0.77303696,,0.63756615,181.3,181.0,received,14,en-us,186.983041
0.77303696,,0.72751218,181.6,181.3,enough,14,en-us,186.983041
0.77303696,,0.72001582,182.5,181.6,education,14,en-us,186.983041
0.77303696,,0.55257303,183.5,182.8,to,14,en-us,186.983041
0.77303696,,0.72042644,184.7,184.0,accept,14,en-us,186.983041
0.77303696,,0.70858878,185.2,184.9,people,14,en-us,186.983041
0.77303696,,0.91283858,185.3,185.2,of,14,en-us,186.983041
0.77303696,,0.72884899,186.0,185.3,different,14,en-us,186.983041
0.77303696,,0.7263391,186.5,186.0,ethnic,14,en-us,186.983041
0.77303696,,0.70858878,186.8,186.5,diversity,14,en-us,186.983041
0.84952718, and I believe that such educational and,0.91283858,187.7,187.5,and,14,en-us,191.332881
0.84952718,,0.74133062,187.8,187.7,I,14,en-us,191.332881
0.84952718,,0.85200018,188.2,187.8,believe,14,en-us,191.332881
0.84952718,,0.79249573,188.4,188.2,that,14,en-us,191.332881
0.84952718,,0.85944891,188.9,188.4,such,14,en-us,191.332881
0.84952718,,0.91283858,190.2,189.1,educational,14,en-us,191.332881
0.84952718,,0.87573779,190.9,190.2,and,14,en-us,191.332881
0.87033689, and I believe that such educational and,0.91283858,187.7,187.5,and,14,en-us,191.372973
0.87033689,,0.7683264,187.8,187.7,I,14,en-us,191.372973
0.87033689,,0.8731268,188.2,187.8,believe,14,en-us,191.372973
0.87033689,,0.85462809,188.4,188.2,that,14,en-us,191.372973
0.87033689,,0.88068146,188.9,188.4,such,14,en-us,191.372973
0.87033689,,0.91283858,190.2,189.1,educational,14,en-us,191.372973
0.87033689,,0.88991827,190.9,190.3,and,14,en-us,191.372973
0.81847483, in terms of government subsidy wise such funding should be acquired first before accepting that many refugees because there are potential for racial discrimination and there's also potential for the government not being able to take care of the refugees they accepted because of their because they did not prepare for that many refugees entering the country,0.91283858,192.2,192.1,in,14,en-us,215.297099
0.81847483,,0.91283858,192.5,192.2,terms,14,en-us,215.297099
0.81847483,,0.91283858,192.6,192.5,of,14,en-us,215.297099
0.81847483,,0.91283858,192.9,192.6,government,14,en-us,215.297099
0.81847483,,0.91283858,193.4,192.9,subsidy,14,en-us,215.297099
0.81847483,,0.87865269,193.9,193.4,wise,14,en-us,215.297099
0.81847483,,0.91283858,194.4,194.0,such,14,en-us,215.297099
0.81847483,,0.91283858,195.0,194.4,funding,14,en-us,215.297099
0.81847483,,0.91283858,195.2,195.1,should,14,en-us,215.297099
0.81847483,,0.89422178,195.8,195.2,be,14,en-us,215.297099
0.81847483,,0.91283858,196.6,196.0,acquired,14,en-us,215.297099
0.81847483,,0.91283858,196.9,196.6,first,14,en-us,215.297099
0.81847483,,0.91283858,197.3,196.9,before,14,en-us,215.297099
0.81847483,,0.91283858,197.9,197.3,accepting,14,en-us,215.297099
0.81847483,,0.91283858,198.1,197.9,that,14,en-us,215.297099
0.81847483,,0.91283858,198.6,198.1,many,14,en-us,215.297099
0.81847483,,0.91283858,199.5,198.8,refugees,14,en-us,215.297099
0.81847483,,0.91283858,200.0,199.7,because,14,en-us,215.297099
0.81847483,,0.57025415,200.1,200.0,there,14,en-us,215.297099
0.81847483,,0.72267032,200.2,200.1,are,14,en-us,215.297099
0.81847483,,0.72729129,200.8,200.2,potential,14,en-us,215.297099
0.81847483,,0.70113546,201.4,200.8,for,14,en-us,215.297099
0.81847483,,0.91283858,201.8,201.5,racial,14,en-us,215.297099
0.81847483,,0.58389783,202.7,201.8,discrimination,14,en-us,215.297099
0.81847483,,0.74191314,202.8,202.7,and,14,en-us,215.297099
0.81847483,,0.91283858,203.0,202.8,there's,14,en-us,215.297099
0.81847483,,0.84037364,203.3,203.0,also,14,en-us,215.297099
0.81847483,,0.73655665,203.8,203.3,potential,14,en-us,215.297099
0.81847483,,0.62393492,204.2,203.8,for,14,en-us,215.297099
0.81847483,,0.91283858,204.5,204.4,the,14,en-us,215.297099
0.81847483,,0.91283858,204.9,204.5,government,14,en-us,215.297099
0.81847483,,0.70113546,205.1,204.9,not,14,en-us,215.297099
0.81847483,,0.81498438,205.3,205.1,being,14,en-us,215.297099
0.81847483,,0.72442096,205.6,205.3,able,14,en-us,215.297099
0.81847483,,0.74191314,205.7,205.6,to,14,en-us,215.297099
0.81847483,,0.91283858,205.9,205.7,take,14,en-us,215.297099
0.81847483,,0.67095345,206.2,205.9,care,14,en-us,215.297099
0.81847483,,0.91283858,206.3,206.2,of,14,en-us,215.297099
0.81847483,,0.91283858,206.3,206.3,the,14,en-us,215.297099
0.81847483,,0.91283858,206.9,206.3,refugees,14,en-us,215.297099
0.81847483,,0.91283858,207.1,206.9,they,14,en-us,215.297099
0.81847483,,0.72488767,207.9,207.1,accepted,14,en-us,215.297099
0.81847483,,0.6806522,208.5,207.9,because,14,en-us,215.297099
0.81847483,,0.63161975,208.9,208.6,of,14,en-us,215.297099
0.81847483,,0.72360134,209.6,208.9,their,14,en-us,215.297099
0.81847483,,0.75070363,210.6,210.3,because,14,en-us,215.297099
0.81847483,,0.71592188,210.8,210.6,they,14,en-us,215.297099
0.81847483,,0.91283858,210.9,210.8,did,14,en-us,215.297099
0.81847483,,0.65205473,211.1,210.9,not,14,en-us,215.297099
0.81847483,,0.77254814,211.4,211.1,prepare,14,en-us,215.297099
0.81847483,,0.91283858,211.6,211.4,for,14,en-us,215.297099
0.81847483,,0.66207141,211.9,211.6,that,14,en-us,215.297099
0.81847483,,0.91283858,212.2,211.9,many,14,en-us,215.297099
0.81847483,,0.81936806,212.9,212.2,refugees,14,en-us,215.297099
0.81847483,,0.72681916,213.7,213.1,entering,14,en-us,215.297099
0.81847483,,0.91283858,214.2,214.1,the,14,en-us,215.297099
0.81847483,,0.64619279,214.8,214.2,country,14,en-us,215.297099
0.80756807, in terms of government subsidy wise such funding should be acquired first before accepting that many refugees because there are potential for racial discrimination and there's also potential for the government not being able to take care of the refugees they accepted because of their because they did not prepare for that many refugees entering the country,0.91283858,192.2,192.1,in,14,en-us,215.337191
0.80756807,,0.91283858,192.5,192.2,terms,14,en-us,215.337191
0.80756807,,0.91283858,192.6,192.5,of,14,en-us,215.337191
0.80756807,,0.91283858,192.9,192.6,government,14,en-us,215.337191
0.80756807,,0.91283858,193.4,192.9,subsidy,14,en-us,215.337191
0.80756807,,0.91283858,193.9,193.4,wise,14,en-us,215.337191
0.80756807,,0.91283858,194.4,194.0,such,14,en-us,215.337191
0.80756807,,0.91283858,195.0,194.4,funding,14,en-us,215.337191
0.80756807,,0.91283858,195.3,195.1,should,14,en-us,215.337191
0.80756807,,0.91283858,195.8,195.3,be,14,en-us,215.337191
0.80756807,,0.91283858,196.6,196.0,acquired,14,en-us,215.337191
0.80756807,,0.91283858,196.9,196.6,first,14,en-us,215.337191
0.80756807,,0.91283858,197.3,196.9,before,14,en-us,215.337191
0.80756807,,0.91283858,197.9,197.3,accepting,14,en-us,215.337191
0.80756807,,0.91283858,198.1,197.9,that,14,en-us,215.337191
0.80756807,,0.91283858,198.6,198.1,many,14,en-us,215.337191
0.80756807,,0.91283858,199.5,198.7,refugees,14,en-us,215.337191
0.80756807,,0.91283858,200.0,199.7,because,14,en-us,215.337191
0.80756807,,0.54542756,200.1,200.0,there,14,en-us,215.337191
0.80756807,,0.7234351,200.2,200.1,are,14,en-us,215.337191
0.80756807,,0.73316252,200.8,200.2,potential,14,en-us,215.337191
0.80756807,,0.70711374,201.4,200.8,for,14,en-us,215.337191
0.80756807,,0.91283858,201.8,201.5,racial,14,en-us,215.337191
0.80756807,,0.58723271,202.6,201.8,discrimination,14,en-us,215.337191
0.80756807,,0.71557832,202.8,202.6,and,14,en-us,215.337191
0.80756807,,0.91283858,203.0,202.8,there's,14,en-us,215.337191
0.80756807,,0.73695242,203.2,203.0,also,14,en-us,215.337191
0.80756807,,0.75354671,203.8,203.2,potential,14,en-us,215.337191
0.80756807,,0.60694391,204.2,203.8,for,14,en-us,215.337191
0.80756807,,0.91283858,204.5,204.4,the,14,en-us,215.337191
0.80756807,,0.89669967,204.9,204.5,government,14,en-us,215.337191
0.80756807,,0.67901582,205.1,204.9,not,14,en-us,215.337191
0.80756807,,0.72758454,205.3,205.1,being,14,en-us,215.337191
0.80756807,,0.7228862,205.6,205.3,able,14,en-us,215.337191
0.80756807,,0.73695242,205.7,205.6,to,14,en-us,215.337191
0.80756807,,0.80426621,205.9,205.7,take,14,en-us,215.337191
0.80756807,,0.67901582,206.1,205.9,care,14,en-us,215.337191
0.80756807,,0.91283858,206.2,206.1,of,14,en-us,215.337191
0.80756807,,0.91283858,206.4,206.2,the,14,en-us,215.337191
0.80756807,,0.91283858,206.9,206.4,refugees,14,en-us,215.337191
0.80756807,,0.72360682,207.0,206.9,they,14,en-us,215.337191
0.80756807,,0.72256005,207.9,207.0,accepted,14,en-us,215.337191
0.80756807,,0.64891982,208.5,207.9,because,14,en-us,215.337191
0.80756807,,0.5565865,208.9,208.6,of,14,en-us,215.337191
0.80756807,,0.73184752,209.5,208.9,their,14,en-us,215.337191
0.80756807,,0.74430197,210.6,210.3,because,14,en-us,215.337191
0.80756807,,0.73184752,210.7,210.6,they,14,en-us,215.337191
0.80756807,,0.91283858,210.9,210.7,did,14,en-us,215.337191
0.80756807,,0.63626617,211.1,210.9,not,14,en-us,215.337191
0.80756807,,0.73184741,211.5,211.1,prepare,14,en-us,215.337191
0.80756807,,0.91283858,211.6,211.5,for,14,en-us,215.337191
0.80756807,,0.66013277,211.9,211.6,that,14,en-us,215.337191
0.80756807,,0.91283858,212.2,211.9,many,14,en-us,215.337191
0.80756807,,0.87125683,212.9,212.2,refugees,14,en-us,215.337191
0.80756807,,0.71462119,213.7,213.1,entering,14,en-us,215.337191
0.80756807,,0.91283858,214.2,214.1,the,14,en-us,215.337191
0.80756807,,0.64230132,214.8,214.2,country,14,en-us,215.337191
0.84753013, and in addition to my position I would like to assert that I would like to bring out the question of the security of locals when we accepted at least to the Jeju Island or there enough policies in hand to secure the,0.91283858,217.0,216.4,and,14,en-us,235.893698
0.84753013,,0.91283858,218.0,217.9,in,14,en-us,235.893698
0.84753013,,0.91283858,218.5,218.0,addition,14,en-us,235.893698
0.84753013,,0.91283858,219.1,218.5,to,14,en-us,235.893698
0.84753013,,0.91283858,219.8,219.3,my,14,en-us,235.893698
0.84753013,,0.75767189,220.5,220.0,position,14,en-us,235.893698
0.84753013,,0.91283858,220.6,220.5,I,14,en-us,235.893698
0.84753013,,0.91283858,220.7,220.6,would,14,en-us,235.893698
0.84753013,,0.90051425,220.9,220.7,like,14,en-us,235.893698
0.84753013,,0.89993507,221.0,220.9,to,14,en-us,235.893698
0.84753013,,0.86297989,221.4,221.0,assert,14,en-us,235.893698
0.84753013,,0.77057528,221.9,221.4,that,14,en-us,235.893698
0.84753013,,0.91283858,222.9,222.8,I,14,en-us,235.893698
0.84753013,,0.91283858,223.0,222.9,would,14,en-us,235.893698
0.84753013,,0.91283858,223.1,223.0,like,14,en-us,235.893698
0.84753013,,0.91283858,223.2,223.1,to,14,en-us,235.893698
0.84753013,,0.89387876,224.2,223.9,bring,14,en-us,235.893698
0.84753013,,0.85093975,224.4,224.2,out,14,en-us,235.893698
0.84753013,,0.91283858,224.5,224.4,the,14,en-us,235.893698
0.84753013,,0.91283858,225.1,224.5,question,14,en-us,235.893698
0.84753013,,0.91283858,225.2,225.1,of,14,en-us,235.893698
0.84753013,,0.91283858,225.4,225.2,the,14,en-us,235.893698
0.84753013,,0.91283858,225.8,225.4,security,14,en-us,235.893698
0.84753013,,0.85093975,225.9,225.8,of,14,en-us,235.893698
0.84753013,,0.91283858,226.5,225.9,locals,14,en-us,235.893698
0.84753013,,0.84080011,227.7,227.2,when,14,en-us,235.893698
0.84753013,,0.82455152,228.0,227.7,we,14,en-us,235.893698
0.84753013,,0.68901628,228.6,228.0,accepted,14,en-us,235.893698
0.84753013,,0.66743749,228.8,228.6,at,14,en-us,235.893698
0.84753013,,0.69216543,229.0,228.8,least,14,en-us,235.893698
0.84753013,,0.66682565,229.1,229.0,to,14,en-us,235.893698
0.84753013,,0.69723481,229.2,229.1,the,14,en-us,235.893698
0.84753013,,0.75182289,229.6,229.2,Jeju,14,en-us,235.893698
0.84753013,,0.7262249,230.1,229.6,Island,14,en-us,235.893698
0.84753013,,0.91283858,230.5,230.4,or,14,en-us,235.893698
0.84753013,,0.83139443,230.7,230.5,there,14,en-us,235.893698
0.84753013,,0.90066421,231.1,230.7,enough,14,en-us,235.893698
0.84753013,,0.84743685,231.8,231.1,policies,14,en-us,235.893698
0.84753013,,0.91283858,233.1,232.9,in,14,en-us,235.893698
0.84753013,,0.91283858,233.5,233.1,hand,14,en-us,235.893698
0.84753013,,0.71941328,234.0,233.5,to,14,en-us,235.893698
0.84753013,,0.83214277,234.8,234.2,secure,14,en-us,235.893698
0.84753013,,0.7124663,235.3,234.8,the,14,en-us,235.893698
0.80795521, and in addition to my position I would like to assert that I would like to bring out the question of the security of locals when we accept that he used to Jeju Island are there enough policies in hand to secure the,0.91283858,217.0,216.4,and,14,en-us,235.923767
0.80795521,,0.91283858,218.0,217.9,in,14,en-us,235.923767
0.80795521,,0.91283858,218.5,218.0,addition,14,en-us,235.923767
0.80795521,,0.91283858,219.1,218.5,to,14,en-us,235.923767
0.80795521,,0.91283858,219.8,219.3,my,14,en-us,235.923767
0.80795521,,0.72505987,220.5,220.0,position,14,en-us,235.923767
0.80795521,,0.91283858,220.6,220.5,I,14,en-us,235.923767
0.80795521,,0.90524787,220.7,220.6,would,14,en-us,235.923767
0.80795521,,0.90524787,220.9,220.7,like,14,en-us,235.923767
0.80795521,,0.86083579,221.0,220.9,to,14,en-us,235.923767
0.80795521,,0.78225988,221.4,221.0,assert,14,en-us,235.923767
0.80795521,,0.73418725,221.9,221.4,that,14,en-us,235.923767
0.80795521,,0.91283858,222.9,222.8,I,14,en-us,235.923767
0.80795521,,0.91283858,223.0,222.9,would,14,en-us,235.923767
0.80795521,,0.82814896,223.1,223.0,like,14,en-us,235.923767
0.80795521,,0.86083579,223.2,223.1,to,14,en-us,235.923767
0.80795521,,0.89720333,224.2,223.9,bring,14,en-us,235.923767
0.80795521,,0.77529591,224.4,224.2,out,14,en-us,235.923767
0.80795521,,0.91283858,224.5,224.4,the,14,en-us,235.923767
0.80795521,,0.91283858,225.1,224.5,question,14,en-us,235.923767
0.80795521,,0.91283858,225.2,225.1,of,14,en-us,235.923767
0.80795521,,0.91283858,225.4,225.2,the,14,en-us,235.923767
0.80795521,,0.91283858,225.8,225.4,security,14,en-us,235.923767
0.80795521,,0.76130867,226.0,225.8,of,14,en-us,235.923767
0.80795521,,0.91283858,226.5,226.0,locals,14,en-us,235.923767
0.80795521,,0.79410255,227.7,227.2,when,14,en-us,235.923767
0.80795521,,0.8006444,228.0,227.7,we,14,en-us,235.923767
0.80795521,,0.75932467,228.5,228.0,accept,14,en-us,235.923767
0.80795521,,0.63572633,228.7,228.5,that,14,en-us,235.923767
0.80795521,,0.35315269,228.8,228.7,he,14,en-us,235.923767
0.80795521,,0.91283858,229.1,228.8,used,14,en-us,235.923767
0.80795521,,0.67486507,229.2,229.1,to,14,en-us,235.923767
0.80795521,,0.91283858,229.6,229.2,Jeju,14,en-us,235.923767
0.80795521,,0.40378726,230.2,229.6,Island,14,en-us,235.923767
0.80795521,,0.91283858,230.5,230.4,are,14,en-us,235.923767
0.80795521,,0.74250889,230.7,230.5,there,14,en-us,235.923767
0.80795521,,0.54839277,231.1,230.7,enough,14,en-us,235.923767
0.80795521,,0.75485164,231.8,231.1,policies,14,en-us,235.923767
0.80795521,,0.91283858,233.1,232.9,in,14,en-us,235.923767
0.80795521,,0.91283858,233.5,233.1,hand,14,en-us,235.923767
0.80795521,,0.59309721,234.0,233.5,to,14,en-us,235.923767
0.80795521,,0.72460616,234.8,234.2,secure,14,en-us,235.923767
0.80795521,,0.57745522,235.3,234.8,the,14,en-us,235.923767
0.91283858, security security of locals and with respect to refugees coming in,0.91283858,237.0,236.6,security,14,en-us,243.861726
0.91283858,,0.91283858,237.5,237.0,security,14,en-us,243.861726
0.91283858,,0.91283858,237.6,237.5,of,14,en-us,243.861726
0.91283858,,0.91283858,238.2,237.6,locals,14,en-us,243.861726
0.91283858,,0.91283858,238.7,238.4,and,14,en-us,243.861726
0.91283858,,0.91283858,240.6,240.4,with,14,en-us,243.861726
0.91283858,,0.91283858,241.1,240.6,respect,14,en-us,243.861726
0.91283858,,0.91283858,241.2,241.1,to,14,en-us,243.861726
0.91283858,,0.91283858,241.7,241.2,refugees,14,en-us,243.861726
0.91283858,,0.91283858,242.0,241.7,coming,14,en-us,243.861726
0.91283858,,0.91283858,242.3,242.0,in,14,en-us,243.861726
0.91283858, security security of locals and with respect to refugees coming in,0.91283858,237.0,236.6,security,14,en-us,243.951929
0.91283858,,0.91283858,237.5,237.0,security,14,en-us,243.951929
0.91283858,,0.91283858,237.6,237.5,of,14,en-us,243.951929
0.91283858,,0.91283858,238.1,237.6,locals,14,en-us,243.951929
0.91283858,,0.91283858,238.7,238.4,and,14,en-us,243.951929
0.91283858,,0.91283858,240.6,240.4,with,14,en-us,243.951929
0.91283858,,0.91283858,241.1,240.6,respect,14,en-us,243.951929
0.91283858,,0.91283858,241.2,241.1,to,14,en-us,243.951929
0.91283858,,0.91283858,241.6,241.2,refugees,14,en-us,243.951929
0.91283858,,0.91283858,242.0,241.6,coming,14,en-us,243.951929
0.91283858,,0.91283858,242.3,242.0,in,14,en-us,243.951929
0.80905867, so I would like to I would like to say something against what you have just argued primarily primarily she's here but she has argued that South Korea isn't over isn't ready to accept these refugees however in considering an economic standpoint and considering how the nation is stable South Korea in terms in terms of these are it is much more capable of accepting refugees than four examples some Nations who have already,0.91283858,245.8,245.6,so,14,en-us,274.531114
0.80905867,,0.91283858,245.9,245.8,I,14,en-us,274.531114
0.80905867,,0.91283858,246.1,245.9,would,14,en-us,274.531114
0.80905867,,0.91283858,246.4,246.1,like,14,en-us,274.531114
0.80905867,,0.91283858,246.8,246.4,to,14,en-us,274.531114
0.80905867,,0.91283858,247.8,247.7,I,14,en-us,274.531114
0.80905867,,0.91283858,247.9,247.8,would,14,en-us,274.531114
0.80905867,,0.91283858,248.1,247.9,like,14,en-us,274.531114
0.80905867,,0.91283858,248.2,248.1,to,14,en-us,274.531114
0.80905867,,0.91283858,248.4,248.2,say,14,en-us,274.531114
0.80905867,,0.91283858,248.7,248.4,something,14,en-us,274.531114
0.80905867,,0.91283858,249.1,248.7,against,14,en-us,274.531114
0.80905867,,0.91283858,249.4,249.1,what,14,en-us,274.531114
0.80905867,,0.91283858,249.5,249.4,you,14,en-us,274.531114
0.80905867,,0.91283858,249.8,249.5,have,14,en-us,274.531114
0.80905867,,0.91283858,250.3,249.8,just,14,en-us,274.531114
0.80905867,,0.91283858,251.0,250.3,argued,14,en-us,274.531114
0.80905867,,0.91283858,253.3,252.2,primarily,14,en-us,274.531114
0.80905867,,0.91283858,255.8,254.9,primarily,14,en-us,274.531114
0.80905867,,0.55136299,256.7,256.1,she's,14,en-us,274.531114
0.80905867,,0.55136305,256.8,256.7,here,14,en-us,274.531114
0.80905867,,0.55136299,257.0,256.8,but,14,en-us,274.531114
0.80905867,,0.91003358,257.2,257.0,she,14,en-us,274.531114
0.80905867,,0.69784439,257.3,257.2,has,14,en-us,274.531114
0.80905867,,0.91283858,257.8,257.3,argued,14,en-us,274.531114
0.80905867,,0.70069242,257.9,257.8,that,14,en-us,274.531114
0.80905867,,0.91283858,258.2,258.0,South,14,en-us,274.531114
0.80905867,,0.88821125,258.6,258.2,Korea,14,en-us,274.531114
0.80905867,,0.72667855,259.0,258.6,isn't,14,en-us,274.531114
0.80905867,,0.72266555,259.4,259.0,over,14,en-us,274.531114
0.80905867,,0.91283858,259.7,259.4,isn't,14,en-us,274.531114
0.80905867,,0.84573185,260.0,259.7,ready,14,en-us,274.531114
0.80905867,,0.58475208,260.4,260.0,to,14,en-us,274.531114
0.80905867,,0.91283858,260.8,260.5,accept,14,en-us,274.531114
0.80905867,,0.72294998,261.0,260.8,these,14,en-us,274.531114
0.80905867,,0.91283858,261.5,261.0,refugees,14,en-us,274.531114
0.80905867,,0.91283858,261.9,261.5,however,14,en-us,274.531114
0.80905867,,0.70517492,262.2,261.9,in,14,en-us,274.531114
0.80905867,,0.77126652,263.0,262.5,considering,14,en-us,274.531114
0.80905867,,0.7712664,263.2,263.0,an,14,en-us,274.531114
0.80905867,,0.91283858,263.7,263.2,economic,14,en-us,274.531114
0.80905867,,0.70692921,264.3,263.7,standpoint,14,en-us,274.531114
0.80905867,,0.91283858,264.4,264.3,and,14,en-us,274.531114
0.80905867,,0.72468317,265.0,264.4,considering,14,en-us,274.531114
0.80905867,,0.7276386,265.2,265.0,how,14,en-us,274.531114
0.80905867,,0.91283858,265.3,265.2,the,14,en-us,274.531114
0.80905867,,0.7117219,265.7,265.3,nation,14,en-us,274.531114
0.80905867,,0.91283858,265.8,265.7,is,14,en-us,274.531114
0.80905867,,0.89706594,266.2,265.8,stable,14,en-us,274.531114
0.80905867,,0.91283858,266.5,266.2,South,14,en-us,274.531114
0.80905867,,0.72151315,267.2,266.5,Korea,14,en-us,274.531114
0.80905867,,0.91283858,267.8,267.6,in,14,en-us,274.531114
0.80905867,,0.6972056,268.2,267.8,terms,14,en-us,274.531114
0.80905867,,0.91283858,268.5,268.4,in,14,en-us,274.531114
0.80905867,,0.61861086,268.7,268.5,terms,14,en-us,274.531114
0.80905867,,0.71457505,268.9,268.7,of,14,en-us,274.531114
0.80905867,,0.7276386,269.1,268.9,these,14,en-us,274.531114
0.80905867,,0.73715931,269.2,269.1,are,14,en-us,274.531114
0.80905867,,0.71475786,269.3,269.2,it,14,en-us,274.531114
0.80905867,,0.66928297,269.5,269.3,is,14,en-us,274.531114
0.80905867,,0.87708747,269.7,269.5,much,14,en-us,274.531114
0.80905867,,0.75721121,269.9,269.7,more,14,en-us,274.531114
0.80905867,,0.69844484,270.3,269.9,capable,14,en-us,274.531114
0.80905867,,0.91283858,270.4,270.3,of,14,en-us,274.531114
0.80905867,,0.70894819,270.8,270.4,accepting,14,en-us,274.531114
0.80905867,,0.6316539,271.4,270.8,refugees,14,en-us,274.531114
0.80905867,,0.6899935,271.6,271.4,than,14,en-us,274.531114
0.80905867,,0.91283858,271.8,271.6,four,14,en-us,274.531114
0.80905867,,0.66804069,272.5,271.8,examples,14,en-us,274.531114
0.80905867,,0.71902126,273.3,272.9,some,14,en-us,274.531114
0.80905867,,0.91283858,273.8,273.3,Nations,14,en-us,274.531114
0.80905867,,0.72822315,273.9,273.8,who,14,en-us,274.531114
0.80905867,,0.58205754,274.1,273.9,have,14,en-us,274.531114
0.80905867,,0.79018337,274.4,274.1,already,14,en-us,274.531114
0.90365559, I like to disagree on how he said that Korea is economically and economically and just stable in general which is stated Korea is at state of war the war between South Korea and North Korea has not ended since since 1945 the which the war started after World War 2 so which is around that time all the men in Korea go to military are,0.91283858,357.7,355.9,I,14,en-us,385.852975
0.90365559,,0.91283858,358.0,357.7,like,14,en-us,385.852975
0.90365559,,0.91283858,358.2,358.0,to,14,en-us,385.852975
0.90365559,,0.91283858,358.6,358.2,disagree,14,en-us,385.852975
0.90365559,,0.91283858,358.9,358.6,on,14,en-us,385.852975
0.90365559,,0.91283858,359.2,358.9,how,14,en-us,385.852975
0.90365559,,0.91283858,359.4,359.2,he,14,en-us,385.852975
0.90365559,,0.91283858,359.7,359.4,said,14,en-us,385.852975
0.90365559,,0.91283858,360.0,359.7,that,14,en-us,385.852975
0.90365559,,0.91283858,360.2,360.0,Korea,14,en-us,385.852975
0.90365559,,0.91283858,360.5,360.2,is,14,en-us,385.852975
0.90365559,,0.91283858,361.0,360.5,economically,14,en-us,385.852975
0.90365559,,0.91283858,361.9,361.0,and,14,en-us,385.852975
0.90365559,,0.91283858,364.0,361.9,economically,14,en-us,385.852975
0.90365559,,0.91283858,364.4,364.0,and,14,en-us,385.852975
0.90365559,,0.91283858,365.2,364.4,just,14,en-us,385.852975
0.90365559,,0.91283858,365.8,365.2,stable,14,en-us,385.852975
0.90365559,,0.91283858,365.8,365.8,in,14,en-us,385.852975
0.90365559,,0.91283858,366.2,365.8,general,14,en-us,385.852975
0.90365559,,0.91283858,366.7,366.2,which,14,en-us,385.852975
0.90365559,,0.91283858,366.8,366.7,is,14,en-us,385.852975
0.90365559,,0.91283858,367.1,366.8,stated,14,en-us,385.852975
0.90365559,,0.91283858,368.9,367.1,Korea,14,en-us,385.852975
0.90365559,,0.91283858,369.1,368.9,is,14,en-us,385.852975
0.90365559,,0.91283858,369.3,369.1,at,14,en-us,385.852975
0.90365559,,0.91283858,369.6,369.3,state,14,en-us,385.852975
0.90365559,,0.91283858,369.7,369.6,of,14,en-us,385.852975
0.90365559,,0.91283858,370.0,369.7,war,14,en-us,385.852975
0.90365559,,0.91283858,371.0,370.0,the,14,en-us,385.852975
0.90365559,,0.91283858,371.2,371.0,war,14,en-us,385.852975
0.90365559,,0.91283858,371.4,371.2,between,14,en-us,385.852975
0.90365559,,0.91283858,371.8,371.4,South,14,en-us,385.852975
0.90365559,,0.91283858,371.9,371.8,Korea,14,en-us,385.852975
0.90365559,,0.91283858,372.1,371.9,and,14,en-us,385.852975
0.90365559,,0.91283858,372.2,372.1,North,14,en-us,385.852975
0.90365559,,0.91283858,372.4,372.2,Korea,14,en-us,385.852975
0.90365559,,0.91283858,372.9,372.4,has,14,en-us,385.852975
0.90365559,,0.91283858,372.9,372.9,not,14,en-us,385.852975
0.90365559,,0.91283858,373.3,372.9,ended,14,en-us,385.852975
0.90365559,,0.70610833,374.7,373.3,since,14,en-us,385.852975
0.90365559,,0.91283858,376.2,374.7,since,14,en-us,385.852975
0.90365559,,0.91283858,376.9,376.2,1945,14,en-us,385.852975
0.90365559,,0.91283858,377.2,376.9,the,14,en-us,385.852975
0.90365559,,0.91283858,377.5,377.2,which,14,en-us,385.852975
0.90365559,,0.91283858,377.8,377.5,the,14,en-us,385.852975
0.90365559,,0.91283858,378.0,377.8,war,14,en-us,385.852975
0.90365559,,0.91283858,378.3,378.0,started,14,en-us,385.852975
0.90365559,,0.91283858,378.5,378.3,after,14,en-us,385.852975
0.90365559,,0.91283858,378.6,378.5,World,14,en-us,385.852975
0.90365559,,0.91283858,378.7,378.6,War,14,en-us,385.852975
0.90365559,,0.91283858,379.0,378.7,2,14,en-us,385.852975
0.90365559,,0.91283858,379.1,379.0,so,14,en-us,385.852975
0.90365559,,0.91283858,379.3,379.1,which,14,en-us,385.852975
0.90365559,,0.91283858,379.7,379.3,is,14,en-us,385.852975
0.90365559,,0.91283858,379.9,379.7,around,14,en-us,385.852975
0.90365559,,0.91283858,380.1,379.9,that,14,en-us,385.852975
0.90365559,,0.91283858,380.4,380.1,time,14,en-us,385.852975
0.90365559,,0.91283858,382.4,380.4,all,14,en-us,385.852975
0.90365559,,0.91283858,382.5,382.4,the,14,en-us,385.852975
0.90365559,,0.91283858,382.8,382.5,men,14,en-us,385.852975
0.90365559,,0.91283858,383.1,382.8,in,14,en-us,385.852975
0.90365559,,0.91283858,383.4,383.1,Korea,14,en-us,385.852975
0.90365559,,0.66856098,384.1,383.4,go,14,en-us,385.852975
0.90365559,,0.91283858,384.2,384.1,to,14,en-us,385.852975
0.90365559,,0.7577945,384.5,384.2,military,14,en-us,385.852975
0.90365559,,0.91283858,385.6,384.5,are,14,en-us,385.852975
0.91283822, I like to disagree on how he said that Korea is economically and economically and just stable in general which you stated Korea is that state of war the war between South Korea and North Korea has not ended since since 1945 the which the war started after World War 2 so which is around that time all the men in Korea go to a military our Force our,0.91283858,357.8,357.7,I,14,en-us,387.396467
0.91283822,,0.91283858,358.1,357.8,like,14,en-us,387.396467
0.91283822,,0.91283858,358.2,358.1,to,14,en-us,387.396467
0.91283822,,0.91283858,358.8,358.2,disagree,14,en-us,387.396467
0.91283822,,0.91283858,359.0,358.8,on,14,en-us,387.396467
0.91283822,,0.91283858,359.2,359.0,how,14,en-us,387.396467
0.91283822,,0.91283858,359.4,359.2,he,14,en-us,387.396467
0.91283822,,0.91283858,359.7,359.4,said,14,en-us,387.396467
0.91283822,,0.91283858,359.9,359.7,that,14,en-us,387.396467
0.91283822,,0.91283858,360.4,359.9,Korea,14,en-us,387.396467
0.91283822,,0.91283858,360.6,360.4,is,14,en-us,387.396467
0.91283822,,0.91283858,361.5,360.6,economically,14,en-us,387.396467
0.91283822,,0.91283858,362.3,361.5,and,14,en-us,387.396467
0.91283822,,0.91283858,364.4,363.7,economically,14,en-us,387.396467
0.91283822,,0.91283858,364.9,364.4,and,14,en-us,387.396467
0.91283822,,0.91283858,365.3,364.9,just,14,en-us,387.396467
0.91283822,,0.91283858,365.7,365.3,stable,14,en-us,387.396467
0.91283822,,0.91283858,365.8,365.7,in,14,en-us,387.396467
0.91283822,,0.91283858,366.3,365.8,general,14,en-us,387.396467
0.91283822,,0.91283858,366.7,366.5,which,14,en-us,387.396467
0.91283822,,0.91283858,366.7,366.7,you,14,en-us,387.396467
0.91283822,,0.91283858,367.4,366.7,stated,14,en-us,387.396467
0.91283822,,0.91283858,368.9,368.6,Korea,14,en-us,387.396467
0.91283822,,0.91283858,369.1,368.9,is,14,en-us,387.396467
0.91283822,,0.91283858,369.3,369.1,that,14,en-us,387.396467
0.91283822,,0.91283858,369.6,369.3,state,14,en-us,387.396467
0.91283822,,0.91283858,369.8,369.6,of,14,en-us,387.396467
0.91283822,,0.91283858,370.2,369.8,war,14,en-us,387.396467
0.91283822,,0.91283858,371.0,370.8,the,14,en-us,387.396467
0.91283822,,0.91283858,371.2,371.0,war,14,en-us,387.396467
0.91283822,,0.91283858,371.5,371.2,between,14,en-us,387.396467
0.91283822,,0.91283858,371.8,371.5,South,14,en-us,387.396467
0.91283822,,0.91283858,372.0,371.8,Korea,14,en-us,387.396467
0.91283822,,0.91283858,372.1,372.0,and,14,en-us,387.396467
0.91283822,,0.91283858,372.3,372.1,North,14,en-us,387.396467
0.91283822,,0.91283858,372.7,372.3,Korea,14,en-us,387.396467
0.91283822,,0.91283858,372.8,372.7,has,14,en-us,387.396467
0.91283822,,0.91283858,373.1,372.8,not,14,en-us,387.396467
0.91283822,,0.91283858,373.8,373.1,ended,14,en-us,387.396467
0.91283822,,0.91283858,375.1,374.4,since,14,en-us,387.396467
0.91283822,,0.91283858,376.1,375.9,since,14,en-us,387.396467
0.91283822,,0.91283858,377.1,376.1,1945,14,en-us,387.396467
0.91283822,,0.91283858,377.2,377.1,the,14,en-us,387.396467
0.91283822,,0.91283858,377.7,377.2,which,14,en-us,387.396467
0.91283822,,0.91283858,377.8,377.7,the,14,en-us,387.396467
0.91283822,,0.91283858,377.9,377.8,war,14,en-us,387.396467
0.91283822,,0.91283858,378.3,377.9,started,14,en-us,387.396467
0.91283822,,0.91283858,378.5,378.3,after,14,en-us,387.396467
0.91283822,,0.91283858,378.6,378.5,World,14,en-us,387.396467
0.91283822,,0.91283858,378.7,378.6,War,14,en-us,387.396467
0.91283822,,0.91283858,378.9,378.7,2,14,en-us,387.396467
0.91283822,,0.91283858,379.1,378.9,so,14,en-us,387.396467
0.91283822,,0.91283858,379.5,379.1,which,14,en-us,387.396467
0.91283822,,0.91283858,379.7,379.5,is,14,en-us,387.396467
0.91283822,,0.91283858,379.9,379.7,around,14,en-us,387.396467
0.91283822,,0.91283858,380.1,379.9,that,14,en-us,387.396467
0.91283822,,0.91283858,380.5,380.1,time,14,en-us,387.396467
0.91283822,,0.91283858,382.4,382.2,all,14,en-us,387.396467
0.91283822,,0.91283858,382.5,382.4,the,14,en-us,387.396467
0.91283822,,0.91283858,383.0,382.5,men,14,en-us,387.396467
0.91283822,,0.91283858,383.3,383.1,in,14,en-us,387.396467
0.91283822,,0.91283858,383.9,383.3,Korea,14,en-us,387.396467
0.91283822,,0.91283858,384.0,383.9,go,14,en-us,387.396467
0.91283822,,0.91283858,384.2,384.0,to,14,en-us,387.396467
0.91283822,,0.91283858,384.2,384.2,a,14,en-us,387.396467
0.91283822,,0.91283858,385.1,384.2,military,14,en-us,387.396467
0.91283822,,0.91283858,385.5,385.4,our,14,en-us,387.396467
0.91283822,,0.91283858,385.9,385.5,Force,14,en-us,387.396467
0.91283822,,0.91283858,386.5,385.9,our,14,en-us,387.396467
0.80526143, are required to go to military because of the situation I believe that the situation is hardly stable and also you said that because there are many people of Muslim background in Korea people in Korea are prepared to accept refugees well I would like to say I disagree that with you because,0.91283858,386.4,385.9,are,14,en-us,407.562091
0.80526143,,0.91283858,388.0,387.6,required,14,en-us,407.562091
0.80526143,,0.91283858,388.1,388.0,to,14,en-us,407.562091
0.80526143,,0.91283858,388.1,388.1,go,14,en-us,407.562091
0.80526143,,0.91283858,388.2,388.1,to,14,en-us,407.562091
0.80526143,,0.91283858,388.7,388.2,military,14,en-us,407.562091
0.80526143,,0.91283858,389.0,388.7,because,14,en-us,407.562091
0.80526143,,0.91283858,389.1,389.0,of,14,en-us,407.562091
0.80526143,,0.91283858,389.2,389.1,the,14,en-us,407.562091
0.80526143,,0.91283858,390.0,389.2,situation,14,en-us,407.562091
0.80526143,,0.91283858,390.6,390.3,I,14,en-us,407.562091
0.80526143,,0.91283858,391.0,390.6,believe,14,en-us,407.562091
0.80526143,,0.91283858,391.2,391.0,that,14,en-us,407.562091
0.80526143,,0.58415455,391.3,391.2,the,14,en-us,407.562091
0.80526143,,0.71767437,391.8,391.3,situation,14,en-us,407.562091
0.80526143,,0.75197577,392.0,391.8,is,14,en-us,407.562091
0.80526143,,0.74602598,392.4,392.0,hardly,14,en-us,407.562091
0.80526143,,0.78190434,393.1,392.4,stable,14,en-us,407.562091
0.80526143,,0.8966831,393.8,393.4,and,14,en-us,407.562091
0.80526143,,0.70513606,394.3,393.8,also,14,en-us,407.562091
0.80526143,,0.91283858,394.4,394.3,you,14,en-us,407.562091
0.80526143,,0.70951283,394.7,394.4,said,14,en-us,407.562091
0.80526143,,0.63059717,395.2,394.7,that,14,en-us,407.562091
0.80526143,,0.76168257,396.2,395.9,because,14,en-us,407.562091
0.80526143,,0.91283858,396.3,396.2,there,14,en-us,407.562091
0.80526143,,0.70951283,396.4,396.3,are,14,en-us,407.562091
0.80526143,,0.72013468,397.0,396.4,many,14,en-us,407.562091
0.80526143,,0.71620083,397.5,397.2,people,14,en-us,407.562091
0.80526143,,0.91283858,397.6,397.5,of,14,en-us,407.562091
0.80526143,,0.72757775,398.0,397.6,Muslim,14,en-us,407.562091
0.80526143,,0.91283858,398.4,398.0,background,14,en-us,407.562091
0.80526143,,0.75197572,398.5,398.4,in,14,en-us,407.562091
0.80526143,,0.75714743,399.0,398.5,Korea,14,en-us,407.562091
0.80526143,,0.68444008,399.5,399.0,people,14,en-us,407.562091
0.80526143,,0.73911184,399.8,399.5,in,14,en-us,407.562091
0.80526143,,0.89021051,400.1,399.8,Korea,14,en-us,407.562091
0.80526143,,0.75197577,400.2,400.1,are,14,en-us,407.562091
0.80526143,,0.91283858,400.7,400.2,prepared,14,en-us,407.562091
0.80526143,,0.75197577,400.9,400.7,to,14,en-us,407.562091
0.80526143,,0.6456542,401.6,400.9,accept,14,en-us,407.562091
0.80526143,,0.64474022,402.4,401.6,refugees,14,en-us,407.562091
0.80526143,,0.91283858,402.7,402.5,well,14,en-us,407.562091
0.80526143,,0.91283858,402.8,402.7,I,14,en-us,407.562091
0.80526143,,0.80420923,403.0,402.8,would,14,en-us,407.562091
0.80526143,,0.72757775,403.1,403.0,like,14,en-us,407.562091
0.80526143,,0.69881755,403.4,403.1,to,14,en-us,407.562091
0.80526143,,0.71442652,403.8,403.4,say,14,en-us,407.562091
0.80526143,,0.90836012,404.0,404.0,I,14,en-us,407.562091
0.80526143,,0.69099045,404.8,404.3,disagree,14,en-us,407.562091
0.80526143,,0.62408137,405.4,404.8,that,14,en-us,407.562091
0.80526143,,0.91283858,406.1,405.9,with,14,en-us,407.562091
0.80526143,,0.91283858,406.4,406.1,you,14,en-us,407.562091
0.80526143,,0.65194488,406.9,406.4,because,14,en-us,407.562091
0.77765179, regard to go to military because of the situation I believe that this situation is hardly stable and also you said that because there are many people of Muslim background in Korea people in Korea are prepared to accept refugees well I was like to say I disagree that with you because,0.91283858,388.0,387.6,regard,14,en-us,407.582136
0.77765179,,0.91283858,388.0,388.0,to,14,en-us,407.582136
0.77765179,,0.91283858,388.2,388.0,go,14,en-us,407.582136
0.77765179,,0.91283858,388.3,388.2,to,14,en-us,407.582136
0.77765179,,0.91283858,388.7,388.3,military,14,en-us,407.582136
0.77765179,,0.91283858,389.0,388.7,because,14,en-us,407.582136
0.77765179,,0.91283858,389.1,389.0,of,14,en-us,407.582136
0.77765179,,0.91283858,389.2,389.1,the,14,en-us,407.582136
0.77765179,,0.91283858,390.0,389.2,situation,14,en-us,407.582136
0.77765179,,0.91283858,390.6,390.4,I,14,en-us,407.582136
0.77765179,,0.91283858,391.0,390.6,believe,14,en-us,407.582136
0.77765179,,0.91283858,391.2,391.0,that,14,en-us,407.582136
0.77765179,,0.57183754,391.3,391.2,this,14,en-us,407.582136
0.77765179,,0.7226373,391.8,391.3,situation,14,en-us,407.582136
0.77765179,,0.91283858,391.9,391.8,is,14,en-us,407.582136
0.77765179,,0.72632533,392.4,391.9,hardly,14,en-us,407.582136
0.77765179,,0.7440235,393.1,392.4,stable,14,en-us,407.582136
0.77765179,,0.88133305,393.8,393.4,and,14,en-us,407.582136
0.77765179,,0.7025488,394.3,393.8,also,14,en-us,407.582136
0.77765179,,0.91283858,394.4,394.3,you,14,en-us,407.582136
0.77765179,,0.71065986,394.7,394.4,said,14,en-us,407.582136
0.77765179,,0.60518038,395.2,394.7,that,14,en-us,407.582136
0.77765179,,0.72766739,396.2,395.9,because,14,en-us,407.582136
0.77765179,,0.91283858,396.3,396.2,there,14,en-us,407.582136
0.77765179,,0.70148093,396.4,396.3,are,14,en-us,407.582136
0.77765179,,0.71447432,397.0,396.4,many,14,en-us,407.582136
0.77765179,,0.70900351,397.5,397.2,people,14,en-us,407.582136
0.77765179,,0.74233013,397.6,397.5,of,14,en-us,407.582136
0.77765179,,0.72169805,397.9,397.6,Muslim,14,en-us,407.582136
0.77765179,,0.91283858,398.4,397.9,background,14,en-us,407.582136
0.77765179,,0.74233013,398.5,398.4,in,14,en-us,407.582136
0.77765179,,0.74820173,399.0,398.5,Korea,14,en-us,407.582136
0.77765179,,0.66480452,399.5,399.0,people,14,en-us,407.582136
0.77765179,,0.91283858,399.7,399.5,in,14,en-us,407.582136
0.77765179,,0.88133305,400.1,399.7,Korea,14,en-us,407.582136
0.77765179,,0.74233013,400.2,400.1,are,14,en-us,407.582136
0.77765179,,0.91283858,400.8,400.2,prepared,14,en-us,407.582136
0.77765179,,0.91283858,400.9,400.8,to,14,en-us,407.582136
0.77765179,,0.61759758,401.6,400.9,accept,14,en-us,407.582136
0.77765179,,0.61071706,402.4,401.6,refugees,14,en-us,407.582136
0.77765179,,0.81587029,402.7,402.5,well,14,en-us,407.582136
0.77765179,,0.91283858,402.8,402.7,I,14,en-us,407.582136
0.77765179,,0.74768913,403.0,402.8,was,14,en-us,407.582136
0.77765179,,0.71170282,403.2,403.0,like,14,en-us,407.582136
0.77765179,,0.91283858,403.3,403.2,to,14,en-us,407.582136
0.77765179,,0.61384004,403.8,403.3,say,14,en-us,407.582136
0.77765179,,0.36235347,404.4,404.3,I,14,en-us,407.582136
0.77765179,,0.35358369,404.8,404.4,disagree,14,en-us,407.582136
0.77765179,,0.5819599,405.4,404.8,that,14,en-us,407.582136
0.77765179,,0.73801702,406.1,405.9,with,14,en-us,407.582136
0.77765179,,0.91283858,406.3,406.1,you,14,en-us,407.582136
0.77765179,,0.44191602,406.9,406.3,because,14,en-us,407.582136
0.68801618, although there are many people up foreign background in Korea I believe that they have not integrated well into the society well just seeing the kinds of community of the separation between the international population and the Korean population I believe that further education and some campaigning is needed to prepare the Korean citizens to accept those refugees and except on visually different people into their society and in terms of humanitarian,0.91283858,408.6,408.3,although,14,en-us,438.041048
0.68801618,,0.91283858,408.8,408.6,there,14,en-us,438.041048
0.68801618,,0.91283858,409.0,408.8,are,14,en-us,438.041048
0.68801618,,0.91283858,409.2,409.0,many,14,en-us,438.041048
0.68801618,,0.91283858,409.6,409.2,people,14,en-us,438.041048
0.68801618,,0.64699942,409.8,409.6,up,14,en-us,438.041048
0.68801618,,0.40006417,410.0,409.8,foreign,14,en-us,438.041048
0.68801618,,0.72685361,410.6,410.0,background,14,en-us,438.041048
0.68801618,,0.73484045,410.7,410.6,in,14,en-us,438.041048
0.68801618,,0.56113255,411.4,410.7,Korea,14,en-us,438.041048
0.68801618,,0.54735833,411.6,411.4,I,14,en-us,438.041048
0.68801618,,0.91283858,412.3,411.6,believe,14,en-us,438.041048
0.68801618,,0.6537686,412.6,412.3,that,14,en-us,438.041048
0.68801618,,0.72385103,412.8,412.6,they,14,en-us,438.041048
0.68801618,,0.49882892,413.0,412.8,have,14,en-us,438.041048
0.68801618,,0.91283858,413.3,413.0,not,14,en-us,438.041048
0.68801618,,0.91283858,413.9,413.3,integrated,14,en-us,438.041048
0.68801618,,0.70903116,414.1,413.9,well,14,en-us,438.041048
0.68801618,,0.45701492,414.4,414.1,into,14,en-us,438.041048
0.68801618,,0.91283858,414.5,414.4,the,14,en-us,438.041048
0.68801618,,0.68444675,415.1,414.5,society,14,en-us,438.041048
0.68801618,,0.77303845,415.7,415.3,well,14,en-us,438.041048
0.68801618,,0.91283858,415.9,415.7,just,14,en-us,438.041048
0.68801618,,0.74007607,416.2,415.9,seeing,14,en-us,438.041048
0.68801618,,0.6996147,416.3,416.2,the,14,en-us,438.041048
0.68801618,,0.43536273,416.5,416.3,kinds,14,en-us,438.041048
0.68801618,,0.36414322,416.6,416.5,of,14,en-us,438.041048
0.68801618,,0.71037704,417.3,416.6,community,14,en-us,438.041048
0.68801618,,0.42327854,417.6,417.3,of,14,en-us,438.041048
0.68801618,,0.60783249,417.9,417.6,the,14,en-us,438.041048
0.68801618,,0.71992594,418.5,417.9,separation,14,en-us,438.041048
0.68801618,,0.38702175,418.9,418.5,between,14,en-us,438.041048
0.68801618,,0.91283858,419.0,418.9,the,14,en-us,438.041048
0.68801618,,0.76034564,419.6,419.0,international,14,en-us,438.041048
0.68801618,,0.3547551,420.4,419.6,population,14,en-us,438.041048
0.68801618,,0.91283858,420.8,420.6,and,14,en-us,438.041048
0.68801618,,0.63705403,420.9,420.8,the,14,en-us,438.041048
0.68801618,,0.74462098,421.1,420.9,Korean,14,en-us,438.041048
0.68801618,,0.36883458,422.0,421.1,population,14,en-us,438.041048
0.68801618,,0.59128106,422.4,422.2,I,14,en-us,438.041048
0.68801618,,0.91283858,422.7,422.4,believe,14,en-us,438.041048
0.68801618,,0.63705403,422.9,422.7,that,14,en-us,438.041048
0.68801618,,0.66082019,423.2,422.9,further,14,en-us,438.041048
0.68801618,,0.74462098,424.0,423.2,education,14,en-us,438.041048
0.68801618,,0.36076686,424.3,424.0,and,14,en-us,438.041048
0.68801618,,0.91283858,424.5,424.3,some,14,en-us,438.041048
0.68801618,,0.67470902,425.2,424.5,campaigning,14,en-us,438.041048
0.68801618,,0.91283858,425.7,425.5,is,14,en-us,438.041048
0.68801618,,0.58012813,426.4,425.7,needed,14,en-us,438.041048
0.68801618,,0.49021566,427.2,426.4,to,14,en-us,438.041048
0.68801618,,0.63705403,429.2,428.9,prepare,14,en-us,438.041048
0.68801618,,0.91283858,429.3,429.2,the,14,en-us,438.041048
0.68801618,,0.75426787,429.6,429.3,Korean,14,en-us,438.041048
0.68801618,,0.74462098,430.2,429.6,citizens,14,en-us,438.041048
0.68801618,,0.91283858,430.4,430.2,to,14,en-us,438.041048
0.68801618,,0.83522403,430.9,430.4,accept,14,en-us,438.041048
0.68801618,,0.59128106,431.2,430.9,those,14,en-us,438.041048
0.68801618,,0.73672652,432.0,431.2,refugees,14,en-us,438.041048
0.68801618,,0.61527717,432.7,432.3,and,14,en-us,438.041048
0.68801618,,0.44725507,433.3,432.7,except,14,en-us,438.041048
0.68801618,,0.8541168,433.6,433.4,on,14,en-us,438.041048
0.68801618,,0.91283858,434.0,433.6,visually,14,en-us,438.041048
0.68801618,,0.4929117,434.4,434.0,different,14,en-us,438.041048
0.68801618,,0.91283858,434.7,434.4,people,14,en-us,438.041048
0.68801618,,0.72143382,434.9,434.7,into,14,en-us,438.041048
0.68801618,,0.71143275,435.1,434.9,their,14,en-us,438.041048
0.68801618,,0.36414844,435.8,435.1,society,14,en-us,438.041048
0.68801618,,0.35830957,436.8,436.3,and,14,en-us,438.041048
0.68801618,,0.91283858,436.9,436.8,in,14,en-us,438.041048
0.68801618,,0.73221755,437.1,436.9,terms,14,en-us,438.041048
0.68801618,,0.38702166,437.2,437.1,of,14,en-us,438.041048
0.68801618,,0.48703015,437.9,437.2,humanitarian,14,en-us,438.041048
0.85852641, although there are many people of foreign background in Korea I believe that they have not integrated well into the society well just seeing the Christ Community of the separation between the international population and the Korean population I believe that further education and some campaigning is needed to prepare the Korean citizens to accept those refugees and except on racially different people into their society and in terms of humanitarian,0.91283858,408.6,408.3,although,14,en-us,438.051071
0.85852641,,0.91283858,408.8,408.6,there,14,en-us,438.051071
0.85852641,,0.91283858,409.0,408.8,are,14,en-us,438.051071
0.85852641,,0.91283858,409.3,409.0,many,14,en-us,438.051071
0.85852641,,0.91283858,409.6,409.3,people,14,en-us,438.051071
0.85852641,,0.91283858,409.8,409.6,of,14,en-us,438.051071
0.85852641,,0.91283858,410.0,409.8,foreign,14,en-us,438.051071
0.85852641,,0.91283858,410.6,410.0,background,14,en-us,438.051071
0.85852641,,0.91283858,410.7,410.6,in,14,en-us,438.051071
0.85852641,,0.91283858,411.4,410.7,Korea,14,en-us,438.051071
0.85852641,,0.91283858,411.6,411.4,I,14,en-us,438.051071
0.85852641,,0.91283858,412.3,411.6,believe,14,en-us,438.051071
0.85852641,,0.91283858,412.6,412.3,that,14,en-us,438.051071
0.85852641,,0.91283858,412.8,412.6,they,14,en-us,438.051071
0.85852641,,0.91283858,413.0,412.8,have,14,en-us,438.051071
0.85852641,,0.91283858,413.3,413.0,not,14,en-us,438.051071
0.85852641,,0.91283858,413.9,413.3,integrated,14,en-us,438.051071
0.85852641,,0.91283858,414.1,413.9,well,14,en-us,438.051071
0.85852641,,0.91283858,414.4,414.1,into,14,en-us,438.051071
0.85852641,,0.91283858,414.5,414.4,the,14,en-us,438.051071
0.85852641,,0.91283858,415.1,414.5,society,14,en-us,438.051071
0.85852641,,0.91283858,415.7,415.3,well,14,en-us,438.051071
0.85852641,,0.91283858,415.9,415.7,just,14,en-us,438.051071
0.85852641,,0.91283858,416.2,415.9,seeing,14,en-us,438.051071
0.85852641,,0.91283858,416.3,416.2,the,14,en-us,438.051071
0.85852641,,0.71759284,416.6,416.3,Christ,14,en-us,438.051071
0.85852641,,0.8693698,417.3,416.6,Community,14,en-us,438.051071
0.85852641,,0.80499393,417.6,417.4,of,14,en-us,438.051071
0.85852641,,0.88300997,417.9,417.6,the,14,en-us,438.051071
0.85852641,,0.91283858,418.5,417.9,separation,14,en-us,438.051071
0.85852641,,0.74343318,418.9,418.5,between,14,en-us,438.051071
0.85852641,,0.91283858,419.0,418.9,the,14,en-us,438.051071
0.85852641,,0.77237248,419.6,419.0,international,14,en-us,438.051071
0.85852641,,0.72519183,420.4,419.6,population,14,en-us,438.051071
0.85852641,,0.91283858,420.7,420.6,and,14,en-us,438.051071
0.85852641,,0.74327719,420.9,420.7,the,14,en-us,438.051071
0.85852641,,0.91283858,421.1,420.9,Korean,14,en-us,438.051071
0.85852641,,0.7237764,422.0,421.1,population,14,en-us,438.051071
0.85852641,,0.76264596,422.4,422.2,I,14,en-us,438.051071
0.85852641,,0.91283858,422.7,422.4,believe,14,en-us,438.051071
0.85852641,,0.76264596,422.8,422.7,that,14,en-us,438.051071
0.85852641,,0.82720661,423.2,422.8,further,14,en-us,438.051071
0.85852641,,0.91283858,424.0,423.2,education,14,en-us,438.051071
0.85852641,,0.72329456,424.3,424.0,and,14,en-us,438.051071
0.85852641,,0.91283858,424.4,424.3,some,14,en-us,438.051071
0.85852641,,0.77264935,425.2,424.4,campaigning,14,en-us,438.051071
0.85852641,,0.90833157,425.7,425.5,is,14,en-us,438.051071
0.85852641,,0.75948882,426.4,425.7,needed,14,en-us,438.051071
0.85852641,,0.73893219,427.1,426.4,to,14,en-us,438.051071
0.85852641,,0.75948882,429.2,428.9,prepare,14,en-us,438.051071
0.85852641,,0.91283858,429.3,429.2,the,14,en-us,438.051071
0.85852641,,0.91283858,429.7,429.3,Korean,14,en-us,438.051071
0.85852641,,0.91283858,430.2,429.7,citizens,14,en-us,438.051071
0.85852641,,0.91283858,430.4,430.2,to,14,en-us,438.051071
0.85852641,,0.87928241,430.9,430.4,accept,14,en-us,438.051071
0.85852641,,0.76264596,431.2,430.9,those,14,en-us,438.051071
0.85852641,,0.89579755,432.0,431.2,refugees,14,en-us,438.051071
0.85852641,,0.82720661,432.7,432.3,and,14,en-us,438.051071
0.85852641,,0.73413849,433.3,432.7,except,14,en-us,438.051071
0.85852641,,0.88975555,433.6,433.4,on,14,en-us,438.051071
0.85852641,,0.91283858,434.0,433.6,racially,14,en-us,438.051071
0.85852641,,0.73555791,434.4,434.0,different,14,en-us,438.051071
0.85852641,,0.91283858,434.7,434.4,people,14,en-us,438.051071
0.85852641,,0.88975555,434.9,434.7,into,14,en-us,438.051071
0.85852641,,0.87259483,435.1,434.9,their,14,en-us,438.051071
0.85852641,,0.72290593,435.8,435.1,society,14,en-us,438.051071
0.85852641,,0.72005635,436.7,436.3,and,14,en-us,438.051071
0.85852641,,0.91283858,436.9,436.7,in,14,en-us,438.051071
0.85852641,,0.91283858,437.1,436.9,terms,14,en-us,438.051071
0.85852641,,0.78031564,437.2,437.1,of,14,en-us,438.051071
0.85852641,,0.73413849,437.9,437.2,humanitarian,14,en-us,438.051071
0.66045284, Aid I believe that I agree with you that if the Korea has the necessary means they should provide humanitarian Aid however,0.76004857,438.6,438.1,Aid,14,en-us,451.722
0.66045284,,0.3501246,439.0,438.8,I,14,en-us,451.722
0.66045284,,0.86200386,439.4,439.0,believe,14,en-us,451.722
0.66045284,,0.5507943,440.0,439.4,that,14,en-us,451.722
0.66045284,,0.35512087,441.6,441.4,I,14,en-us,451.722
0.66045284,,0.91283858,442.1,441.9,agree,14,en-us,451.722
0.66045284,,0.65329021,442.3,442.1,with,14,en-us,451.722
0.66045284,,0.91283858,442.5,442.3,you,14,en-us,451.722
0.66045284,,0.40814191,442.9,442.5,that,14,en-us,451.722
0.66045284,,0.63143259,444.1,443.7,if,14,en-us,451.722
0.66045284,,0.91283858,444.6,444.4,the,14,en-us,451.722
0.66045284,,0.91283858,444.9,444.6,Korea,14,en-us,451.722
0.66045284,,0.82675427,445.3,444.9,has,14,en-us,451.722
0.66045284,,0.91283858,445.4,445.3,the,14,en-us,451.722
0.66045284,,0.50183749,446.2,445.4,necessary,14,en-us,451.722
0.66045284,,0.51947951,446.9,446.4,means,14,en-us,451.722
0.66045284,,0.91283858,447.1,447.0,they,14,en-us,451.722
0.66045284,,0.44872123,447.4,447.1,should,14,en-us,451.722
0.66045284,,0.59266657,447.8,447.4,provide,14,en-us,451.722
0.66045284,,0.57041633,448.5,447.8,humanitarian,14,en-us,451.722
0.66045284,,0.44872114,449.0,448.5,Aid,14,en-us,451.722
0.66045284,,0.57337624,449.8,449.0,however,14,en-us,451.722
0.66738808, Aid I believe that I agree with you that if the Korea has the necessary means they should provide humanitarian Aid however,0.91283858,438.6,438.1,Aid,14,en-us,451.762091
0.66738808,,0.35026401,439.0,438.8,I,14,en-us,451.762091
0.66738808,,0.8618229,439.4,439.0,believe,14,en-us,451.762091
0.66738808,,0.61146802,440.0,439.4,that,14,en-us,451.762091
0.66738808,,0.35918674,441.7,441.5,I,14,en-us,451.762091
0.66738808,,0.91283858,442.1,441.8,agree,14,en-us,451.762091
0.66738808,,0.70138514,442.3,442.1,with,14,en-us,451.762091
0.66738808,,0.91283858,442.5,442.3,you,14,en-us,451.762091
0.66738808,,0.41314551,442.9,442.5,that,14,en-us,451.762091
0.66738808,,0.59229231,444.1,443.7,if,14,en-us,451.762091
0.66738808,,0.91283858,444.5,444.5,the,14,en-us,451.762091
0.66738808,,0.82648188,444.9,444.5,Korea,14,en-us,451.762091
0.66738808,,0.82648188,445.3,444.9,has,14,en-us,451.762091
0.66738808,,0.91283858,445.4,445.3,the,14,en-us,451.762091
0.66738808,,0.47898346,446.3,445.4,necessary,14,en-us,451.762091
0.66738808,,0.52791899,447.0,446.3,means,14,en-us,451.762091
0.66738808,,0.91283858,447.1,447.0,they,14,en-us,451.762091
0.66738808,,0.46174946,447.4,447.1,should,14,en-us,451.762091
0.66738808,,0.61110193,447.8,447.4,provide,14,en-us,451.762091
0.66738808,,0.5700044,448.5,447.8,humanitarian,14,en-us,451.762091
0.66738808,,0.45684049,449.0,448.5,Aid,14,en-us,451.762091
0.66738808,,0.55637968,449.8,449.0,however,14,en-us,451.762091
0.83424866, because of the situations that I said beforehand I believe that Korea is not prepared to accept that many refugees and if the nation cannot provide for those refugees they cannot they should not try to accept as refugees if they cannot care for them that well,0.91283858,453.5,453.2,because,14,en-us,470.434336
0.83424866,,0.91283858,453.6,453.5,of,14,en-us,470.434336
0.83424866,,0.91283858,453.7,453.6,the,14,en-us,470.434336
0.83424866,,0.91283858,454.3,453.7,situations,14,en-us,470.434336
0.83424866,,0.91283858,454.7,454.3,that,14,en-us,470.434336
0.83424866,,0.91283858,455.0,454.7,I,14,en-us,470.434336
0.83424866,,0.91283858,455.3,455.0,said,14,en-us,470.434336
0.83424866,,0.68440151,456.2,455.3,beforehand,14,en-us,470.434336
0.83424866,,0.91283858,456.9,456.8,I,14,en-us,470.434336
0.83424866,,0.7226631,457.2,456.9,believe,14,en-us,470.434336
0.83424866,,0.91283858,457.4,457.2,that,14,en-us,470.434336
0.83424866,,0.91283858,457.7,457.4,Korea,14,en-us,470.434336
0.83424866,,0.72449625,457.9,457.7,is,14,en-us,470.434336
0.83424866,,0.91283858,458.1,457.9,not,14,en-us,470.434336
0.83424866,,0.91283858,458.8,458.1,prepared,14,en-us,470.434336
0.83424866,,0.71924293,458.9,458.8,to,14,en-us,470.434336
0.83424866,,0.71383613,459.3,458.9,accept,14,en-us,470.434336
0.83424866,,0.72839606,459.5,459.3,that,14,en-us,470.434336
0.83424866,,0.91283858,459.6,459.5,many,14,en-us,470.434336
0.83424866,,0.85713512,460.4,459.6,refugees,14,en-us,470.434336
0.83424866,,0.88951594,460.8,460.6,and,14,en-us,470.434336
0.83424866,,0.74881762,461.1,460.8,if,14,en-us,470.434336
0.83424866,,0.72292668,461.6,461.1,the,14,en-us,470.434336
0.83424866,,0.91283858,462.0,461.7,nation,14,en-us,470.434336
0.83424866,,0.75455236,462.5,462.0,cannot,14,en-us,470.434336
0.83424866,,0.76391232,462.9,462.5,provide,14,en-us,470.434336
0.83424866,,0.91283858,463.0,462.9,for,14,en-us,470.434336
0.83424866,,0.81099784,463.3,463.0,those,14,en-us,470.434336
0.83424866,,0.71813631,463.9,463.3,refugees,14,en-us,470.434336
0.83424866,,0.91283858,464.3,464.1,they,14,en-us,470.434336
0.83424866,,0.72591841,464.9,464.3,cannot,14,en-us,470.434336
0.83424866,,0.91283858,465.8,465.6,they,14,en-us,470.434336
0.83424866,,0.91283858,466.0,465.8,should,14,en-us,470.434336
0.83424866,,0.72630048,466.4,466.0,not,14,en-us,470.434336
0.83424866,,0.91283858,466.6,466.4,try,14,en-us,470.434336
0.83424866,,0.70365125,466.7,466.6,to,14,en-us,470.434336
0.83424866,,0.91283858,467.1,466.7,accept,14,en-us,470.434336
0.83424866,,0.77323216,467.2,467.1,as,14,en-us,470.434336
0.83424866,,0.80698216,467.9,467.2,refugees,14,en-us,470.434336
0.83424866,,0.91283858,468.4,468.2,if,14,en-us,470.434336
0.83424866,,0.91283858,468.5,468.4,they,14,en-us,470.434336
0.83424866,,0.79081094,468.9,468.5,cannot,14,en-us,470.434336
0.83424866,,0.91283858,469.1,468.9,care,14,en-us,470.434336
0.83424866,,0.72353655,469.3,469.1,for,14,en-us,470.434336
0.83424866,,0.91283858,469.4,469.3,them,14,en-us,470.434336
0.83424866,,0.76320511,469.7,469.4,that,14,en-us,470.434336
0.83424866,,0.72889805,470.0,469.7,well,14,en-us,470.434336
0.81381232, because of the situations that I said beforehand I believe that Korea is not prepared to accept that many refugees and if the nation cannot provide for those refugees they cannot they should not try to accept as refugees if they cannot care for them that well,0.91283858,453.5,453.2,because,14,en-us,470.434337
0.81381232,,0.91283858,453.6,453.5,of,14,en-us,470.434337
0.81381232,,0.91283858,453.7,453.6,the,14,en-us,470.434337
0.81381232,,0.91283858,454.3,453.7,situations,14,en-us,470.434337
0.81381232,,0.91283858,454.7,454.3,that,14,en-us,470.434337
0.81381232,,0.91283858,454.9,454.7,I,14,en-us,470.434337
0.81381232,,0.91283858,455.3,454.9,said,14,en-us,470.434337
0.81381232,,0.66458791,456.2,455.3,beforehand,14,en-us,470.434337
0.81381232,,0.91283858,456.9,456.8,I,14,en-us,470.434337
0.81381232,,0.71538568,457.2,456.9,believe,14,en-us,470.434337
0.81381232,,0.83967006,457.4,457.2,that,14,en-us,470.434337
0.81381232,,0.91283858,457.7,457.4,Korea,14,en-us,470.434337
0.81381232,,0.72108358,457.9,457.7,is,14,en-us,470.434337
0.81381232,,0.87963206,458.1,457.9,not,14,en-us,470.434337
0.81381232,,0.91283858,458.8,458.1,prepared,14,en-us,470.434337
0.81381232,,0.71272093,458.9,458.8,to,14,en-us,470.434337
0.81381232,,0.70384192,459.3,458.9,accept,14,en-us,470.434337
0.81381232,,0.7386536,459.5,459.3,that,14,en-us,470.434337
0.81381232,,0.91283858,459.6,459.5,many,14,en-us,470.434337
0.81381232,,0.86744434,460.4,459.6,refugees,14,en-us,470.434337
0.81381232,,0.87991965,460.8,460.6,and,14,en-us,470.434337
0.81381232,,0.73857582,461.1,460.8,if,14,en-us,470.434337
0.81381232,,0.71933019,461.6,461.1,the,14,en-us,470.434337
0.81381232,,0.91283858,462.0,461.7,nation,14,en-us,470.434337
0.81381232,,0.74517477,462.5,462.0,cannot,14,en-us,470.434337
0.81381232,,0.75580281,462.9,462.5,provide,14,en-us,470.434337
0.81381232,,0.91283858,463.0,462.9,for,14,en-us,470.434337
0.81381232,,0.78565383,463.3,463.0,those,14,en-us,470.434337
0.81381232,,0.71111846,463.9,463.3,refugees,14,en-us,470.434337
0.81381232,,0.91283858,464.3,464.1,they,14,en-us,470.434337
0.81381232,,0.72267181,464.9,464.3,cannot,14,en-us,470.434337
0.81381232,,0.91283858,465.8,465.6,they,14,en-us,470.434337
0.81381232,,0.91283858,466.0,465.8,should,14,en-us,470.434337
0.81381232,,0.71810526,466.4,466.0,not,14,en-us,470.434337
0.81381232,,0.91283858,466.6,466.4,try,14,en-us,470.434337
0.81381232,,0.69480598,466.7,466.6,to,14,en-us,470.434337
0.81381232,,0.91283858,467.1,466.7,accept,14,en-us,470.434337
0.81381232,,0.404755,467.2,467.1,as,14,en-us,470.434337
0.81381232,,0.72556299,467.9,467.2,refugees,14,en-us,470.434337
0.81381232,,0.91283858,468.4,468.2,if,14,en-us,470.434337
0.81381232,,0.91283858,468.5,468.4,they,14,en-us,470.434337
0.81381232,,0.7291773,468.9,468.5,cannot,14,en-us,470.434337
0.81381232,,0.91283858,469.1,468.9,care,14,en-us,470.434337
0.81381232,,0.5997833,469.3,469.1,for,14,en-us,470.434337
0.81381232,,0.91283858,469.4,469.3,them,14,en-us,470.434337
0.81381232,,0.70373404,469.7,469.4,that,14,en-us,470.434337
0.81381232,,0.68954951,470.0,469.7,well,14,en-us,470.434337
0.77189142, I believe that a country should not be stressed,0.91283858,599.7,599.5,I,14,en-us,606.141367
0.77189142,,0.91283858,600.0,599.7,believe,14,en-us,606.141367
0.77189142,,0.91283858,600.5,600.0,that,14,en-us,606.141367
0.77189142,,0.60798359,600.6,600.5,a,14,en-us,606.141367
0.77189142,,0.723589,600.9,600.6,country,14,en-us,606.141367
0.77189142,,0.70631981,601.1,600.9,should,14,en-us,606.141367
0.77189142,,0.64979273,601.7,601.1,not,14,en-us,606.141367
0.77189142,,0.60798359,603.8,603.7,be,14,en-us,606.141367
0.77189142,,0.91283858,604.2,603.8,stressed,14,en-us,606.141367
0.88715297, I believe that our country should not be stressed,0.91283858,599.7,599.5,I,14,en-us,606.351844
0.88715297,,0.91283858,600.1,599.7,believe,14,en-us,606.351844
0.88715297,,0.91283858,600.5,600.1,that,14,en-us,606.351844
0.88715297,,0.91283858,600.6,600.5,our,14,en-us,606.351844
0.88715297,,0.91283858,600.9,600.6,country,14,en-us,606.351844
0.88715297,,0.91283858,601.1,600.9,should,14,en-us,606.351844
0.88715297,,0.91283858,601.7,601.1,not,14,en-us,606.351844
0.88715297,,0.90962934,603.8,603.7,be,14,en-us,606.351844
0.88715297,,0.68487769,604.2,603.8,stressed,14,en-us,606.351844
