timestamp,delta,lowAlpha,highAlpha,lowBeta,highBeta,lowGamma,middleGamma,theta,isValid,pid
1552029756236,2,1,1,1,1,1,6,1,1,18
1552029757245,0,0,1,0,1,0,3,0,1,18
1552029758230,26174,74469,11441,23285,7454,11176,147757,162441,1,18
1552029759251,39214,41868,31553,38375,27164,25418,805782,73241,1,18
1552029760460,4253,1557,2563,2297,3018,690,25914,5835,1,18
1552029761239,6448,12244,4190,6217,1523,4077,31258,15989,1,18
1552029762229,8689,3377,16342,5155,6002,7178,18409,18990,1,18
1552029763235,1265,8812,1267,3355,242,381,80343,6738,1,18
1552029764214,10620,24887,11239,17117,17377,9192,23220,47327,1,18
1552029765202,20850,4645,23987,14452,5476,11989,360640,57085,1,18
1552029766206,1966,1995,8200,2775,5856,5812,5155,7164,1,18
1552029767193,18558,11887,6018,10454,4709,6219,52452,9801,1,18
1552029768338,13368,11302,9247,2257,1390,2822,13718,5641,1,18
1552029769192,6674,1622,4537,2081,785,765,40121,18438,1,18
1552029770179,8632,816,10248,6580,4337,3484,11411,20056,1,18
1552029771181,5132,3179,10681,4793,2171,4484,10062,10532,1,18
1552029772192,16690,5202,7037,11443,2360,2339,5195,15773,1,18
1552029773194,20317,16342,4731,5190,2075,2774,2669,4855,1,18
1552029774190,8703,27197,3850,5363,3180,2097,11601,7580,1,18
1552029775173,23702,2589,13175,8711,1700,2398,5569,7831,1,18
1552029776269,1667,1578,6562,4265,521,1002,54730,4899,1,18
1552029777179,10262,6534,8800,5141,3891,7135,267903,56878,1,18
1552029778161,11941,10071,12808,13127,3936,1713,20182,31763,1,18
1552029779155,7157,7431,10669,5648,5636,3956,8823,11739,1,18
1552029780159,3728,12623,11542,12821,3472,2366,23594,8523,1,18
1552029781193,1895,16399,1593,16837,943,454,68554,80532,1,18
1552029782160,20975,28873,6995,8851,3169,3641,156861,36880,1,18
1552029783154,4037,4689,16569,6769,4146,3150,14226,11900,1,18
1552029784123,18275,34523,7044,22223,2854,1899,17581,34943,1,18
1552029785140,22175,6473,6702,7060,3652,2250,17450,1993,1,18
1552029786145,14595,7227,4193,8586,2405,2332,169377,32165,1,18
1552029787114,9818,9342,6289,8134,1776,1896,182695,59455,1,18
1552029788120,47587,31256,13949,46191,2442,7548,15139,7475,1,18
1552029789208,6763,2389,12365,14764,3555,4448,4788,13028,1,18
1552029790121,14529,11578,9099,8588,2206,8017,40520,8948,1,18
1552029791122,18091,12139,7881,12648,5713,6116,1176743,92252,1,18
1552029792127,9289,11774,2778,6439,1224,719,35162,22972,1,18
1552029793108,4013,3751,14913,3143,2066,3568,53401,26451,1,18
1552029794091,9052,5805,5065,7223,2961,3826,10283,5918,1,18
1552029795079,14444,6910,7693,2247,2091,2285,3871,5575,1,18
1552029796094,8398,3169,6873,4686,1873,2558,8668,7568,1,18
1552029797158,9929,11329,4378,4510,4396,2352,1956,8249,1,18
1552029798067,18578,19253,3702,12258,1089,3450,29804,21178,1,18
1552029799091,19147,4813,10211,7454,3387,2395,13246,10685,1,18
1552029800092,2886,1204,2928,4158,397,1408,75394,4210,1,18
1552029801072,3079,5992,3673,2514,981,1550,73924,12257,1,18
1552029802069,10567,651,7746,7320,3564,5051,24630,2288,1,18
1552029803074,23630,38257,9012,7479,2376,3953,698943,249877,1,18
1552029804049,3781,3204,7579,10899,794,1568,50254,36552,1,18
1552029805178,1722,4116,856,288,260,217,1241953,18426,1,18
1552029806064,11821,8399,2646,2298,972,2544,68877,19205,1,18
1552029807033,16125,39583,11897,14732,7725,4546,129087,61511,1,18
1552029808039,16746,11618,7751,8596,3836,4266,7213,62194,1,18
1552029809038,32075,9450,13536,28145,1597,4341,437805,367325,1,18
1552029810031,10871,49585,8283,15602,1940,4333,2586418,175290,1,18
1552029811048,19925,5105,15000,7747,1721,1400,37152,5328,1,18
1552029812043,7367,11972,6743,3327,989,654,88150,79450,1,18
1552029813155,12947,20401,12794,23996,1161,7335,1170476,129852,1,18
1552029814015,22981,5399,8299,3411,522,1278,1237668,49735,1,18
1552029815020,1038,1047,559,850,301,185,124282,5846,1,18
1552029816002,222867,127529,52724,61333,3919,10867,1464014,694357,1,18
1552029817023,5297,7342,1406,3410,270,383,629342,29462,1,18
1552029818027,1834,276,1936,1733,575,728,2399,5420,1,18
1552029819013,29685,2881,10719,18386,5884,3971,8087,3017,1,18
1552029820015,63293,25051,10100,37123,3725,4008,16605,10458,1,18
1552029821133,6093,4092,3902,12613,1639,2839,9970,42291,1,18
1552029821980,14054,5641,4463,10967,1965,3662,25531,8426,1,18
1552029822987,23582,5730,7374,7676,1816,2465,8915,13866,1,18
1552029823982,6123,1783,10633,7203,1718,5468,8701,8621,1,18
1552029824973,5504,16980,8686,6805,2178,3378,14197,11592,1,18
1552029825970,5322,2066,1312,4197,603,674,176890,36247,1,18
1552029826960,6107,3300,6618,2510,488,883,117870,30118,1,18
1552029827959,1256,2103,2433,2560,1149,1379,7429,9434,1,18
1552029829117,4674,16358,2440,2047,399,555,1502916,46283,1,18
1552029829943,1282,1355,1352,1797,120,126,1232913,16491,1,18
1552029830949,1857,1024,597,564,207,106,18348,8161,1,18
1552029831952,11447,4920,1809,1719,483,1231,17425,1238,1,18
1552029832935,39362,9283,3708,4221,2338,3166,26344,13138,1,18
1552029833989,9515,7268,16837,5250,5315,2799,28111,12917,1,18
1552029834940,2401,4254,2525,3274,1202,927,9851,3140,1,18
1552029835925,5546,13143,6302,4027,3001,3872,174832,18531,1,18
1552029836926,17919,34002,8034,6917,8980,5760,76952,162780,1,18
1552029837923,154,1918,669,1471,98,342,59744,10012,1,18
1552029838930,380,3752,1416,9025,397,1108,99221,21901,1,18
1552029839910,12564,7046,5848,32242,1344,1984,887962,95201,1,18
1552029840897,10977,10889,6579,8907,5163,4124,100629,53757,1,18
1552029841969,6149,12481,4812,6634,3273,7113,35603,19800,1,18
1552029842918,1356,9261,1369,4013,548,1147,55439,64302,1,18
1552029843887,13481,8272,10258,8685,1622,3591,11830,9259,1,18
1552029844911,6000,8204,8429,6928,689,1248,48909,26780,1,18
1552029845901,5079,7471,7633,11271,3267,3137,72460,26664,1,18
1552029846878,25651,19341,4429,10225,1703,5077,54130,13659,1,18
1552029847898,2286,1431,2072,8576,636,1746,74784,30511,1,18
1552029848877,3919,809,1297,1841,901,1869,10758,6553,1,18
1552029849974,791,3472,1060,2538,715,455,2491,6372,1,18
1552029850885,1567,6275,2471,5752,479,711,126160,70591,1,18
1552029851890,827,2114,1434,602,142,261,800568,22006,1,18
1552029852873,1430,1961,707,717,397,742,52568,4336,1,18
1552029853876,5375,1790,3847,3108,1055,1066,32329,20407,1,18
1552029854861,11228,11637,13509,4675,8501,5394,50395,12865,1,18
1552029855839,10789,19518,10367,29428,7832,11010,42365,69210,1,18
1552029856851,34178,8325,25407,15005,2719,10074,772916,130092,1,18
1552029857952,2507,8445,3117,4225,1140,2733,224809,5688,1,18
1552029858840,26437,87739,25929,37442,5703,8452,785656,340299,1,18
1552029859855,7351,7645,2089,4048,394,1004,936116,31945,1,18
1552029860834,2107,2658,2004,2175,1394,974,19092,8737,1,18
1552029861819,21386,11075,24637,18266,14748,22971,1984244,89195,1,18
1552029862832,4553,27048,8975,5074,2091,10300,225158,49722,1,18
1552029863806,6458,13862,4020,2443,2876,3400,1250770,27689,1,18
1552029864813,2297,1360,793,2274,330,438,139609,4781,1,18
1552029865955,5419,5292,1732,2483,585,944,956434,29742,1,18
1552029866799,23353,20625,12874,22719,14939,13307,765652,41664,1,18
1552029867818,1717,10919,2668,5366,664,677,545273,33560,1,18
1552029868803,8730,9916,4537,4090,2640,2440,471256,23083,1,18
1552029869788,4638,13043,29202,35836,22188,18551,1032775,173873,1,18
1552029870813,7149,45140,14800,6788,10186,14994,140490,68847,1,18
1552029871796,19563,99092,13792,21972,3377,9418,2269553,81972,1,18
1552029872774,92836,42422,29629,44247,5971,11264,1613058,140298,1,18
1552029873932,24596,20528,18559,16807,8303,21343,299599,584192,1,18
1552029874760,8856,34078,11877,12995,1116,2617,1040443,188537,1,18
1552029875779,19140,4557,2902,10759,2746,2312,227420,31064,1,18
1552029876772,6175,15471,6262,9411,4665,4892,770679,48649,1,18
1552029877766,9096,4644,4539,6057,2784,4969,19758,11216,1,18
1552029878809,44640,27652,30107,30706,11850,17583,819014,114716,1,18
1552029879751,11796,36550,11783,19204,2269,3496,886896,565349,1,18
1552029880742,658,7289,973,1846,677,1239,121908,19094,1,18
1552029881803,5343,24923,9033,4277,3826,3873,532666,104576,1,18
1552029882742,33703,29736,13403,13678,7663,12413,93610,291320,1,18
1552029883745,3575,6919,1317,2292,719,679,84565,11701,1,18
1552029884751,31573,32519,24731,11447,7547,17832,163706,200446,1,18
1552029885735,1392,283,2047,1308,411,243,44259,1313,1,18
1552029886780,6592,12023,23337,17097,6685,7658,547788,73267,1,18
1552029887721,3780,5005,3776,1583,2580,2377,19507,11963,1,18
1552029888739,1625,12814,5603,2903,2936,5641,254223,219446,1,18
1552029889726,4309,845,2819,1726,1527,5859,8498,2557,1,18
1552029890726,4201,3262,3865,6933,1590,2561,144192,15722,1,18
1552029891715,22138,3752,13251,9718,3008,6014,23810,15990,1,18
1552029892694,5283,11036,887,3098,245,490,872823,2162,1,18
1552029893712,4789,15783,4079,5757,1850,3250,312198,19157,1,18
1552029894842,14634,10422,3807,4426,697,1928,93273,61422,1,18
1552029895710,32598,27948,16073,11053,6425,3735,946482,304645,1,18
1552029896685,13619,8552,7503,5400,1370,2071,2525007,114630,1,18
1552029897704,23832,5943,2926,8506,1682,2678,24863,5178,1,18
1552029898705,4075,21351,3814,6249,1662,1362,89047,98824,1,18
1552029899711,62296,15133,24814,39506,11281,7814,1906790,368927,1,18
1552029900657,4604,2586,7545,10577,4913,4765,49752,90589,1,18
1552029901685,7033,6074,3382,7555,855,2318,143801,120794,1,18
1552029902751,106395,11287,27489,39845,7280,9807,2458564,123848,1,18
1552029903701,4785,1582,1980,2513,749,1629,302285,36932,1,18
1552029904687,28143,36280,8835,23878,3527,2291,2074337,402098,1,18
1552029905735,24213,32098,8411,27943,7841,5465,809382,123563,1,18
1552029906658,5115,4605,18785,5301,5029,1839,36724,31411,1,18
1552029907705,10142,23116,14773,13131,11464,10435,133125,58635,1,18
1552029908664,2116,13096,5931,2952,3915,4236,37511,42261,1,18
1552029909652,2676,1586,15124,5347,7543,8710,33610,4131,1,18
1552029910741,9773,15906,3930,9478,1218,2078,137344,109693,1,18
1552029911652,4903,5610,1425,7143,1881,1358,19335,3691,1,18
1552029912651,5876,5860,6487,2856,3612,4423,278183,41956,1,18
1552029913620,11502,9051,22057,9329,14365,14352,4725,13640,1,18
1552029914627,2330,1090,3939,5148,1563,1571,157628,23363,1,18
1552029915638,2213,18567,5261,16174,3356,4149,136438,29845,1,18
1552029916608,10391,7174,17286,13535,5639,11945,7590,6530,1,18
1552029917617,2349,12746,18178,16703,6772,7604,21702,55460,1,18
1552029918754,1430,2608,5747,5315,1650,1659,44754,19328,1,18
1552029919604,1878,3861,4243,1236,1049,2005,21247,17839,1,18
1552029920585,11822,41832,20488,14717,8400,12528,172546,62018,1,18
1552029921614,6744,19618,10378,16352,6575,12572,9102,7156,1,18
1552029922596,2225,253,678,737,1009,729,103577,11682,1,18
1552029923590,3828,13919,6247,7888,4043,2605,411675,17277,1,18
1552029924594,8704,38797,14224,21776,10160,27876,383894,46465,1,18
1552029925594,16938,97075,30851,8150,13862,14641,238042,206992,1,18
1552029926707,4585,10232,9601,3518,4482,6283,12749,18412,1,18
1552029927569,20674,14352,17831,25813,4669,4464,81766,19377,1,18
1552029928622,6854,3836,5004,8907,1318,2269,194904,50906,1,18
1552029929548,6212,17106,3743,7806,1179,2422,79831,74471,1,18
1552029930572,25273,30863,18339,33133,5720,13883,493001,397382,1,18
1552029931659,9481,9046,4564,3680,2562,1813,274603,35163,1,18
1552029932573,35435,40433,29533,26758,15089,16999,1380794,624195,1,18
1552029933537,6246,15269,4708,4814,2409,6374,624425,95512,1,18
1552029934610,7675,3735,5462,12128,7324,9816,13668,6618,1,18
1552029935565,33746,173927,27417,22015,13449,13161,491484,278630,1,18
1552029936565,4313,1708,3732,2525,1523,2655,100588,20734,1,18
1552029937544,726,5143,2115,2754,4450,1338,61026,38541,1,18
1552029938521,6533,3892,16456,18148,9349,9079,40671,17879,1,18
1552029939602,3851,11880,1970,1584,294,835,270795,21825,1,18
1552029940508,13687,25731,11887,21130,3073,18328,59435,46030,1,18
1552029941512,3688,3516,1038,1993,712,913,216356,16962,1,18
1552029942506,4811,8068,2116,2005,1594,1576,360244,20752,1,18
1552029943491,3788,6939,916,3408,427,566,112716,40303,1,18
1552029944490,7398,7593,7564,5426,2872,1966,195865,57313,1,18
1552029945518,38789,19385,29237,17983,9602,10644,575869,388470,1,18
1552029946482,563,3056,9633,3410,2197,9926,191144,12601,1,18
1552029947619,55405,9889,32247,56939,10735,9526,1053281,109548,1,18
1552029948490,5539,3930,12538,7627,4941,6387,587878,73628,1,18
1552029949489,21259,12903,27675,35929,8105,20735,8364,20988,1,18
1552029950471,769,5087,3702,7309,2333,2142,106226,34110,1,18
1552029951474,14936,15645,6758,7876,4641,34063,604539,52668,1,18
1552029952474,6482,9407,18586,14513,7208,6911,6942,3041,1,18
1552029953458,3332,12855,14871,10121,9549,12750,6989,19009,1,18
1552029954444,2929,9075,4809,1908,2222,1183,76385,14138,1,18
1552029955543,13653,4138,6402,11440,7425,5014,64535,63545,1,18
1552029956468,15914,25278,10617,9138,4384,11529,21363,39415,1,18
1552029957459,2939,7905,24345,6277,8923,14892,66896,124970,1,18
1552029958453,2167,3565,4082,2783,2012,2244,11904,870,1,18
1552029959460,42509,27225,10236,5281,11503,11791,311829,133384,1,18
1552029960424,9213,1901,17364,13362,21235,7733,32919,27685,1,18
1552029961448,9153,24690,7674,5356,1846,3889,22103,19836,1,18
1552029962444,30000,14865,15859,17695,6014,9843,119704,41942,1,18
1552029963532,993,902,2696,4552,1694,2677,24555,3355,1,18
1552029964410,9205,2282,10508,8435,6749,6328,10476,20115,1,18
1552029965422,3141,12203,2948,4377,1260,2150,122484,83279,1,18
1552029966418,4560,2766,15123,6876,5270,6354,334863,37431,1,18
1552029967418,30380,2653,10987,6088,5269,7092,28780,19128,1,18
1552029968480,6567,5091,20649,9438,9434,9352,26511,22457,1,18
1552029969390,6399,5247,10201,12402,6369,5277,18206,4839,1,18
1552029970419,5128,2940,8185,1571,1793,4080,80918,18654,1,18
1552029971590,6178,8352,27332,14798,5465,5597,23059,19796,1,18
1552029972384,3932,10771,9695,3239,5792,6793,281229,49959,1,18
1552029973403,115455,67674,32897,36176,11184,17975,43440,25792,1,18
1552029974384,23778,13714,15770,20702,5164,7446,310293,61219,1,18
1552029975374,6225,5923,21621,9697,8702,9186,19165,35148,1,18
1552029976423,6181,3571,16790,4497,5502,6438,12678,9326,1,18
1552029977354,849,2007,434,1394,561,1349,149946,9654,1,18
1552029978386,7757,7751,7570,4323,3543,5049,14019,26771,1,18
1552029979469,12417,28361,9641,30902,32525,25150,331398,213249,1,18
1552029980359,69141,77618,43994,20531,14816,18156,3185089,96513,1,18
1552029981346,15727,6965,9833,7782,5371,10141,18099,5055,1,18
1552029982366,2424,149,3557,2145,1262,2366,44184,22409,1,18
1552029983347,6864,36587,8931,10995,10324,6400,16678,27167,1,18
1552029984448,6786,1848,16989,7758,9764,7374,13240,30473,1,18
1552029985357,6798,7747,12799,5611,9273,5660,17410,33603,1,18
1552029986341,4730,2355,3801,5409,3201,1876,63471,42605,1,18
1552029987384,26178,33143,19871,5433,5979,11554,386074,185003,1,18
1552029988345,6134,13549,3852,3941,2647,3070,197508,24412,1,18
1552029989309,1742,20595,2973,6726,3277,5434,130921,96117,1,18
1552029990329,2346,1676,7149,4185,1834,5378,5716,3334,1,18
1552029991330,3412,9562,1770,3650,312,1310,174174,11704,1,18
1552029992476,27038,27140,16728,12371,9497,31972,444249,45811,1,18
1552029993304,2087,1296,4458,1599,1727,2303,11568,1762,1,18
1552029994289,3632,9519,1249,2870,685,632,539815,29955,1,18
1552029995306,2862,15972,5126,5536,3092,6321,14913,40144,1,18
1552029996307,5379,55358,15073,13198,6965,19637,56453,64681,1,18
1552029997285,10399,14288,7379,11474,11389,8406,73817,192302,1,18
1552029998294,3938,4216,3301,1696,1471,2397,12051,6785,1,18
1552029999282,5930,27245,11935,13493,15433,43125,585862,390580,1,18
1552030000366,2411,13066,3520,2915,3843,2873,143417,64387,1,18
1552030001294,11512,12814,7513,1934,1904,1606,257642,26636,1,18
1552030002289,9188,11231,3156,6253,3899,2499,275505,51012,1,18
1552030003276,5361,1773,7217,3676,4610,7487,131953,6261,1,18
1552030004278,5575,5590,4787,3505,3428,2886,23590,50968,1,18
1552030005279,16138,9960,20561,22231,5957,11299,15625,14596,1,18
1552030006244,8243,18270,5847,3536,2097,3558,220894,69730,1,18
1552030007263,26228,23493,30882,59247,18846,35371,389303,78158,1,18
1552030008355,7969,1830,1290,4297,509,1598,209098,42282,1,18
1552030009251,75854,5290,43138,45796,15440,75475,480651,133337,1,18
1552030010238,9369,10656,9368,5938,4279,9337,1595738,47742,1,18
1552030011253,126662,162270,63840,125391,33184,82894,1727483,428718,1,18
1552030012222,13060,33508,27540,46956,15578,37050,1280982,185478,1,18
1552030013230,11318,16062,34607,14844,7633,20282,413869,346126,1,18
1552030014227,13982,14899,19937,9351,1225,4567,874943,142578,1,18
1552030015211,4051,2224,6771,1129,2087,2326,14663,2764,1,18
1552030016384,5812,9654,10798,11404,2239,3892,407032,57089,1,18
1552030017212,2868,1265,3240,1395,355,902,45379,9591,1,18
1552030018204,3823,26010,5955,7714,753,2284,55497,13573,1,18
1552030019217,6608,6180,5579,10185,1913,7551,24134,10055,1,18
1552030020202,5760,7700,8956,20782,3691,13461,15008,17618,1,18
1552030021457,2495,3750,11608,5767,8107,9386,9004,11023,1,18
1552030022199,2072,6991,2234,652,2983,4376,75590,6520,1,18
1552030023189,31255,17601,17230,13219,8000,9756,47537,35297,1,18
1552030024332,2877,4816,11848,5236,6599,5325,95983,29566,1,18
1552030025203,17236,21113,34782,10646,16925,10911,44916,18710,1,18
1552030026166,30516,121316,56615,11216,10593,19415,1525249,114633,1,18
1552030027169,4338,13042,18503,3685,6023,11659,251189,74334,1,18
1552030028179,2008,5029,5613,1786,1927,3103,23747,8516,1,18
1552030029238,5948,18517,5626,4035,1912,4904,17639,27754,1,18
1552030030166,9703,13718,11958,3340,6648,7096,560339,44532,1,18
1552030031177,4184,6802,4973,3233,2040,3201,168171,30402,1,18
1552030032270,5752,7062,12958,13398,8347,7089,4716,13371,1,18
1552030033149,3640,16847,4941,3158,4969,2482,50797,42414,1,18
1552030034133,2695,16388,5204,4406,2736,4694,337688,56729,1,18
1552030035135,16616,38564,17300,17235,9171,6188,400887,330552,1,18
1552030036153,4503,15003,9066,5556,2554,3499,84740,19143,1,18
1552030037157,41379,43937,21510,44717,23208,25338,1852935,304417,1,18
1552030038122,31752,12651,28760,42267,23127,14853,1098121,176925,1,18
1552030039138,20110,3724,5462,10213,5868,3536,232535,86663,1,18
1552030040121,4896,3652,5998,6665,3050,12430,142265,48446,1,18
1552030041117,10464,7942,4742,6265,4760,2223,72599,16811,1,18
1552030042110,3781,881,7771,4282,3454,2742,69465,14886,1,18
1552030043098,2352,3597,1765,10420,4207,5262,7910,9893,1,18
1552030044119,527,1295,1483,660,644,449,61372,4900,1,18
1552030045161,7339,2335,6710,3457,1594,8391,142591,18722,1,18
1552030046106,3102,5993,6060,2654,1501,2026,158148,27832,1,18
1552030047085,14322,39562,24070,21662,6274,6193,418065,277918,1,18
1552030048103,4725,4961,2354,5648,1711,1050,42343,29732,1,18
1552030049092,17337,7232,23204,7547,4563,4416,130477,49150,1,18
1552030050071,4643,23516,10538,7952,8976,15387,45046,49353,1,18
1552030051080,3322,23863,9714,6084,5895,6282,355230,73276,1,18
1552030052067,23303,48678,36727,54605,36306,25686,371025,190540,1,18
1552030053152,12755,77658,18373,21975,11910,28529,1362357,244412,1,18
1552030054067,2374,2808,711,1070,307,543,196826,10114,1,18
1552030055107,120918,46830,28007,80337,15563,24670,2552929,205973,1,18
1552030056054,4244,2264,3311,3468,3686,7093,130374,69841,1,18
1552030057054,2794,3208,555,3537,695,1031,162547,13268,1,18
1552030058063,14607,5902,6589,2715,3014,5526,134199,31856,1,18
1552030059043,3506,19879,8310,4981,867,2256,153648,64441,1,18
1552030060043,7614,8961,5757,7033,2659,5076,51528,34587,1,18
1552030061193,16140,2235,12010,24376,3643,5132,33450,39859,1,18
1552030062033,6399,1645,1652,1826,513,755,171894,12170,1,18
1552030063020,7155,1302,5448,4769,1372,1215,55094,24489,1,18
1552030064024,3856,1165,4045,2354,1823,5371,14629,4218,1,18
1552030065039,44702,56679,16776,27751,4887,4568,61385,39406,1,18
1552030066018,4704,7895,3491,1922,622,1910,146788,53277,1,18
1552030067023,4109,973,2938,1097,1292,1861,42419,38149,1,18
1552030068026,24932,46483,11862,11933,4510,9910,20660,45177,1,18
1552030069154,16202,39283,23412,27824,5136,9459,2644983,232534,1,18
1552030070007,7307,9571,5845,5158,836,1430,107702,38132,1,18
1552030071019,24881,59416,15342,26392,14977,12363,1367484,111842,1,18
1552030071981,1784,8961,8732,5447,4128,8882,545989,55837,1,18
1552030073004,11656,37337,30282,15474,21384,20778,39620,133893,1,18
1552030074046,10231,22388,3992,7548,2632,6703,189817,44593,1,18
1552030074972,202,13306,1579,2343,538,645,349053,18426,1,18
1552030075997,5838,2862,5200,2739,1013,2280,47623,18009,1,18
1552030077112,6167,7465,2126,1428,991,2547,656535,33882,1,18
1552030077963,7630,5902,7290,4363,2875,5701,69538,27809,1,18
1552030078981,42923,143747,36930,30245,8185,9172,2338681,105874,1,18
1552030079956,5067,2105,9102,6087,1251,1517,19160,12731,1,18
1552030080953,26960,120925,13119,18133,7717,8077,269644,236548,1,18
1552030081970,1033,485,3809,3380,3535,2781,7844,10721,1,18
1552030082944,51487,27363,9681,23711,5659,6328,189037,50276,1,18
1552030083938,40325,47125,26797,31197,2547,8896,2651584,379535,1,18
1552030085001,2162,23602,4313,6665,871,2033,90162,22335,1,18
1552030085924,2099,1017,5438,2380,1141,1867,110212,24555,1,18
1552030086946,4760,28561,15351,8179,4050,7302,744874,345656,1,18
1552030087955,1765,1932,1669,982,2097,3524,26634,5052,1,18
1552030088916,28098,58124,23299,16549,6817,7336,171000,142150,1,18
1552030089975,3328,8843,9265,7066,7570,6460,30421,39124,1,18
1552030090923,3870,6887,8778,3083,2212,1270,60295,7826,1,18
1552030091905,5042,4003,8060,2499,1450,4829,76206,24138,1,18
1552030092912,6042,6509,14634,8681,2558,1461,51621,59701,1,18
1552030093891,1897,8698,25791,54698,19908,18900,218723,122128,1,18
1552030094918,7676,7340,7250,12510,1777,1872,445130,108339,1,18
1552030095893,6900,762,4764,3235,1679,1060,154879,27893,1,18
1552030096880,2090,2075,1329,953,2061,672,43253,1427,1,18
1552030097965,23837,12300,35936,11798,2977,11535,613377,112079,1,18
1552030098884,3633,46851,18150,9318,9489,9467,60220,27820,1,18
1552030099866,6201,2204,8256,1756,2407,1058,147749,48216,1,18
1552030100887,4299,3318,10227,6973,2331,6578,9130,20517,1,18
1552030101873,4905,5760,16379,11067,13238,10051,47845,24284,1,18
1552030102873,7480,10377,29509,27686,13050,9795,300152,131089,1,18
1552030103861,44996,45314,14481,37957,9141,25842,1006567,68554,1,18
1552030104864,5969,1147,4923,3695,3740,1541,135127,21206,1,18
1552030105982,8547,2708,2327,4124,1192,2258,90403,56222,1,18
1552030106872,3094,3290,8413,13674,1458,6532,310252,25053,1,18
1552030107868,47611,134197,28857,30417,12751,20025,1706611,318969,1,18
1552030108834,4600,13474,4068,10094,1922,2691,20436,56999,1,18
1552030109839,25257,29827,26813,26869,4541,11052,259989,217924,1,18
1552030110902,8624,5630,4659,11119,1764,4747,264162,36662,1,18
1552030111830,63719,41473,32699,49509,16615,16951,756455,337047,1,18
1552030112831,8252,12359,10866,14437,1314,2695,55942,35261,1,18
1552030113945,5470,5601,2212,10528,1787,2036,1013956,34895,1,18
1552030114819,7016,6943,4410,6571,545,1508,296518,54410,1,18
1552030115840,19383,46532,1469,10518,460,513,617385,95832,1,18
1552030116825,9577,5218,3650,9038,1913,4190,235498,71621,1,18
1552030117823,4227,1145,1420,5567,622,848,1090257,14152,1,18
1552030118847,85225,57272,32088,22558,4969,21149,990411,161942,1,18
1552030119788,1541,2632,1531,1668,906,978,73751,21486,1,18
1552030120793,4069,6150,3087,6368,909,3647,112284,8516,1,18
1552030121938,5266,28830,9995,7215,5850,7471,54394,46231,1,18
1552030122798,1488,23439,5732,1907,1850,1163,37317,8150,1,18
1552030123788,69268,132082,25375,25413,9299,17205,404614,392061,1,18
1552030124779,6549,2340,1965,4487,395,567,952576,16145,1,18
1552030125784,2330,5841,2231,3174,837,586,328081,11094,1,18
1552030126795,3024,6838,676,1417,661,588,377879,15929,1,18
1552030127794,1405,614,443,198,258,242,15062,3005,1,18
1552030128779,1858,5570,4089,2006,1750,3082,22447,30890,1,18
1552030129942,3597,734,2641,2513,1018,635,51156,30104,1,18
1552030130758,1844,32002,6124,3087,13308,12850,16859,15319,1,18
1552030131743,9680,61132,24759,35654,8554,15780,326272,304380,1,18
1552030132750,41716,52094,30591,24094,14127,11997,111193,229974,1,18
1552030133730,34580,171750,24352,47152,13483,12906,2994815,168576,1,18
1552030134777,2080,8992,4481,11986,2510,1079,139971,69349,1,18
1552030135737,2440,37922,7454,13303,1848,7671,123588,61273,1,18
1552030136736,1480,6090,2473,1456,743,2189,24720,4035,1,18
1552030137779,61924,12647,16484,13235,5214,13264,126250,95571,1,18
1552030138785,11142,14324,34781,15821,7147,11728,462539,59170,1,18
1552030139710,7894,9687,16904,4978,7697,4937,18737,7352,1,18
1552030140733,6684,19483,6227,3619,2963,6387,12628,34150,1,18
1552030141714,11728,10500,5275,34582,2669,5545,115901,149324,1,18
1552030142751,11034,5744,4950,2108,2593,2319,318067,13460,1,18
1552030143703,4914,9157,1152,7626,736,1285,114534,26467,1,18
1552030144720,153338,71431,34716,118537,15384,24922,854335,75675,1,18
1552030145688,5476,9643,3887,2960,4424,3902,989670,34970,1,18
1552030146708,53088,5771,16127,10158,6328,14490,39487,111270,1,18
1552030147708,1935,4029,6601,8533,1330,3337,361472,26736,1,18
1552030148674,8714,3745,13807,12197,3484,1736,112753,131218,1,18
1552030149696,13956,13202,12559,16335,2126,3472,1258454,75502,1,18
1552030150770,5293,7841,2466,2068,556,1170,56988,17938,1,18
1552030151681,1571,7928,1588,820,1233,1500,85248,10726,1,18
1552030152673,7630,4184,10687,7940,2711,4690,439816,61438,1,18
1552030153670,1633,3364,5722,2592,4958,1786,30739,4152,1,18
1552030154654,2651,6514,4681,8023,1120,2641,44358,9949,1,18
1552030155660,1072,1414,1953,1168,863,1255,1944,2269,1,18
1552030156665,701,677,900,587,136,343,19991,4072,1,18
1552030157663,2393,3583,672,1788,190,516,52690,6346,1,18
1552030158829,10,68,45,30,12,31,386,153,1,18
1552030159645,34836,63954,16966,33834,6177,12707,156670,272154,1,18
1552030160638,2227,3836,899,1181,352,466,199757,6796,1,18
1552030161657,2766,11322,3938,2086,1211,5095,17160,17258,1,18
1552030162633,7919,5636,7271,10934,1706,6224,208755,70564,1,18
1552030163633,2533,3955,953,3124,275,596,57046,18259,1,18
1552030164622,4752,6670,3522,8352,4496,3812,72598,75190,1,18
1552030165609,7025,9548,18189,9003,8920,6385,388991,23757,1,18
1552030166738,34876,59377,20117,14124,7975,8562,96187,160119,1,18
1552030167628,4837,1343,908,1122,547,441,148013,7408,1,18
1552030168606,10177,5866,12607,6299,6843,3073,21946,17185,1,18
1552030169622,3373,15609,5371,5654,4524,7640,53429,38226,1,18
1552030170596,20481,23557,24511,12835,5844,7182,507148,111771,1,18
1552030171615,3053,2333,9147,4395,1444,1448,51831,18684,1,18
1552030172584,1547,1161,2260,3266,1114,1478,249526,39484,1,18
1552030173588,13326,3362,23674,8216,8128,7035,119033,90306,1,18
1552030174673,28307,145839,32532,89042,10286,18990,1354168,287734,1,18
1552030175577,1177,1627,2504,1197,334,2420,64420,29212,1,18
1552030176590,7343,15606,4996,8098,2614,7082,260362,71354,1,18
1552030177563,1635,11862,4182,2370,3061,1701,40687,27594,1,18
1552030178573,3747,19889,6887,1932,1768,5480,135094,16875,1,18
1552030179558,13448,28077,14617,18013,6605,18541,154387,270397,1,18
1552030180550,11374,16177,5877,4912,6166,3460,1132912,71440,1,18
1552030181560,10017,6269,4070,3210,2608,4814,136644,21401,1,18
1552030182782,2636,1460,3077,2121,2637,2280,5977,7903,1,18
1552030183538,16222,6524,12086,10511,5406,17606,34908,90672,1,18
1552030184548,5440,2562,6228,4330,3781,4062,158130,43178,1,18
1552030185530,2154,1514,1899,1928,248,392,107903,11363,1,18
1552030186532,13723,13375,9984,9023,2347,5970,74410,43874,1,18
1552030187562,1886,1554,1663,2205,499,985,76869,11542,1,18
1552030188541,5764,1665,4360,3455,1899,1748,17489,918,1,18
1552030189540,6398,13797,6716,9532,3179,5253,59827,30834,1,18
1552030190524,10583,17962,3418,689,2947,2586,182653,135597,1,18
1552030191509,8195,2248,3261,2349,668,889,29696,18144,1,18
1552030192510,14399,16353,10873,7791,5064,7532,580455,108628,1,18
1552030193507,8474,36317,17962,19240,4365,12208,480503,64287,1,18
1552030194507,9128,10696,18877,12913,7634,5071,1107809,108411,1,18
1552030195603,32716,16751,9273,18037,3983,9617,680117,163592,1,18
1552030196484,1069,1910,709,807,636,1652,146111,11872,1,18
1552030197503,39473,14728,20708,36994,8619,6809,1027978,224560,1,18
1552030198490,57640,78250,65422,45585,25987,19905,2710188,1262448,1,18
1552030199490,8431,2869,3101,5911,904,1269,166501,17894,1,18
1552030200472,22852,39570,11232,14746,2154,10511,258527,92082,1,18
1552030201483,3773,2129,772,835,202,321,38628,10088,1,18
1552030202459,124481,50620,29261,28473,27072,14024,165744,558759,1,18
1552030203549,34313,17706,31793,27945,5670,20666,552310,44202,1,18
1552030204496,3621,4124,987,3951,618,943,97675,35443,1,18
1552030205460,3272,5917,2049,2192,437,574,60779,12308,1,18
1552030206451,39190,56262,121906,79602,34407,42189,2212025,571148,1,18
1552030207457,8590,9591,6487,3011,3660,3271,373975,6156,1,18
1552030208459,46569,151022,50627,86796,10285,22239,706186,293708,1,18
1552030209441,34850,15718,18664,40134,3812,4360,368966,375822,1,18
1552030210462,20917,26536,6050,20210,3543,8874,168823,95262,1,18
1552030211537,143972,39114,62551,18417,18296,45919,1216448,280706,1,18
1552030212448,3746,10324,3321,1822,1283,2634,1036186,37830,1,18
1552030213455,8651,7646,17313,6468,14880,6500,1542669,106346,1,18
1552030214439,42198,88045,38688,6512,13988,33964,854121,226842,1,18
1552030215418,35545,50359,49082,9819,12628,15550,1539752,155586,1,18
1552030216423,81962,63318,52526,58966,39110,12831,2168795,1283786,1,18
1552030217404,4949,33135,11314,18082,2857,5045,66861,26869,1,18
1552030218426,77553,32912,52692,40586,12947,34518,935565,95957,1,18
1552030219552,194503,88415,44986,21089,30230,39606,2160752,194892,1,18
1552030220399,10873,13048,5904,1607,3964,1801,304118,18149,1,18
1552030221394,51079,33836,24589,8698,5749,11525,291381,145818,1,18
1552030222414,8964,7181,6903,7203,6847,4340,30134,13463,1,18
1552030223401,8448,29127,17383,12095,8016,39250,329176,54130,1,18
1552030224388,54584,36412,19873,35995,24367,5892,2019531,277492,1,18
1552030225390,15921,3539,14173,35156,4912,9930,1616944,140467,1,18
1552030226373,376026,32021,104887,165314,24416,29242,1349404,1320484,1,18
1552030227560,9734,4961,8144,6235,2879,7998,210710,142274,1,18
1552030228373,10037,771,5199,3428,3878,2623,63303,44828,1,18
1552030229364,8804,8081,7096,7650,4527,7929,1097936,25299,1,18
1552030230362,1611,12926,5954,1483,3347,3931,13571,12414,1,18
1552030231375,3604,5507,6519,2474,2172,7515,181383,22829,1,18
1552030232390,16978,14478,21331,6852,5110,8715,7599,41346,1,18
1552030233334,31409,51527,25116,41498,14454,37369,1148787,200584,1,18
1552030234339,2775,8295,22928,4446,7930,23044,344557,55563,1,18
1552030235399,7519,6082,1613,2155,341,666,72811,11974,1,18
1552030236346,2696,7847,4474,2933,1826,4188,12282,12119,1,18
1552030237332,6442,9302,4826,1433,1780,8310,315332,31897,1,18
1552030238347,5759,880,3103,3949,1812,2978,114889,30935,1,18
1552030239313,52340,44759,30496,37779,4714,15928,42815,52497,1,18
1552030240393,17267,8462,2916,5642,1387,1717,587659,37761,1,18
1552030241335,22814,15772,17091,7146,7118,10201,73630,48912,1,18
1552030242299,710,1294,1203,710,820,957,23527,18744,1,18
1552030243312,2499,1981,4841,2857,3277,1798,64997,13678,1,18
1552030244323,18357,16375,9973,2387,2569,1773,118017,82847,1,18
1552030245297,24105,7709,18133,8226,6999,4716,126389,29870,1,18
1552030246294,6391,8633,19681,7745,4811,11601,74047,10113,1,18
1552030247314,10326,4217,20966,12734,8349,10790,334999,30498,1,18
1552030248351,4354,4346,5446,5980,3326,2302,82264,50533,1,18
1552030249297,9355,33526,16141,10629,14492,14993,1037381,106109,1,18
1552030250288,1855,8672,4006,3598,1693,6755,66128,26840,1,18
1552030251268,6651,26738,4613,3279,1279,4465,53590,78779,1,18
1552030252283,8289,5848,3109,6801,1597,2224,71605,38405,1,18
1552030253260,17830,1684,7050,7724,2473,3208,260825,61915,1,18
1552030254259,3276,8377,5396,3277,2572,5531,55023,12548,1,18
1552030255279,3135,8748,1527,2638,642,542,29448,33402,1,18
1552030256355,2723,3232,6279,5490,1821,3038,131255,38938,1,18
1552030257250,61245,17642,35221,52347,6108,22591,48714,37569,1,18
1552030258256,3635,8080,2688,4298,1680,1033,379883,40292,1,18
1552030259232,17112,11057,14011,3436,3597,13510,13421,12017,1,18
1552030260236,13721,14147,33664,11259,22206,12374,84366,26857,1,18
1552030261256,20114,32231,9250,14629,1780,4973,624328,68581,1,18
1552030262239,9270,4439,4810,4224,6109,3114,135481,5660,1,18
1552030263242,10991,3499,9781,6758,2687,3475,87969,19778,1,18
1552030264332,25260,21635,6423,14274,3434,5057,1367972,113323,1,18
1552030265227,2496,919,1417,3839,778,1100,134789,13407,1,18
1552030266230,31115,22742,10719,5528,5346,12434,81467,117429,1,18
1552030267213,4254,7032,5000,8380,1794,5203,266694,45765,1,18
1552030268201,14588,7391,5057,11717,4356,4617,238148,15072,1,18
1552030269200,1059,2291,1010,869,237,415,176417,12200,1,18
1552030270223,19670,8275,13731,11519,8889,6502,85815,48499,1,18
1552030271197,13363,21004,17979,32904,8155,7329,185100,90028,1,18
1552030272362,3578,21090,3392,6071,2702,1944,97916,85139,1,18
1552030273197,23686,41621,16258,29855,7936,4568,89613,46642,1,18
1552030274178,30998,38209,44067,33135,6095,18930,2496038,359195,1,18
1552030275184,10100,5533,22703,47279,7482,8402,214215,67748,1,18
1552030276173,5063,7613,7032,2952,1710,4015,79692,30688,1,18
1552030277181,8779,2250,12289,8826,2154,3933,83308,41128,1,18
1552030278189,120594,25619,15007,42690,19803,6477,659961,147607,1,18
1552030279171,25357,10008,19546,7910,9423,9603,571682,53613,1,18
1552030280261,895,8615,2885,1894,1864,2320,15755,25925,1,18
1552030281176,17958,12495,9355,11338,1836,2299,152170,83401,1,18
1552030282141,13835,29011,5196,8633,3236,4821,1902360,318445,1,18
1552030283147,2999,2361,4850,3018,1573,2881,16281,9693,1,18
1552030284214,4137,8606,5941,3913,1084,3087,112786,34620,1,18
1552030285189,16604,9434,13783,11975,6950,9036,89480,19509,1,18
1552030286156,55323,19715,46523,50257,13774,12016,1664240,310773,1,18
1552030287157,7596,7521,11576,10802,5133,2739,71364,73774,1,18
1552030288122,9535,19864,2486,5020,691,2364,1056853,49431,1,18
1552030289122,844,691,5659,4097,2098,2866,145796,11710,1,18
1552030290126,12177,10769,5818,4439,1971,2270,184085,23041,1,18
1552030291127,31739,79872,38158,12421,12338,7635,143702,159999,1,18
1552030292131,12714,69789,8904,30008,5816,3412,1481746,90972,1,18
1552030293154,41193,22866,27480,37694,4966,21758,673971,166059,1,18
1552030294100,5137,3730,9050,4317,4226,2806,76920,53539,1,18
1552030295101,20336,52075,12254,22439,4641,5985,284929,151427,1,18
1552030296087,11366,17401,5153,4204,3428,4626,547131,73179,1,18
1552030297086,3164,28783,6333,3214,5855,5233,1125241,58584,1,18
1552030298111,147147,18292,52213,99095,14364,34464,2409535,821811,1,18
1552030299073,24126,106355,35805,35969,8379,25630,577766,406104,1,18
1552030300086,85557,98281,75824,31378,3796,7081,817142,60710,1,18
1552030301150,4585,12418,3368,3497,4015,3442,729100,82724,1,18
1552030302071,25512,65190,65170,25662,10622,13058,735816,65212,1,18
1552030303062,5146,7165,2871,1110,2402,2293,1485416,15922,1,18
1552030304064,19074,72677,15102,54016,3972,3599,764028,266313,1,18
1552030305052,26723,11987,13360,25743,3529,8482,337563,92688,1,18
1552030306052,2420,2721,3362,1547,959,1821,688944,12165,1,18
1552030307058,17945,3217,22211,21625,5121,7716,608349,46931,1,18
1552030308039,22769,36781,96240,38244,16563,19630,905013,300546,1,18
1552030309215,57028,13867,11421,10359,11740,28086,897856,105797,1,18
1552030310062,950,2095,3464,2071,633,2108,169449,12049,1,18
1552030311032,75671,49268,12648,37493,2663,5017,416167,222996,1,18
1552030312056,11337,22690,18890,13040,8186,15206,1929095,132376,1,18
1552030313035,12755,19131,16293,12479,11186,12845,1637346,77563,1,18
1552030314041,6427,15398,2802,5688,942,4683,605648,24523,1,18
1552030315042,13433,6696,4410,5060,1197,2440,59149,10051,1,18
1552030316012,11407,42218,7446,11250,4246,6443,244017,38090,1,18
1552030317204,25066,13992,19899,63731,13122,10263,83727,141405,1,18
1552030318029,123891,384783,82660,129581,34882,107137,1186812,1125650,1,18
1552030319011,5614,1806,4005,7314,1297,2252,257564,51961,1,18
1552030320012,10724,11564,20857,46821,6232,9207,1094526,257583,1,18
1552030321015,50315,38787,24281,39711,3543,19939,2062435,175997,1,18
1552030322008,13726,12066,11582,10318,9649,13877,684937,66367,1,18
1552030323003,6794,23036,2152,3838,1504,2697,166872,6948,1,18
1552030324005,1517,4354,6472,2922,2216,1288,163979,31039,1,18
1552030325075,28243,1736,17802,26492,5190,12092,622763,75808,1,18
1552030325995,3172,2950,6802,4079,664,2384,141597,17500,1,18
1552030326977,71494,62941,20179,28666,5826,7707,1701314,44216,1,18
1552030327966,141646,192230,70346,59572,23730,39763,3046989,125075,1,18
1552030328963,8559,9374,20122,14324,7973,29173,589170,174541,1,18
1552030330019,16622,15936,5792,6323,1677,4361,636053,59722,1,18
1552030330968,6376,8024,24376,31644,7861,4871,422636,99317,1,18
1552030331980,36405,86640,24938,28654,5729,8698,1449848,121777,1,18
1552030333038,13183,15218,21840,9876,16945,12171,1241802,44985,1,18
1552030333951,160726,163617,103126,55974,40006,40237,1534474,1716558,1,18
1552030334958,54934,27337,34398,48855,8166,12314,1298236,56556,1,18
1552030335930,10757,26039,12625,3563,6586,9386,1353182,66659,1,18
1552030336929,3923,11092,3746,10213,1120,4506,761493,27108,1,18
1552030338002,106996,553442,45237,57530,46328,91205,658350,1088120,1,18
1552030338921,60958,244246,46864,52387,15690,26274,1862487,290917,1,18
1552030339936,12858,12645,28729,12788,6512,11516,1491663,41572,1,18
1552030340939,16478,10864,12962,20919,6247,13415,543326,139969,1,18
1552030341971,19208,30730,8626,29359,10918,7156,553058,108285,1,18
1552030342915,38991,18517,26089,34669,7409,6170,2061256,106221,1,18
1552030343929,85798,54971,57502,23217,26505,55863,2487332,471860,1,18
1552030344900,13303,58738,8799,14790,4308,7830,800415,129593,1,18
1552030345949,30287,8518,6066,20025,3538,10230,462790,124175,1,18
1552030346914,86823,127340,241976,169757,38574,59926,1112506,479915,1,18
1552030347892,52776,34109,22612,11464,4529,6730,1756564,126670,1,18
1552030348902,14413,16197,18679,2218,4896,6432,264222,29045,1,18
1552030349901,1465,708,1516,1309,722,519,47355,21344,1,18
1552030350882,4075,3963,4420,7666,585,2042,226850,27324,1,18
1552030351873,52246,15029,10255,15281,3015,8513,816075,290407,1,18
1552030352901,3565,8378,2371,10185,1583,2399,272168,14984,1,18
1552030353960,28548,42794,41185,31309,11118,18227,1510803,434593,1,18
1552030354877,24747,78809,18933,16856,5787,9681,358160,57164,1,18
1552030355852,3459,7096,3315,4279,1512,2535,310186,62247,1,18
1552030356873,6387,21501,23534,8615,7289,6293,1774993,51124,1,18
1552030357850,17468,9399,11835,13449,3264,10392,242866,155245,1,18
1552030358860,17593,10772,15035,3720,3376,6432,682322,96330,1,18
1552030359837,26630,11453,7246,14952,3285,5628,198995,58203,1,18
1552030360840,10774,18505,8871,21496,4184,2989,447037,41081,1,18
1552030361976,1874,1352,2770,2918,548,1290,808404,41854,1,18
1552030362826,4793,8087,4250,9086,1548,1845,118870,11045,1,18
1552030363849,33042,13148,14525,10625,4287,9754,1216136,63750,1,18
1552030364832,8687,6714,9192,8550,467,1497,846679,36584,1,18
1552030365838,6279,51846,18938,11870,8507,9885,1265296,288721,1,18
1552030366834,41281,80715,16271,42857,9514,8042,737414,37295,1,18
1552030367818,31752,11690,5528,6513,5248,8866,358597,120968,1,18
1552030368808,14848,35140,21290,18058,3339,6629,775929,178508,1,18
1552030369950,28740,43631,14251,3983,7297,3686,1327256,68208,1,18
1552030370807,8358,12310,4205,4991,560,1158,1175015,26730,1,18
1552030371811,27433,28308,30911,28863,4521,31748,340282,232711,1,18
1552030372798,84375,1736,55029,21744,16289,21518,1434688,364132,1,18
1552030373784,46746,70615,65073,33150,21083,21180,305042,59664,1,18
1552030374821,66026,17163,36230,26847,14908,12995,898473,143500,1,18
1552030375795,17813,5928,32409,15840,21594,8183,757072,228812,1,18
1552030376788,15751,27920,9203,8395,2347,6302,765520,28415,1,18
1552030377786,21601,33761,24522,8711,9053,13160,529915,111337,1,18
1552030378758,8523,8918,6679,3025,1719,10822,61428,38119,1,18
1552030379758,66226,16700,30610,36023,13635,14210,680265,106484,1,18
1552030380761,40945,33250,70974,76618,10050,34896,1494724,983387,1,18
1552030381743,159323,106067,71368,37671,18605,14563,715241,703926,1,18
1552030382788,17807,6987,6589,7134,2726,8237,880788,83074,1,18
1552030383769,14773,4476,4862,7950,2720,5590,5116,7466,1,18
1552030384734,5166,454,9873,4124,1819,2633,61172,29058,1,18
1552030385794,21097,61268,40880,52626,14791,25825,743547,97843,1,18
1552030386753,11606,10626,8711,5427,2171,8247,178783,34790,1,18
1552030387724,37069,15899,18158,17806,9323,8638,71308,13082,1,18
1552030388727,3286,1391,6874,3485,2043,3430,48916,20749,1,18
1552030389726,43191,56984,22884,46750,2979,10264,295400,78275,1,18
1552030390744,5359,8767,2899,9523,3562,3890,100953,90255,1,18
1552030391739,18459,3812,20154,16234,4158,8054,22486,8618,1,18
1552030392698,2376,955,5453,3328,736,1840,90433,30843,1,18
1552030393718,60493,3315,18374,10028,8872,10276,83268,35249,1,18
1552030394721,30320,1236,26402,16579,7573,9374,73288,52494,1,18
1552030395706,3991,1275,5408,3232,4325,2749,15159,6209,1,18
1552030396713,14282,21246,17795,13601,2529,12597,45333,19804,1,18
1552030397710,753,15441,12216,7060,849,1905,103896,25696,1,18
1552030398739,14085,6509,9043,6353,1800,2940,20666,17316,1,18
1552030399681,6062,2024,9882,9435,2293,2321,288034,47269,1,18
1552030400735,22081,65137,37370,38835,6323,5663,152913,88109,1,18
1552030401662,21737,42832,21560,52605,6494,9868,2043907,238163,1,18
1552030402686,8322,19209,15175,6914,1962,3667,300749,45896,1,18
1552030403688,13720,753,8059,11132,1943,5520,11648,13198,1,18
1552030404676,44365,18950,27829,17837,6973,19754,117055,188667,1,18
1552030405675,23214,9748,10247,5310,2449,4327,103771,25234,1,18
1552030406769,63763,49059,38497,190768,12017,27938,2329651,98886,1,18
1552030407649,4576,3014,1359,1778,867,1563,143972,23919,1,18
1552030408649,4691,1083,1169,2163,749,847,71692,52585,1,18
1552030409662,18936,19280,17700,15587,5659,7518,72922,65156,1,18
1552030410647,35453,42157,26280,15542,15422,9760,232319,114544,1,18
1552030411632,26525,26278,21608,8997,9080,31658,550792,136135,1,18
1552030412755,7875,16438,9531,5479,1399,5832,245770,34075,1,18
1552030413683,35543,6037,27377,22684,4742,15326,39083,33303,1,18
1552030414712,815,6683,1711,1865,439,758,53427,23987,1,18
1552030415632,1945,8565,1668,2754,947,1320,24829,10396,1,18
1552030416634,7330,17424,7412,6977,1444,4142,77995,17201,1,18
1552030417611,2625,8038,15342,10776,2110,6706,122551,20028,1,18
1552030418597,1964,4919,1420,4179,584,1693,90708,15824,1,18
1552030419619,13358,13367,23659,16124,10444,14531,95056,43718,1,18
1552030420600,1993,11359,24157,10682,9661,8126,504479,45365,1,18
1552030421594,14985,8302,33155,13097,16388,7510,36720,16112,1,18
1552030422732,3593,1166,2592,1902,497,1114,200207,13979,1,18
1552030423594,13186,14085,4283,2622,4058,3474,188959,53236,1,18
1552030424575,2562,14345,5835,6019,2390,3950,80643,57681,1,18
1552030425576,56305,24492,24407,3602,14366,10734,10180,48556,1,18
1552030426599,10114,31675,7230,11537,2733,3029,200080,52158,1,18
1552030427582,5982,35553,12109,17912,1168,2686,173481,181279,1,18
1552030428570,5767,6503,8712,4752,6384,2844,102131,17696,1,18
1552030429568,6082,7936,6684,4781,2040,3918,11670,9073,1,18
1552030430665,16801,12802,3255,11523,3142,3926,222288,30344,1,18
1552030431553,56424,57818,51508,7417,7299,20876,51047,123063,1,18
1552030432548,14352,19250,9054,7990,974,4470,161369,66307,1,18
1552030433548,56244,68213,32852,33646,11690,13385,472270,65716,1,18
1552030434547,8169,10439,3859,4186,1617,2498,166241,18957,1,18
1552030435626,17364,24416,7789,21789,3259,8235,241713,127825,1,18
1552030436557,6810,12797,4042,3324,1567,1158,216700,21577,1,18
1552030437552,51110,24876,25204,18807,13847,19031,130019,288698,1,18
1552030438515,16608,1504,8658,3209,2951,10327,85301,55651,1,18
1552030439535,8323,16437,9969,15154,2789,4750,29679,47888,1,18
1552030440522,19771,58482,16798,25525,5383,9086,1167437,134217,1,18
1552030441518,99615,34409,50980,35130,24683,22081,386906,60259,1,18
1552030442526,14315,12850,7474,6805,3459,3269,1254704,72992,1,18
1552030443548,25996,73711,10562,34532,5026,7123,2149948,250218,1,18
1552030444518,8648,7836,10565,6772,3475,20762,1543550,55901,1,18
1552030445497,22753,33973,12960,9453,2828,11477,1473874,43834,1,18
1552030446521,32257,5888,3601,3679,4262,5456,144084,42118,1,18
1552030447501,9455,3571,2530,5857,588,293,87313,16752,1,18
1552030448485,2863,2597,3069,3031,1301,1519,54461,16076,1,18
1552030449507,45277,14720,29356,18056,6455,5274,338227,155365,1,18
1552030450487,6947,16798,4660,5359,2061,2228,596064,40238,1,18
1552030451574,7567,9017,2149,9001,1033,1674,88244,48168,1,18
1552030452476,46896,20459,23411,25731,14862,17338,1234381,551517,1,18
1552030453462,7661,8288,6263,20638,2405,6415,637779,45062,1,18
1552030454463,42068,35713,26938,12573,5598,3139,282924,444630,1,18
1552030455464,9851,3920,4661,5429,1335,1287,209868,44391,1,18
1552030456609,1949,2142,3356,7562,1638,1888,103267,61205,1,18
1552030457453,39464,234164,61124,49424,26079,33559,1491376,491606,1,18
1552030458437,10967,26402,4152,15824,5487,8438,511399,75073,1,18
1552030459533,7771,20255,2687,4097,1614,3416,83614,16533,1,18
1552030460460,30185,30949,6371,13867,6810,12394,941142,434743,1,18
1552030461428,33228,57265,26595,80416,14673,21156,1707962,81836,1,18
1552030462446,9973,10182,12869,22646,4796,14493,716449,56322,1,18
1552030463430,58635,64774,23175,11432,4938,18121,1211024,120828,1,18
1552030464414,9402,51729,17091,32317,8876,5627,970232,115385,1,18
1552030465418,2789,10754,4116,8455,1341,1291,177659,34244,1,18
1552030466419,3952,3279,1989,3960,1090,1516,173781,51683,1,18
1552030467532,64665,176359,68746,86650,8777,31561,1447569,165983,1,18
1552030468428,40529,17142,21314,14368,4328,6890,137599,73618,1,18
1552030469411,19773,3282,13064,25783,3762,14754,683254,147958,1,18
1552030470414,18411,30234,16030,6472,2948,7010,993623,52553,1,18
1552030471412,19597,21046,29328,23433,6821,6035,1554201,71616,1,18
1552030472413,13009,98624,8943,22941,8993,6463,1841609,321263,1,18
1552030473407,3264,4527,4166,2505,3061,1570,852523,14155,1,18
1552030474400,25909,19422,14196,16819,12062,8433,276524,153170,1,18
1552030475524,18391,14198,18453,17459,6594,11715,1560985,112022,1,18
1552030476389,3735,3467,3815,3105,1468,1500,57272,18599,1,18
1552030477394,25445,10468,10745,5404,4832,6783,301004,198246,1,18
1552030478378,80928,123788,42205,131737,12553,14898,1259639,317012,1,18
1552030479364,16472,12546,17630,30982,5351,7224,610419,26203,1,18
1552030480384,5818,26887,9175,8362,1715,2032,103734,18428,1,18
1552030481366,48426,26235,18152,19353,4854,5899,764671,67291,1,18
1552030482356,4892,22890,15954,12321,4701,8118,572906,148713,1,18
1552030483402,26919,55130,11846,11152,9927,11008,1085395,323744,1,18
1552030484336,19304,55965,16870,11663,6383,7540,1504592,190938,1,18
1552030485343,30824,40847,14710,20285,9176,15001,72356,102779,1,18
1552030486356,14599,12078,30911,11949,5423,14929,2179199,139588,1,18
1552030487327,46472,11539,11797,33302,4938,23438,399663,79442,1,18
1552030488383,33798,29974,10406,9581,3290,19679,1008494,369162,1,18
1552030489350,5431,115463,15920,12409,2936,6477,575614,61364,1,18
1552030490330,17903,31740,17346,21014,3536,9660,1110742,86028,1,18
1552030491330,5818,1648,1879,1336,427,2680,350066,27847,1,18
1552030492316,20673,47524,18350,21454,7402,6258,156286,107252,1,18
1552030493307,17123,71814,11533,18105,4099,6584,737994,99041,1,18
1552030494326,323864,167657,101860,60575,34585,50929,1989406,485155,1,18
1552030495297,2411,3751,3638,3634,1337,2381,478047,26535,1,18
1552030496388,34848,20401,25935,31731,21585,12670,631118,193175,1,18
1552030497292,2451,5830,574,1749,503,719,457208,4654,1,18
1552030498279,22620,33183,7494,8333,3936,4849,604636,197576,1,18
1552030499284,2221,1243,2178,3341,1675,3271,883318,11104,1,18
1552030500291,5186,14142,11237,4228,4901,8996,538904,46151,1,18
1552030501266,13484,16173,29940,10020,10873,21981,1709439,416756,1,18
1552030502268,55047,115501,132230,91182,54135,68739,2384779,726734,1,18
1552030503289,43583,16261,20043,23143,7828,6656,734670,216581,1,18
1552030504343,53218,25076,12251,18584,8915,18397,788010,165100,1,18
1552030505287,24385,2017,10179,11374,6502,6471,1037976,49947,1,18
1552030506262,8174,112167,46699,56546,20491,21345,995609,510018,1,18
1552030507249,13224,62616,27325,16386,7131,8632,490651,89036,1,18
1552030508244,23652,14776,24324,9183,10725,3797,558062,153162,1,18
1552030509257,11142,17435,14584,13332,5888,13539,178330,215291,1,18
1552030510252,6144,17661,20187,21554,7696,9316,413420,150454,1,18
1552030511252,86075,95574,66622,250395,35873,29931,516299,355584,1,18
1552030512340,61245,81835,55010,144115,39402,71591,698882,606393,1,18
1552030513236,9407,34940,19870,72011,6177,14806,397375,65528,1,18
1552030514252,139707,370637,89930,57705,22174,43153,1551399,619543,1,18
1552030515210,20449,8545,15069,8723,3854,10532,1428291,97277,1,18
1552030516227,36306,24692,20995,14670,11614,14565,1107351,180365,1,18
1552030517288,62814,49996,15832,10615,2853,5885,549601,121531,1,18
1552030518203,50842,15059,13064,31588,4911,17082,2331290,80756,1,18
1552030519200,8861,34744,6829,13440,1230,3628,424872,77378,1,18
1552030520416,10585,921,8028,3957,1389,2647,294991,27241,1,18
1552030521188,74314,24267,66692,60375,21454,62973,1315266,517827,1,18
1552030522269,379485,139736,88096,209650,21542,13987,2039727,1303783,1,18
1552030523212,5880,32701,8167,9010,2938,2789,402978,50416,1,18
1552030524178,71522,27283,22136,23145,8061,13129,1800864,216836,1,18
1552030525196,27062,67040,32487,23065,3450,11065,1639885,145738,1,18
1552030526183,23806,23911,15628,43189,8348,31253,481382,52119,1,18
1552030527166,34335,34586,19496,35434,1174,8659,41252,57190,1,18
1552030528271,8908,7148,29033,12470,2238,19750,193316,81447,1,18
1552030529169,173721,47119,148912,55071,14643,51813,728997,79000,1,18
1552030530189,87979,23375,31945,57302,12543,30878,1354598,134220,1,18
1552030531154,5518,14764,8316,12711,4962,7596,151679,50555,1,18
1552030532172,10944,2399,2458,6837,1002,1614,712262,23930,1,18
1552030533164,31674,10032,23271,11064,3876,5407,164265,40381,1,18
1552030534147,14330,90523,47742,84851,29351,38341,1961693,514807,1,18
1552030535183,20564,6812,12092,6139,3369,12231,601353,8910,1,18
1552030536142,139138,136982,36663,55720,12056,25792,1964670,1016407,1,18
1552030537136,36494,22995,8483,16052,11807,8605,755206,20864,1,18
1552030538138,3517,1582,11512,10945,12226,7533,1169583,25885,1,18
1552030539128,12482,371,17888,22854,4982,2762,79770,31215,1,18
1552030540121,60843,70718,52264,59335,6429,6413,295185,166478,1,18
1552030541193,97129,76411,27226,33182,9100,38975,214136,134643,1,18
1552030542115,11845,21321,12857,9889,2572,5247,674455,34565,1,18
1552030543137,94685,1120,33125,13810,9056,3895,513265,22148,1,18
1552030544113,16739,20866,13065,16870,6562,8558,460232,195564,1,18
1552030545117,7246,11707,16796,5165,2177,5162,291822,36590,1,18
1552030546102,23779,25070,11704,14081,8036,15915,885558,230161,1,18
1552030547112,7812,5292,5719,11462,3372,11730,16661,19020,1,18
1552030548089,64016,52340,35819,10460,20690,17115,137128,44558,1,18
1552030549144,14764,3913,7533,5185,3499,9287,126142,82161,1,18
1552030550097,37962,38311,54944,21383,11224,9618,692061,71955,1,18
1552030551093,27503,6527,6122,4444,2666,2542,25988,28341,1,18
1552030552062,13297,1590,6736,2575,3283,2072,85597,15302,1,18
1552030553064,9716,6028,5500,5636,1318,3680,46717,33846,1,18
1552030554064,11605,990,16004,5797,2925,4930,17156,27940,1,18
1552030555066,87296,104910,32428,34248,9800,14934,24351,117846,1,18
1552030556050,11913,2150,5559,12758,1656,20365,145730,13980,1,18
1552030557170,10197,7212,24043,10128,4402,26274,92395,28612,1,18
1552030558038,3465,8133,10264,5030,1000,6161,283183,61787,1,18
1552030559050,2476,6244,6217,4264,2705,2406,15886,9399,1,18
1552030560061,16789,16822,38086,14662,12071,20642,508875,15066,1,18
1552030561050,56749,13718,47128,26775,10955,25150,301611,38589,1,18
1552030562042,9565,20482,24417,19431,7002,25067,112214,202596,1,18
1552030563043,56343,14253,17359,9015,12936,18970,12145,52383,1,18
1552030564020,14727,33799,6792,10128,2366,7251,111559,62117,1,18
1552030565139,469,1339,2102,2734,1146,679,84261,15597,1,18
1552030566018,10890,2908,6315,3452,1402,6011,18533,7301,1,18
1552030567025,34922,35546,39634,44576,6838,21821,1663667,270581,1,18
1552030568017,79834,44136,24198,17583,13289,33840,122758,99130,1,18
1552030569008,100529,93335,57004,28578,15168,19858,2094775,430430,1,18
1552030569994,25904,9269,47612,34385,20958,30824,149777,70182,1,18
1552030571018,28351,60011,22415,14223,12832,16201,216734,100876,1,18
1552030572002,6632,1695,1981,1190,1647,1691,60614,24106,1,18
1552030573175,20245,28899,37606,15470,13081,24709,493267,201701,1,18
1552030574004,6651,21376,13217,5026,5369,6550,1732540,77467,1,18
1552030574989,21487,4686,11490,7302,6084,9961,101679,42384,1,18
1552030575978,34340,40095,35978,27079,10041,16574,421416,44309,1,18
1552030576993,24101,38853,31949,8820,4672,16039,35683,12406,1,18
1552030577979,6197,9399,8495,8423,3768,9014,107257,19899,1,18
1552030578984,13510,16315,11741,14059,2615,5967,264721,25997,1,18
1552030579964,24954,15761,15112,25624,3030,13742,426421,103665,1,18
1552030581002,17771,4187,7684,14592,1705,8462,238629,19797,1,18
1552030581952,7286,3286,8717,4394,4513,8220,32857,5793,1,18
1552030582956,22652,7623,7939,4030,3961,5899,746375,44490,1,18
1552030583958,47160,49922,21001,14435,13408,19465,731066,46297,1,18
1552030584943,25090,21303,27924,26182,14927,28457,2658450,235621,1,18
1552030585993,51506,112021,20941,25409,15596,56845,1099233,395170,1,18
1552030586925,4572,15574,10940,12462,5146,3099,1169716,53917,1,18
1552030587926,152105,149257,54848,96519,10931,23595,1780727,583838,1,18
1552030588932,1922,6949,4757,1753,2849,8271,39375,4569,1,18
1552030589942,9493,11092,14647,6404,1329,6284,352170,18694,1,18
1552030590916,40680,30131,35397,45598,9745,10227,512747,153073,1,18
1552030591904,9487,18505,30380,15550,13918,16524,127787,39843,1,18
1552030592923,25511,48502,8524,10720,3627,18756,130986,51510,1,18
1552030593968,68247,13520,48411,20086,11339,41483,146439,26245,1,18
1552030594898,2542,1889,1915,923,890,1312,176566,13516,1,18
1552030595923,1131,4070,2266,1065,898,2014,267891,5673,1,18
1552030596912,3376,9870,2358,6592,1942,3613,152380,42458,1,18
1552030597883,2627,57661,10788,16353,2337,5233,440102,90604,1,18
1552030598912,29615,28746,15778,40755,7121,8028,479864,28978,1,18
1552030599888,5844,15987,6175,6307,2412,10107,16456,36921,1,18
1552030600891,8571,3186,2519,4447,548,819,172732,25194,1,18
1552030601953,4116,5111,3854,5946,1386,2464,169097,12676,1,18
1552030602877,34165,22951,6211,10653,2418,3573,866336,194833,1,18
1552030603859,3547,1242,1818,3114,780,888,18497,7720,1,18
1552030604877,35289,12991,16423,15519,24059,7768,390475,194069,1,18
1552030605877,19416,28865,12670,9423,3874,6861,61960,48541,1,18
1552030606864,13506,4375,6906,3134,2476,3883,196001,13540,1,18
1552030607867,6126,12407,7377,2138,3188,8328,119071,69216,1,18
1552030608848,14243,42621,10851,11497,4234,5364,232735,46094,1,18
1552030609946,1893,3824,2180,2824,1339,1242,125167,31570,1,18
1552030610858,4621,5107,960,1238,271,373,350026,19042,1,18
1552030611835,20383,11675,23280,8090,3513,3425,240134,97449,1,18
1552030612823,4643,1682,5417,5807,3941,3420,162974,8925,1,18
1552030613829,15945,23205,9012,16904,1893,6588,163175,81046,1,18
1552030614823,9528,3262,12951,9157,4140,6845,150106,73338,1,18
1552030615819,9475,28715,9952,18626,2642,2708,104290,73374,1,18
1552030616828,13149,19332,21157,7760,1951,5060,370064,79420,1,18
1552030617963,3726,3481,8503,2753,2155,4235,10752,38655,1,18
1552030618827,9682,11004,8183,10742,3533,7686,915053,26138,1,18
1552030619820,4212,2032,6086,9299,3968,5833,73727,20810,1,18
1552030620797,6862,9190,2604,2818,1758,1508,124598,7475,1,18
1552030621801,12711,825,9301,3308,1979,3780,163884,25428,1,18
1552030622813,17574,17598,9308,3455,6851,7961,767832,38781,1,18
1552030623795,32196,30236,23954,117478,10785,16098,220711,184823,1,18
1552030624781,14819,45001,16513,35112,5491,10416,641242,273251,1,18
1552030625945,32883,59184,18351,20692,10140,15768,953974,123745,1,18
1552030626786,1730,6468,5425,3188,944,2305,141635,9249,1,18
1552030627787,15203,19321,20166,30137,5208,9721,704386,65701,1,18
1552030628775,61707,29750,44380,44921,9718,12736,1338619,523981,1,18
1552030629778,4183,2419,4242,16102,5509,5222,75842,24583,1,18
1552030630778,4999,12985,4348,8565,731,1729,584784,17071,1,18
1552030631759,20407,18440,6236,8142,1864,4349,338290,52174,1,18
1552030632762,4198,4010,6924,6156,1256,2095,178987,52228,1,18
1552030633905,58481,63870,48296,70942,43663,29050,1010698,446590,1,18
1552030634752,25146,20970,15016,20489,6988,7594,260124,123571,1,18
1552030635735,11805,4465,13824,19635,4377,14878,1002282,165022,1,18
1552030636758,29683,11427,26304,27622,5554,10636,880034,76071,1,18
1552030637741,16310,13447,6043,7834,7301,2668,119032,25303,1,18
1552030638770,2430,76,5023,15048,1679,2388,52382,82657,1,18
1552030639727,6365,15255,9575,3872,1979,7296,228128,25410,1,18
1552030640710,7276,7580,3049,2839,1068,4131,91252,64352,1,18
1552030641729,20470,154496,77064,90733,62523,45812,1391107,607575,1,18
1552030642732,4534,4767,10665,5888,2863,4298,41544,51140,1,18
1552030643718,12597,2953,4188,15292,4592,5709,686141,67429,1,18
1552030644711,13094,25295,19530,28216,4246,9513,354321,57487,1,18
1552030645698,8410,1925,7057,18406,3340,5138,145113,41166,1,18
1552030646737,22662,8321,2802,6894,3052,4363,167958,10306,1,18
1552030647709,46396,16617,46274,22791,29724,42672,1287281,501592,1,18
1552030648688,34741,33737,61096,56799,17659,33444,2043524,165669,1,18
1552030649680,821,4191,1847,2188,1473,1395,128696,11097,1,18
1552030650695,71233,286190,95663,77939,16964,46826,2938885,1046653,1,18
1552030651798,2772,12387,5080,2670,1634,3072,117462,20678,1,18
1552030652682,6989,42141,7136,10652,2173,7184,812423,13959,1,18
1552030653668,26977,36075,12662,17468,10208,9834,705999,277608,1,18
1552030654743,60991,75176,52415,18668,9096,34350,1641008,516880,1,18
1552030655654,42451,48981,84650,69949,20752,24413,631069,421030,1,18
1552030656679,69467,53011,86822,46957,52016,58795,2326654,189249,1,18
1552030657644,20608,59383,29062,43747,17537,30423,808760,227165,1,18
1552030658662,5833,2303,1453,3058,364,969,126962,31220,1,18
1552030659663,62311,26251,32015,109898,11176,34191,479812,254686,1,18
1552030660638,25140,11227,29688,30042,4985,7462,1716924,202918,1,18
1552030661639,17798,34976,12849,16646,5469,10463,952590,73143,1,18
1552030662967,5716,70874,14602,24741,6349,8348,1265282,358304,1,18
1552030663631,1711,9451,3079,6224,1069,2148,264255,27572,1,18
1552030664625,298028,58555,185757,137685,27655,25303,1990099,281153,1,18
1552030665632,175352,34479,68573,46485,7698,44737,575323,455764,1,18
1552030666610,47066,126885,33044,84281,27970,48580,2228627,234954,1,18
1552030667621,39403,132838,37668,18278,13632,28863,2435644,564558,1,18
1552030668630,13298,20855,34371,8286,2840,7725,841990,92246,1,18
1552030669613,36238,27299,10630,30558,6084,15192,279690,186239,1,18
1552030670738,59186,20949,14196,26121,3526,10342,576423,60749,1,18
1552030671599,34425,11032,35939,78186,24724,18536,763285,392688,1,18
1552030672605,4194,6323,4012,3918,1481,2605,364561,9377,1,18
1552030673592,1511,2427,1001,1844,579,447,98028,10715,1,18
1552030674572,170779,164215,83439,111604,20922,35217,1246565,504228,1,18
1552030675602,10603,19413,5672,6705,2614,6159,115142,56326,1,18
1552030676577,59266,57282,17809,51123,8028,5722,1732000,65878,1,18
1552030677583,1753,866,1778,9514,2885,2750,79536,19396,1,18
1552030678664,28575,35664,52172,114931,28871,26691,1968883,904622,1,18
1552030679572,48568,10364,47739,41028,8643,19210,1092536,186490,1,18
1552030680551,157652,59719,82310,85493,6336,56346,430360,555045,1,18
1552030681571,153863,233850,151867,94583,32678,54368,2592700,777018,1,18
1552030682556,10717,2012,4290,6660,541,928,454387,11358,1,18
1552030683636,21847,8126,16378,10084,7558,11372,1073698,53633,1,18
1552030684539,4792,1911,4116,4783,2234,3944,263285,28975,1,18
1552030685546,51962,344293,52600,47239,12526,53939,1028969,327295,1,18
1552030686583,9245,27914,33206,14513,2681,20848,1107552,138899,1,18
1552030687549,119418,97528,118830,361767,51150,47449,1889764,2760314,1,18
1552030688540,18437,101741,42818,66977,21421,63201,2386507,366888,1,18
1552030689516,13318,80361,15812,20767,7591,15989,144615,228660,1,18
1552030690536,37696,80348,33599,29631,16942,39406,1073275,418318,1,18
1552030691575,42243,43707,15656,7645,3716,12215,642932,35152,1,18
1552030692509,155615,174348,205803,105610,121504,55491,2280463,844646,1,18
1552030693521,6879,8659,16550,19413,4230,4436,682461,191888,1,18
1552030694496,58894,35188,53645,47890,5473,13971,1193211,1069924,1,18
1552030695513,9183,5086,3871,2491,1149,2151,1022886,29447,1,18
1552030696504,9887,69621,7906,14967,6309,11021,1401839,42403,1,18
1552030697485,6250,5531,1920,1352,1525,1848,368424,39232,1,18
1552030698514,127536,76462,29216,49288,11740,20041,948379,221993,1,18
1552030699536,10477,11859,6681,7821,7689,6131,546820,31494,1,18
1552030700490,2584,4041,2195,4637,346,822,68247,15654,1,18
1552030701473,157462,201225,103288,104953,38495,129366,1846746,453261,1,18
1552030702494,8497,22305,4672,3603,1769,2883,20191,26628,1,18
1552030703477,17661,18021,18641,9508,16028,19536,1225429,86334,1,18
1552030704520,3860,2983,4140,2717,1197,1562,232862,9163,1,18
1552030705491,30176,28075,12307,8075,4523,11362,683675,77354,1,18
1552030706468,13964,4913,16538,17379,14791,4050,251537,156025,1,18
1552030707560,12334,20546,8823,3642,4373,11051,1266448,30950,1,18
1552030708455,75595,185384,24660,87632,35901,46048,588382,144297,1,18
1552030709442,4590,544,2897,2588,1486,2238,22373,6698,1,18
1552030710461,1958,1083,2115,649,1211,1694,303183,5819,1,18
1552030711444,29964,30508,41622,15851,5642,30845,1670237,54469,1,18
1552030712518,4851,2389,7055,9747,3351,4469,33528,13284,1,18
1552030713446,2699,12741,5815,1886,2094,7162,102951,23014,1,18
1552030714436,2104,6510,1206,5177,513,1081,176342,18789,1,18
1552030715541,7934,11897,5576,3808,5913,3198,112384,93043,1,18
1552030716432,8097,5546,5792,4120,2229,8129,9962,4960,1,18
1552030717433,11582,23564,14843,12906,1861,8691,99955,95671,1,18
1552030718412,156621,90475,34007,92950,15837,23936,1550467,112383,1,18
1552030719434,14229,88985,46693,12374,9425,12364,251711,31436,1,18
1552030720412,29477,7302,37793,34414,12782,24195,41016,31733,1,18
1552030721405,11567,26434,6796,4630,6005,3166,75977,26003,1,18
1552030722397,5611,279,1854,1272,1052,1030,203027,19209,1,18
1552030723531,43714,42745,21587,7099,4387,12120,34507,41308,1,18
1552030724401,16047,32869,44622,26784,5964,22620,865251,135972,1,18
1552030725407,9687,19420,3217,7962,2693,8854,115722,95130,1,18
1552030726370,45555,12236,28703,14342,15160,17576,83291,22781,1,18
1552030727373,49202,46001,24924,24851,24342,12603,1017521,272720,1,18
1552030728393,24466,16049,5685,5950,6340,5371,247113,63311,1,18
1552030729377,24261,13031,8459,19276,11990,17781,532329,106773,1,18
1552030730364,71521,63111,23488,47999,20460,20377,208073,295090,1,18
1552030731452,8773,12370,6646,8753,4564,11315,114237,65684,1,18
1552030732351,9806,4200,21861,8299,4857,8461,445142,38456,1,18
1552030733352,20992,22754,28743,37273,13915,30150,80212,107539,1,18
1552030734354,43808,42459,21189,12202,13302,6004,22959,21605,1,18
1552030735335,6469,5397,9730,3509,5304,4491,202602,20182,1,18
1552030736356,20638,10182,25141,12452,10066,13220,42823,20173,1,18
1552030737345,6557,7476,23629,24176,9112,11027,309610,38958,1,18
1552030738326,6516,28683,4848,5649,2657,8342,133054,101078,1,18
1552030739327,10290,24909,3813,10322,2525,12231,188563,61596,1,18
1552030740333,12064,20191,6259,21334,3304,5152,163872,116218,1,18
1552030741316,7856,23999,9027,6390,4509,7713,148345,36978,1,18
1552030742344,3985,4305,984,3885,810,1895,156268,9918,1,18
1552030743319,262109,246103,43043,73299,49051,59215,2052558,623244,1,18
1552030744340,6117,15049,7918,3299,8486,4615,126955,75953,1,18
1552030745309,14883,12465,34160,1898,22203,19212,30845,20471,1,18
1552030746308,7337,8355,7957,1475,4085,4899,393432,69020,1,18
1552030747294,2733,4080,2556,3445,686,1414,90955,13871,1,18
1552030748293,9610,14421,1953,5253,1567,685,434086,23333,1,18
1552030749279,8565,16062,13366,20198,6699,19046,94164,21400,1,18
1552030750283,4575,53574,3865,15420,1642,5926,150662,43151,1,18
1552030751287,6835,7571,5555,2807,1589,4472,129673,30344,1,18
1552030752418,3038,3379,5394,4496,4878,1906,161409,3885,1,18
1552030753288,10103,10556,4926,3721,4765,4757,88927,14114,1,18
1552030754260,3281,2511,2977,2383,579,1390,23326,10918,1,18
1552030755265,8651,6074,4828,12821,3832,7272,34768,29316,1,18
1552030756282,4451,12090,10176,7767,2257,6969,118334,26370,1,18
1552030757266,32243,19130,29725,23021,12862,15169,381600,329734,1,18
1552030758246,5287,2212,4324,4070,3605,2161,112248,36264,1,18
1552030759266,1980,8421,1781,2641,1298,1110,144514,21713,1,18
1552030760342,14228,37292,17871,15386,7141,14623,372723,22595,1,18
1552030761233,6728,19810,8347,10941,1538,3081,123742,61793,1,18
1552030762239,6941,8247,22374,10953,16624,8142,1394621,258628,1,18
1552030763242,30636,28338,19176,8893,11065,15243,26665,16506,1,18
1552030764226,7855,11534,4004,2824,3008,2299,45978,3616,1,18
1552030765236,8697,47216,7919,16574,4617,6172,1083100,68499,1,18
1552030766227,4323,9333,11184,10684,1517,10100,185596,77905,1,18
1552030767231,8370,57593,11022,15739,4371,19679,33721,48192,1,18
1552030768341,3768,7586,8003,5136,1828,4998,253003,18374,1,18
1552030769214,8166,5713,17138,6145,14228,17432,73595,46672,1,18
1552030770205,17464,25262,26819,11855,3852,13891,109838,43836,1,18
1552030771203,17861,6774,28056,8560,7047,19930,16613,16521,1,18
1552030772190,7992,21683,5149,6354,2296,3810,30253,40024,1,18
1552030773187,32755,19592,29220,17448,8431,13212,24261,20653,1,18
1552030774201,5186,5893,2990,2071,1240,901,571020,22256,1,18
1552030775178,13914,5201,6296,8548,3212,3657,24740,12187,1,18
1552030776331,13970,13977,5202,11762,3375,4853,1453356,95527,1,18
1552030777180,1945,4013,2804,1713,1687,2912,283440,18051,1,18
1552030778177,23284,1125,9800,8613,7104,2854,99395,23797,1,18
1552030779166,19578,3953,21139,14998,10592,25720,88220,17435,1,18
1552030780173,5934,18161,2590,6041,1035,2257,310721,101323,1,18
1552030781178,18805,25432,34712,22253,3238,10069,369208,262563,1,18
1552030782159,2767,4628,4928,7953,5170,5400,136378,15679,1,18
1552030783160,3476,8133,8413,3944,4368,1654,256661,58992,1,18
1552030784269,11964,4642,13914,3111,9596,8368,282267,185172,1,18
1552030785162,33464,13104,12858,73994,7499,23473,719679,22462,1,18
1552030786346,7152,14380,5860,7589,4164,2618,626785,98164,1,18
1552030787153,15215,38683,21114,39032,15983,7634,768895,40208,1,18
1552030788139,35330,13050,35779,17914,5570,10850,163247,82915,1,18
1552030789213,8881,4188,32375,22689,12024,19129,2976384,223784,1,18
1552030790140,4092,5599,2978,5095,778,1640,565451,38666,1,18
1552030791106,24606,6327,7384,26612,4927,1968,179530,191769,1,18
1552030792116,6521,5615,5754,7559,1931,1757,528634,38922,1,18
1552030793134,12237,1462,15185,22737,6574,6536,222549,55068,1,18
1552030794101,1642,733,4390,1544,1566,925,144494,22738,1,18
1552030795105,15493,18172,31391,39454,10505,15267,93760,166681,1,18
1552030796120,60698,41603,12471,15495,3245,6384,81335,104452,1,18
1552030797196,8925,22478,6261,11788,2136,3267,368086,117502,1,18
1552030798099,26017,102659,13853,26349,6069,20627,667853,117052,1,18
1552030799090,21738,26929,9131,11622,2352,9710,588624,121543,1,18
1552030800098,7388,8696,2173,3266,1009,2284,807311,32198,1,18
1552030801082,11446,7473,6831,13433,2030,3999,485843,25444,1,18
1552030802094,64147,122494,35946,42040,29283,39941,584972,459555,1,18
1552030803061,3703,5434,10514,2060,15956,25139,225551,32539,1,18
1552030804068,11439,52422,59767,42959,27447,19721,2059191,243265,1,18
1552030805165,1645,11051,3090,1391,630,891,134777,30629,1,18
1552030806095,8405,10850,3573,5723,1203,3721,433164,65261,1,18
1552030807071,18264,138003,37600,46954,14379,17437,1817231,923537,1,18
1552030808051,8826,15295,9041,4870,7158,7786,446160,28966,1,18
1552030809041,29535,8871,24901,42016,7290,15580,374752,15621,1,18
1552030810055,20919,89818,101023,46761,29281,32181,710694,114554,1,18
1552030811027,18877,23431,40860,56969,8975,17951,838935,408147,1,18
1552030812052,15133,10558,13132,28433,4896,7684,168877,98777,1,18
1552030813129,51361,181152,21347,53434,11055,19035,1078754,239321,1,18
1552030814017,3777,4808,813,3038,405,1267,88181,9625,1,18
1552030815016,9249,2035,9120,4937,5006,13232,69198,28196,1,18
1552030816037,25495,13200,10592,6030,4639,3165,263033,89149,1,18
1552030817024,7898,24846,9657,7406,2663,5198,216837,20278,1,18
1552030818027,5566,57167,17430,20609,13268,10210,1015614,110503,1,18
1552030819011,39397,29993,23856,16324,12505,9220,1743700,15152,1,18
1552030819999,5231,8070,12197,10531,3480,2742,50722,93513,1,18
1552030821124,6636,17933,25443,32870,11394,36012,93328,41264,1,18
1552030821995,3394,49981,24169,27393,17170,19472,146433,46461,1,18
1552030822990,6674,36751,4894,9861,2010,6613,90992,81213,1,18
1552030824008,44635,5980,15740,25240,12472,8880,26288,10711,1,18
1552030825004,12684,20069,8698,13458,2860,6151,159620,134449,1,18
1552030825984,816,733,2101,1778,514,1550,12156,9026,1,18
1552030826983,37128,2571,7212,12327,1651,2199,142907,55121,1,18
1552030827979,3600,9178,2288,3177,495,2049,100779,31986,1,18
1552030829111,24289,39015,73016,39632,13474,16685,1109266,539823,1,18
1552030829966,14008,15901,7940,4635,3938,6113,301059,44382,1,18
1552030830966,28743,29839,11082,19964,3791,4952,95559,133741,1,18
1552030831948,8040,14641,5981,10047,1763,3363,48247,46786,1,18
1552030832964,6066,14445,11580,2325,1603,2492,830684,43360,1,18
1552030833965,32237,57036,22413,14162,6950,17915,1470871,596205,1,18
1552030834959,18647,13609,19941,22136,8547,7799,925056,150391,1,18
1552030835938,6494,4963,14988,3200,3974,3901,990367,144493,1,18
1552030836926,10307,3799,9187,1797,1762,5426,8899,8979,1,18
1552030837931,7722,11024,6492,4378,3001,3877,199736,47763,1,18
1552030838945,26645,22830,5956,8838,2383,2128,95358,37716,1,18
1552030839915,48569,52599,45475,15910,31725,10380,457180,118123,1,18
1552030840921,63833,34542,13949,9918,7125,11219,1309239,394131,1,18
1552030841922,20235,18615,3586,4999,3523,3420,206403,113935,1,18
1552030842920,14837,10134,10851,7392,4348,8318,8431,23531,1,18
1552030843905,35991,10799,28815,11496,13606,15433,242043,154119,1,18
1552030844923,47622,4688,72928,20045,3906,17143,1980153,151652,1,18
1552030845892,14766,2511,4899,7136,1668,3912,50723,21934,1,18
1552030846898,2768,3002,946,1521,488,2854,84977,12857,1,18
1552030847899,33302,15471,27680,31823,16801,27054,26554,19623,1,18
1552030848900,6108,2880,2184,1048,857,683,30818,17133,1,18
1552030849949,7318,8854,5796,4662,5017,3697,84645,28370,1,18
1552030850887,60269,34918,31198,12192,5709,18740,530555,202193,1,18
1552030851868,4253,30211,11389,10506,1666,4096,316078,109234,1,18
1552030852892,6959,10710,2957,3070,779,2655,244339,26100,1,18
1552030853878,31364,12080,19652,19163,18611,5780,1220183,183650,1,18
1552030854858,60423,182222,79179,24926,26622,64250,381361,727442,1,18
1552030855878,29211,23379,12942,8843,3331,15537,845089,165823,1,18
1552030856864,6437,6452,6183,9552,2385,3663,32163,13994,1,18
1552030857941,69601,60660,99137,25530,6167,8666,769716,190232,1,18
1552030858871,5532,3101,10672,23465,2929,3099,1694780,144020,1,18
1552030859850,1424,2606,2643,5795,937,759,40182,12376,1,18
1552030860839,24664,10706,33982,75016,12400,11802,652742,132940,1,18
1552030861837,35864,21122,47718,40914,5608,23515,1354615,397431,1,18
1552030862832,44154,69163,62567,11453,16439,79949,919050,182544,1,18
1552030863846,6434,1385,14175,19911,6064,7939,216361,15750,1,18
1552030864846,8501,10370,11402,8466,3877,3470,68223,59916,1,18
1552030865995,2519,4377,7928,4915,2194,1933,13124,4145,1,18
1552030866818,17590,5427,17077,11701,11832,15016,62921,47423,1,18
1552030867836,12255,29545,8729,10257,2152,6323,146546,76517,1,18
1552030868818,3139,2129,12992,5439,2593,3461,90564,30253,1,18
1552030869808,31399,9799,21624,6036,15861,17175,147275,16264,1,18
1552030870818,14408,15307,6514,12487,3095,2530,595092,68897,1,18
1552030871807,7462,13850,6786,7113,5174,2258,63897,14551,1,18
1552030872804,2172,18158,5203,11773,3479,2662,202899,56639,1,18
1552030873932,39293,10970,42036,11587,9578,12297,61562,46432,1,18
1552030874778,14734,22668,41650,28829,17700,14289,2312894,205950,1,18
1552030875777,2397,2053,2413,3373,1560,1402,113551,20638,1,18
1552030876768,3343,10353,9007,10472,2560,3854,157914,80005,1,18
1552030877775,6673,2776,6001,883,2291,3727,197091,18925,1,18
1552030878790,2845,2589,9891,7711,3027,5500,139872,92565,1,18
1552030879767,13370,7434,6993,13712,2301,2595,691162,113205,1,18
1552030880759,7114,4559,6788,2893,1743,2515,26417,1797,1,18
1552030881931,7872,23512,11760,14830,3809,3485,217369,122076,1,18
1552030882759,37111,24039,39226,18812,4663,13303,327767,182816,1,18
1552030883747,6035,7901,4112,6662,2840,2154,62424,142670,1,18
1552030884759,36406,24387,55089,32101,16227,21550,994748,181604,1,18
1552030885752,50804,65129,34993,17988,21487,21124,197014,60051,1,18
1552030886774,19489,12347,10495,23680,4369,7033,934265,117355,1,18
1552030887752,4105,3610,1586,1164,1329,1176,153296,26096,1,18
1552030888728,101305,75896,22085,34206,17287,28007,788996,288952,1,18
1552030889785,9820,1910,4668,4443,5248,6019,272401,32774,1,18
1552030890721,113054,132610,71606,58758,16733,41375,1214769,182994,1,18
1552030891716,3585,845,12614,11437,6279,8269,173924,17345,1,18
1552030892714,3806,7479,11906,3515,1747,2536,41024,7059,1,18
1552030893701,6002,1184,3852,2068,1679,3612,45806,27237,1,18
1552030894745,9850,6197,15849,5713,7239,14324,25102,12820,1,18
1552030895728,523,429,1473,384,830,669,92264,8005,1,18
1552030896703,10714,8145,16063,20562,5249,16251,427148,63109,1,18
