timestamp,delta,lowAlpha,highAlpha,lowBeta,highBeta,lowGamma,middleGamma,theta,isValid,pid,new_timestamp,trans_time,new_trans_time,seconds,arousal,valence,cheerful,happy,angry,nervous,sad,boredom,confusion,delight,concentration,frustration,surpise,none_1,confrustion,contempt,dejection,disgust,eureka,pride,sorrow,none_2
1552895231739,1704,999,813,197,326,227,78758,22054,1,27,1552895230777.0,0.962,246.732,5.0,5.0,2.0,1.0,1.0,1.0,3.0,1.0,,x,,,,,,,,x,,,,,
1552895232740,6204,4074,10619,6057,2593,1895,67053,57664,1,27,1552895231739.0,1.001,247.733,5.0,5.0,2.0,1.0,1.0,1.0,3.0,1.0,,x,,,,,,,,x,,,,,
1552895233764,34846,10511,9823,9831,3528,3160,717134,54400,1,27,1552895232740.0,1.024,248.757,5.0,5.0,2.0,1.0,1.0,1.0,3.0,1.0,,x,,,,,,,,x,,,,,
1552895234748,3641,2709,2931,1667,1371,1605,76068,11833,1,27,1552895233764.0,0.984,249.741,5.0,5.0,2.0,1.0,1.0,1.0,3.0,1.0,,x,,,,,,,,x,,,,,
1552895235732,4196,6432,5464,3511,2217,4469,56406,40724,1,27,1552895234748.0,0.984,250.725,5.0,5.0,2.0,1.0,1.0,1.0,3.0,1.0,,x,,,,,,,,x,,,,,
1552895236829,16504,4184,9436,33817,13825,9835,158468,89017,1,27,1552895235732.0,1.097,251.822,10.0,5.0,2.0,1.0,1.0,1.0,3.0,1.0,,x,,,,,,,,x,,,,,
1552895237717,24054,8335,3924,2943,2967,3473,203216,123121,1,27,1552895236829.0,0.888,252.71,10.0,5.0,2.0,1.0,1.0,1.0,3.0,1.0,,x,,,,,,,,x,,,,,
1552895238714,4505,5964,6222,5639,1303,2951,26625,54879,1,27,1552895237717.0,0.997,253.707,10.0,5.0,2.0,1.0,1.0,1.0,3.0,1.0,,x,,,,,,,,x,,,,,
1552895239737,3843,2383,1645,1670,1180,1609,129747,7510,1,27,1552895238714.0,1.023,254.73,10.0,5.0,2.0,1.0,1.0,1.0,3.0,1.0,,x,,,,,,,,x,,,,,
1552895240704,31895,33637,10465,38329,5786,9146,76224,27924,1,27,1552895239737.0,0.967,255.697,10.0,5.0,2.0,1.0,1.0,1.0,3.0,1.0,,x,,,,,,,,x,,,,,
1552895241705,10757,13858,3549,6770,2683,2543,495230,11775,1,27,1552895240704.0,1.001,256.698,10.0,5.0,2.0,1.0,1.0,1.0,3.0,1.0,,x,,,,,,,,x,,,,,
1552895242686,12414,37232,14308,13119,12538,19365,696335,260328,1,27,1552895241705.0,0.981,257.679,10.0,5.0,2.0,1.0,1.0,1.0,3.0,1.0,,x,,,,,,,,x,,,,,
1552895243682,9857,2743,4438,2788,1543,5334,108494,32651,1,27,1552895242686.0,0.996,258.675,15.0,5.0,2.0,1.0,1.0,1.0,3.0,1.0,,x,,,,,,,,x,,,,,
1552895244824,3445,7654,1306,5545,491,964,103916,13328,1,27,1552895243682.0,1.142,259.817,15.0,5.0,2.0,1.0,1.0,1.0,3.0,1.0,,x,,,,,,,,x,,,,,
1552895245685,15000,8015,5286,8007,2789,5920,344357,40225,1,27,1552895244824.0,0.861,260.678,15.0,5.0,2.0,1.0,1.0,1.0,3.0,1.0,,x,,,,,,,,x,,,,,
1552895246694,4654,5729,3819,5316,1777,2380,127513,34412,1,27,1552895245685.0,1.009,261.687,15.0,5.0,2.0,1.0,1.0,1.0,3.0,1.0,,x,,,,,,,,x,,,,,
1552895247672,208,1179,648,750,217,186,80824,9829,1,27,1552895246694.0,0.978,262.665,15.0,5.0,2.0,1.0,1.0,1.0,3.0,1.0,,x,,,,,,,,x,,,,,
1552895248654,5320,5287,15441,11276,5523,10807,2020338,60382,1,27,1552895247672.0,0.982,263.647,15.0,5.0,2.0,1.0,1.0,1.0,3.0,1.0,,x,,,,,,,,x,,,,,
1552895249672,5660,1190,6817,4922,1158,3118,148095,65576,1,27,1552895248654.0,1.018,264.665,20.0,5.0,2.0,1.0,1.0,1.0,3.0,1.0,,x,,,,,,,,x,,,,,
1552895250658,31333,7462,9067,7176,3952,8044,251435,237146,1,27,1552895249672.0,0.986,265.651,20.0,5.0,2.0,1.0,1.0,1.0,3.0,1.0,,x,,,,,,,,x,,,,,
1552895251665,25240,55125,30290,15386,24750,19128,3343262,245147,1,27,1552895250658.0,1.007,266.658,20.0,5.0,2.0,1.0,1.0,1.0,3.0,1.0,,x,,,,,,,,x,,,,,
1552895252744,63297,123854,26182,20282,10986,7719,851348,700729,1,27,1552895251665.0,1.079,267.737,20.0,5.0,2.0,1.0,1.0,1.0,3.0,1.0,,x,,,,,,,,x,,,,,
1552895253652,5609,40135,7537,5182,14086,5787,57642,42964,1,27,1552895252744.0,0.908,268.645,20.0,5.0,2.0,1.0,1.0,1.0,3.0,1.0,,x,,,,,,,,x,,,,,
1552895254643,1993,6271,3125,3028,2594,1278,81716,15925,1,27,1552895253652.0,0.991,269.636,20.0,5.0,2.0,1.0,1.0,1.0,3.0,1.0,,x,,,,,,,,x,,,,,
1552895255626,1506,6774,2199,979,1281,2752,231617,13511,1,27,1552895254643.0,0.983,270.619,25.0,5.0,2.0,1.0,1.0,1.0,3.0,1.0,,x,,,,,,,,x,,,,,
1552895256629,2026,10314,7787,4781,4734,5704,6704,17549,1,27,1552895255626.0,1.003,271.622,25.0,5.0,2.0,1.0,1.0,1.0,3.0,1.0,,x,,,,,,,,x,,,,,
1552895257682,2614,5798,1866,932,657,1619,13993,3772,1,27,1552895256629.0,1.053,272.675,25.0,5.0,2.0,1.0,1.0,1.0,3.0,1.0,,x,,,,,,,,x,,,,,
1552895258625,2724,1939,916,2110,1077,1283,34492,11425,1,27,1552895257682.0,0.943,273.618,25.0,5.0,2.0,1.0,1.0,1.0,3.0,1.0,,x,,,,,,,,x,,,,,
1552895259617,1339,4082,1494,1316,412,943,63694,48121,1,27,1552895258625.0,0.992,274.61,25.0,5.0,2.0,1.0,1.0,1.0,3.0,1.0,,x,,,,,,,,x,,,,,
1552895260596,2261,2310,1382,2380,1054,483,245509,7348,1,27,1552895259617.0,0.979,275.589,25.0,5.0,2.0,1.0,1.0,1.0,3.0,1.0,,x,,,,,,,,x,,,,,
1552895261617,5792,14892,2883,11365,1442,2695,16344,14600,1,27,1552895260596.0,1.021,276.61,30.0,5.0,2.0,1.0,1.0,1.0,3.0,1.0,,x,,,,,,,,x,,,,,
1552895262582,9057,3261,8664,6870,1293,2355,1894,22868,1,27,1552895261617.0,0.965,277.575,30.0,5.0,2.0,1.0,1.0,1.0,3.0,1.0,,x,,,,,,,,x,,,,,
1552895263584,2117,2108,3350,1940,794,672,62416,11289,1,27,1552895262582.0,1.002,278.577,30.0,5.0,2.0,1.0,1.0,1.0,3.0,1.0,,x,,,,,,,,x,,,,,
1552895264586,8484,18163,5098,12608,2167,2498,62335,40734,1,27,1552895263584.0,1.002,279.579,30.0,5.0,2.0,1.0,1.0,1.0,3.0,1.0,,x,,,,,,,,x,,,,,
1552895265665,2826,9740,4816,4144,1466,1357,63612,26627,1,27,1552895264586.0,1.079,280.658,30.0,5.0,2.0,1.0,1.0,1.0,3.0,1.0,,x,,,,,,,,x,,,,,
1552895266590,3735,1051,1485,2673,727,1343,99239,69054,1,27,1552895265665.0,0.925,281.583,30.0,5.0,2.0,1.0,1.0,1.0,3.0,1.0,,x,,,,,,,,x,,,,,
1552895267586,2465,1168,2069,2106,1558,2028,57481,9736,1,27,1552895266590.0,0.996,282.579,35.0,5.0,2.0,1.0,1.0,1.0,3.0,1.0,,x,,,,,,,,x,,,,,
1552895268554,6634,15712,6177,1242,2359,10758,297601,51454,1,27,1552895267586.0,0.968,283.547,35.0,5.0,2.0,1.0,1.0,1.0,3.0,1.0,,x,,,,,,,,x,,,,,
1552895269557,4419,5526,2736,1859,1614,1401,79163,14437,1,27,1552895268554.0,1.003,284.55,35.0,5.0,2.0,1.0,1.0,1.0,3.0,1.0,,x,,,,,,,,x,,,,,
1552895270557,1648,2005,1569,2226,528,673,42853,4149,1,27,1552895269557.0,1.0,285.55,35.0,5.0,2.0,1.0,1.0,1.0,3.0,1.0,,x,,,,,,,,x,,,,,
1552895271539,6328,5455,6615,8010,4007,4198,85667,43768,1,27,1552895270557.0,0.982,286.532,35.0,5.0,2.0,1.0,1.0,1.0,3.0,1.0,,x,,,,,,,,x,,,,,
1552895272557,2267,14284,6350,2922,5048,4691,634748,19979,1,27,1552895271539.0,1.018,287.55,35.0,5.0,2.0,1.0,1.0,1.0,3.0,1.0,,x,,,,,,,,x,,,,,
1552895273627,3666,18341,3620,6211,4713,3306,210213,36779,1,27,1552895272557.0,1.07,288.62,40.0,5.0,2.0,1.0,1.0,1.0,3.0,1.0,,x,,,,,,,,x,,,,,
1552895274523,12440,52323,18999,13916,2202,9406,110360,104318,1,27,1552895273627.0,0.896,289.516,40.0,5.0,2.0,1.0,1.0,1.0,3.0,1.0,,x,,,,,,,,x,,,,,
1552895275525,2911,298,903,527,501,1487,99982,10193,1,27,1552895274523.0,1.002,290.518,40.0,5.0,2.0,1.0,1.0,1.0,3.0,1.0,,x,,,,,,,,x,,,,,
1552895276538,57913,36317,15012,83733,9403,21404,702212,262966,1,27,1552895275525.0,1.013,291.531,40.0,5.0,2.0,1.0,1.0,1.0,3.0,1.0,,x,,,,,,,,x,,,,,
1552895277509,14392,22954,17850,29941,7113,6578,995383,323436,1,27,1552895276538.0,0.971,292.502,40.0,5.0,2.0,1.0,1.0,1.0,3.0,1.0,,x,,,,,,,,x,,,,,
1552895278538,9209,6000,11896,4607,6079,5016,198762,123782,1,27,1552895277509.0,1.029,293.531,40.0,5.0,2.0,1.0,1.0,1.0,3.0,1.0,,x,,,,,,,,x,,,,,
1552895279529,1073,524,1725,1519,1749,3401,43597,11740,1,27,1552895278538.0,0.991,294.522,45.0,5.0,2.0,1.0,1.0,1.0,3.0,1.0,,x,,,,,,,,x,,,,,
1552895280509,18638,1817,9553,3972,3979,6061,68830,30401,1,27,1552895279529.0,0.98,295.502,45.0,5.0,2.0,1.0,1.0,1.0,3.0,1.0,,x,,,,,,,,x,,,,,
1552895281704,4862,6574,3740,8386,1432,1524,355824,47883,1,27,1552895280509.0,1.195,296.697,45.0,5.0,2.0,1.0,1.0,1.0,3.0,1.0,,x,,,,,,,,x,,,,,
1552895282499,26548,23659,7095,9929,13989,9560,24024,36164,1,27,1552895281704.0,0.795,297.492,45.0,5.0,2.0,1.0,1.0,1.0,3.0,1.0,,x,,,,,,,,x,,,,,
1552895283502,18261,27849,13987,31327,9172,12897,2315950,345858,1,27,1552895282499.0,1.003,298.495,45.0,5.0,2.0,1.0,1.0,1.0,3.0,1.0,,x,,,,,,,,x,,,,,
1552895284482,52609,110029,14015,18439,7897,20087,911193,264747,1,27,1552895283502.0,0.98,299.475,45.0,5.0,2.0,1.0,1.0,1.0,3.0,1.0,,x,,,,,,,,x,,,,,
1552895285464,25277,30575,2839,12254,1962,1918,199092,36310,1,27,1552895284482.0,0.982,300.457,50.0,5.0,2.0,1.0,1.0,1.0,3.0,1.0,,x,,,,,,,,x,,,,,
1552895286467,2469,13162,1377,5484,2449,3231,189724,28301,1,27,1552895285464.0,1.003,301.46,50.0,5.0,2.0,1.0,1.0,1.0,3.0,1.0,,x,,,,,,,,x,,,,,
1552895287495,5670,9516,5078,16510,8017,9499,394287,158338,1,27,1552895286467.0,1.028,302.488,50.0,5.0,2.0,1.0,1.0,1.0,3.0,1.0,,x,,,,,,,,x,,,,,
1552895288468,5053,28222,7840,7891,11088,18996,52844,55729,1,27,1552895287495.0,0.973,303.461,50.0,5.0,2.0,1.0,1.0,1.0,3.0,1.0,,x,,,,,,,,x,,,,,
1552895289607,10053,15724,7032,12029,4362,19171,138688,58948,1,27,1552895288468.0,1.139,304.6,50.0,5.0,2.0,1.0,1.0,1.0,3.0,1.0,,x,,,,,,,,x,,,,,
1552895290455,13707,12996,7058,8737,4694,4210,1302063,49073,1,27,1552895289607.0,0.848,305.448,50.0,5.0,2.0,1.0,1.0,1.0,3.0,1.0,,x,,,,,,,,x,,,,,
1552895291452,96722,140324,80511,45512,34678,46125,1488830,352198,1,27,1552895290455.0,0.997,306.445,55.0,5.0,2.0,1.0,1.0,1.0,3.0,1.0,,x,,,,,,,,x,,,,,
1552895292458,6985,4586,3239,1860,2210,1347,475638,96289,1,27,1552895291452.0,1.006,307.451,55.0,5.0,2.0,1.0,1.0,1.0,3.0,1.0,,x,,,,,,,,x,,,,,
1552895293454,5911,8468,14939,16959,3501,4841,622925,48438,1,27,1552895292458.0,0.996,308.447,55.0,5.0,2.0,1.0,1.0,1.0,3.0,1.0,,x,,,,,,,,x,,,,,
1552895294484,38296,23613,20045,18952,11036,15303,841995,236956,1,27,1552895293454.0,1.03,309.477,55.0,5.0,2.0,1.0,1.0,1.0,3.0,1.0,,x,,,,,,,,x,,,,,
1552895295441,2765,10449,3923,6430,1478,5434,528463,50905,1,27,1552895294484.0,0.957,310.434,55.0,5.0,2.0,1.0,1.0,1.0,3.0,1.0,,x,,,,,,,,x,,,,,
1552895296426,951,4070,1059,1062,301,1744,52785,36035,1,27,1552895295441.0,0.985,311.419,55.0,5.0,2.0,1.0,1.0,1.0,3.0,1.0,,x,,,,,,,,x,,,,,
1552895297409,2446,5373,2593,1786,2000,1929,120701,13456,1,27,1552895296426.0,0.983,312.402,60.0,5.0,2.0,1.0,1.0,1.0,3.0,1.0,,x,,,,,,,,x,,,,,
1552895298411,6607,9795,951,4414,3134,1287,80255,54347,1,27,1552895297409.0,1.002,313.404,60.0,5.0,2.0,1.0,1.0,1.0,3.0,1.0,,x,,,,,,,,x,,,,,
1552895299429,7525,4784,3867,2986,1450,1495,172765,60427,1,27,1552895298411.0,1.018,314.422,60.0,5.0,2.0,1.0,1.0,1.0,3.0,1.0,,x,,,,,,,,x,,,,,
1552895300415,71341,37251,15070,37599,12100,25629,1328732,106834,1,27,1552895299429.0,0.986,315.408,60.0,5.0,2.0,1.0,1.0,1.0,3.0,1.0,,x,,,,,,,,x,,,,,
1552895301414,16490,30355,14445,23059,8678,35689,633115,89780,1,27,1552895300415.0,0.999,316.407,60.0,5.0,2.0,1.0,1.0,1.0,3.0,1.0,,x,,,,,,,,x,,,,,
1552895302430,15265,76303,13282,47393,18796,34054,453140,479316,1,27,1552895301414.0,1.016,317.423,60.0,5.0,2.0,1.0,1.0,1.0,3.0,1.0,,x,,,,,,,,x,,,,,
1552895303379,10410,3594,9491,7347,3756,3194,53880,37857,1,27,1552895302430.0,0.949,318.372,65.0,5.0,2.0,1.0,1.0,1.0,3.0,1.0,,x,,,,,,,,x,,,,,
1552895304377,328688,380202,350642,125695,102025,223416,1882194,605719,1,27,1552895303379.0,0.998,319.37,65.0,5.0,2.0,1.0,1.0,1.0,3.0,1.0,,x,,,,,,,,x,,,,,
1552895305373,7236,2103,8691,6885,4133,7037,271643,106819,1,27,1552895304377.0,0.996,320.366,65.0,5.0,2.0,1.0,1.0,1.0,3.0,1.0,,x,,,,,,,,x,,,,,
1552895306364,12237,43102,11522,32452,3120,18346,1303760,41142,1,27,1552895305373.0,0.991,321.357,65.0,5.0,2.0,1.0,1.0,1.0,3.0,1.0,,x,,,,,,,,x,,,,,
1552895307389,3485,6590,4298,1691,1453,1644,77518,11267,1,27,1552895306364.0,1.025,322.382,65.0,5.0,2.0,1.0,1.0,1.0,3.0,1.0,,x,,,,,,,,x,,,,,
1552895308373,4056,6971,2971,1651,1715,2061,65918,31863,1,27,1552895307389.0,0.984,323.366,65.0,5.0,2.0,1.0,1.0,1.0,3.0,1.0,,x,,,,,,,,x,,,,,
1552895309350,1133274,1431546,1311372,344252,96230,155779,1681278,1619043,1,27,1552895308373.0,0.977,324.343,70.0,5.0,2.0,1.0,1.0,1.0,3.0,1.0,,x,,,,,,,,x,,,,,
1552895310435,18416,13675,34148,127659,5507,20622,756930,200970,1,27,1552895309350.0,1.085,325.428,70.0,5.0,2.0,1.0,1.0,1.0,3.0,1.0,,x,,,,,,,,x,,,,,
1552895311336,21606,1371,4462,4168,4166,4298,208038,29009,1,27,1552895310435.0,0.901,326.329,70.0,5.0,2.0,1.0,1.0,1.0,3.0,1.0,,x,,,,,,,,x,,,,,
1552895312373,3548,1105,763,1572,939,778,75250,6735,1,27,1552895311336.0,1.037,327.366,70.0,5.0,2.0,1.0,1.0,1.0,3.0,1.0,,x,,,,,,,,x,,,,,
1552895313357,31629,40241,22081,12304,6066,15315,1649700,108386,1,27,1552895312373.0,0.984,328.35,70.0,5.0,2.0,1.0,1.0,1.0,3.0,1.0,,x,,,,,,,,x,,,,,
1552895314322,5576,6654,5353,5678,2423,2705,72021,35441,1,27,1552895313357.0,0.965,329.315,70.0,5.0,2.0,1.0,1.0,1.0,3.0,1.0,,x,,,,,,,,x,,,,,
1552895315338,84855,57559,48259,129213,18804,28520,1015518,429008,1,27,1552895314322.0,1.016,330.331,75.0,5.0,2.0,1.0,1.0,1.0,3.0,1.0,,x,,,,,,,,x,,,,,
1552895316328,2082,2897,1770,1207,429,559,76558,37145,1,27,1552895315338.0,0.99,331.321,75.0,5.0,2.0,1.0,1.0,1.0,3.0,1.0,,x,,,,,,,,x,,,,,
1552895317324,89858,49253,53148,41300,5524,24972,2758825,550584,1,27,1552895316328.0,0.996,332.317,75.0,5.0,2.0,1.0,1.0,1.0,3.0,1.0,,x,,,,,,,,x,,,,,
1552895318430,36201,39496,59823,29051,10413,27096,2606936,628140,1,27,1552895317324.0,1.106,333.423,75.0,5.0,2.0,1.0,1.0,1.0,3.0,1.0,,x,,,,,,,,x,,,,,
1552895319309,21643,28129,29230,27539,23618,24234,302622,76111,1,27,1552895318430.0,0.879,334.302,75.0,5.0,2.0,1.0,1.0,1.0,3.0,1.0,,x,,,,,,,,x,,,,,
1552895320314,10002,7839,29630,15259,17028,26578,1208412,29537,1,27,1552895319309.0,1.005,335.307,75.0,5.0,2.0,1.0,1.0,1.0,3.0,1.0,,x,,,,,,,,x,,,,,
1552895321308,11049,41053,10426,39523,10365,3929,293506,277413,1,27,1552895320314.0,0.994,336.301,80.0,5.0,2.0,1.0,1.0,1.0,3.0,1.0,,x,,,,,,,,x,,,,,
1552895322279,32562,29784,16584,14459,3909,5572,391888,65681,1,27,1552895321308.0,0.971,337.272,80.0,5.0,2.0,1.0,1.0,1.0,3.0,1.0,,x,,,,,,,,x,,,,,
1552895323298,32147,15457,29477,55172,1390,10618,740421,108068,1,27,1552895322279.0,1.019,338.291,80.0,5.0,2.0,1.0,1.0,1.0,3.0,1.0,,x,,,,,,,,x,,,,,
1552895324295,3509,79129,18764,6587,4797,7704,60735,57172,1,27,1552895323298.0,0.997,339.288,80.0,5.0,2.0,1.0,1.0,1.0,3.0,1.0,,x,,,,,,,,x,,,,,
1552895325264,15755,21797,6619,16868,1366,2398,147646,40386,1,27,1552895324295.0,0.969,340.257,80.0,5.0,2.0,1.0,1.0,1.0,3.0,1.0,,x,,,,,,,,x,,,,,
1552895326498,4689,26484,11867,22897,8796,11016,354080,299210,1,27,1552895325264.0,1.234,341.491,80.0,5.0,2.0,1.0,1.0,1.0,3.0,1.0,,x,,,,,,,,x,,,,,
1552895327269,19150,8152,4560,4222,2923,2644,1861900,30860,1,27,1552895326498.0,0.771,342.262,85.0,4.0,3.0,1.0,1.0,1.0,2.0,1.0,,x,,,,,,,,x,,,,,
1552895328273,3940,4456,4813,7018,1626,1325,120625,10644,1,27,1552895327269.0,1.004,343.266,85.0,4.0,3.0,1.0,1.0,1.0,2.0,1.0,,x,,,,,,,,x,,,,,
1552895329251,16015,21243,4758,5974,2832,3753,129433,73305,1,27,1552895328273.0,0.978,344.244,85.0,4.0,3.0,1.0,1.0,1.0,2.0,1.0,,x,,,,,,,,x,,,,,
1552895330260,19595,35052,33615,13543,7330,10515,372872,89642,1,27,1552895329251.0,1.009,345.253,85.0,4.0,3.0,1.0,1.0,1.0,2.0,1.0,,x,,,,,,,,x,,,,,
1552895331258,24611,15474,29607,40481,4043,23747,1316160,192402,1,27,1552895330260.0,0.998,346.251,85.0,4.0,3.0,1.0,1.0,1.0,2.0,1.0,,x,,,,,,,,x,,,,,
1552895332251,50006,40524,23707,10062,4715,12306,1953603,128728,1,27,1552895331258.0,0.993,347.244,85.0,4.0,3.0,1.0,1.0,1.0,2.0,1.0,,x,,,,,,,,x,,,,,
1552895333237,6747,1263,3515,6135,2357,4070,141184,64324,1,27,1552895332251.0,0.986,348.23,90.0,4.0,3.0,1.0,1.0,1.0,2.0,1.0,,x,,,,,,,,x,,,,,
1552895334218,8268,13061,7747,14869,2660,4447,202874,72646,1,27,1552895333237.0,0.981,349.211,90.0,4.0,3.0,1.0,1.0,1.0,2.0,1.0,,x,,,,,,,,x,,,,,
1552895335238,147681,64042,28728,66418,13862,89272,1781930,363448,1,27,1552895334218.0,1.02,350.231,90.0,4.0,3.0,1.0,1.0,1.0,2.0,1.0,,x,,,,,,,,x,,,,,
1552895336223,16595,2853,14870,36665,7585,14138,248392,45245,1,27,1552895335238.0,0.985,351.216,90.0,4.0,3.0,1.0,1.0,1.0,2.0,1.0,,x,,,,,,,,x,,,,,
1552895337225,25680,57797,18482,17019,7627,7440,49382,56445,1,27,1552895336223.0,1.002,352.218,90.0,4.0,3.0,1.0,1.0,1.0,2.0,1.0,,x,,,,,,,,x,,,,,
1552895338209,82023,16348,11666,50062,10824,17170,754101,554121,1,27,1552895337225.0,0.984,353.202,90.0,4.0,3.0,1.0,1.0,1.0,2.0,1.0,,x,,,,,,,,x,,,,,
1552895339269,17389,18155,16010,32232,4061,7839,586583,226875,1,27,1552895338209.0,1.06,354.262,95.0,4.0,3.0,1.0,1.0,1.0,2.0,1.0,,x,,,,,,,,x,,,,,
1552895340204,6775,18711,8542,14336,2280,1570,151163,87961,1,27,1552895339269.0,0.935,355.197,95.0,4.0,3.0,1.0,1.0,1.0,2.0,1.0,,x,,,,,,,,x,,,,,
1552895341200,8762,8390,9654,17506,1784,7760,167113,63521,1,27,1552895340204.0,0.996,356.193,95.0,4.0,3.0,1.0,1.0,1.0,2.0,1.0,,x,,,,,,,,x,,,,,
1552895342191,19281,5457,10406,11419,3204,9953,722197,90810,1,27,1552895341200.0,0.991,357.184,95.0,4.0,3.0,1.0,1.0,1.0,2.0,1.0,,x,,,,,,,,x,,,,,
1552895343185,33829,14458,19686,22848,4516,17901,1787237,53425,1,27,1552895342191.0,0.994,358.178,95.0,4.0,3.0,1.0,1.0,1.0,2.0,1.0,,x,,,,,,,,x,,,,,
1552895344176,34810,36302,17876,15572,14471,6380,1123998,104900,1,27,1552895343185.0,0.991,359.169,95.0,4.0,3.0,1.0,1.0,1.0,2.0,1.0,,x,,,,,,,,x,,,,,
1552895345173,11141,8452,6118,6275,3710,3579,413570,78708,1,27,1552895344176.0,0.997,360.166,100.0,4.0,3.0,1.0,1.0,1.0,2.0,1.0,,x,,,,,,,,x,,,,,
1552895346180,5245,3823,783,1279,514,561,20351,24443,1,27,1552895345173.0,1.007,361.173,100.0,4.0,3.0,1.0,1.0,1.0,2.0,1.0,,x,,,,,,,,x,,,,,
1552895347237,49965,10907,20754,35796,10693,21282,1727704,101941,1,27,1552895346180.0,1.057,362.23,100.0,4.0,3.0,1.0,1.0,1.0,2.0,1.0,,x,,,,,,,,x,,,,,
1552895348156,13870,23186,8430,10824,2245,3295,555271,95583,1,27,1552895347237.0,0.919,363.149,100.0,4.0,3.0,1.0,1.0,1.0,2.0,1.0,,x,,,,,,,,x,,,,,
1552895349158,15935,24268,15663,13696,8371,9796,918199,92639,1,27,1552895348156.0,1.002,364.151,100.0,4.0,3.0,1.0,1.0,1.0,2.0,1.0,,x,,,,,,,,x,,,,,
1552895350147,35815,49526,19454,22187,14645,13659,492174,175244,1,27,1552895349158.0,0.989,365.14,100.0,4.0,3.0,1.0,1.0,1.0,2.0,1.0,,x,,,,,,,,x,,,,,
1552895351132,4685,12593,3573,10338,5117,6283,131447,6912,1,27,1552895350147.0,0.985,366.125,105.0,4.0,3.0,1.0,1.0,1.0,2.0,1.0,,x,,,,,,,,x,,,,,
1552895352138,5462,22732,11594,14413,11367,10934,820321,228415,1,27,1552895351132.0,1.006,367.131,105.0,4.0,3.0,1.0,1.0,1.0,2.0,1.0,,x,,,,,,,,x,,,,,
1552895353149,28616,34778,14690,27462,3956,8420,1084397,170127,1,27,1552895352138.0,1.011,368.142,105.0,4.0,3.0,1.0,1.0,1.0,2.0,1.0,,x,,,,,,,,x,,,,,
1552895354131,4118,8164,5409,3626,2052,1490,121611,48073,1,27,1552895353149.0,0.982,369.124,105.0,4.0,3.0,1.0,1.0,1.0,2.0,1.0,,x,,,,,,,,x,,,,,
1552895355237,7616,17888,10643,12200,3110,12423,92877,57183,1,27,1552895354131.0,1.106,370.23,105.0,4.0,3.0,1.0,1.0,1.0,2.0,1.0,,x,,,,,,,,x,,,,,
1552895356120,34566,23968,10549,18512,3991,7278,687060,243492,1,27,1552895355237.0,0.883,371.113,105.0,4.0,3.0,1.0,1.0,1.0,2.0,1.0,,x,,,,,,,,x,,,,,
1552895357107,3104,1581,1229,2905,513,1947,329940,20761,1,27,1552895356120.0,0.987,372.1,110.0,4.0,3.0,1.0,1.0,1.0,2.0,1.0,,x,,,,,,,,x,,,,,
1552895358127,28966,59338,15259,32309,14973,9706,308040,149821,1,27,1552895357107.0,1.02,373.12,110.0,4.0,3.0,1.0,1.0,1.0,2.0,1.0,,x,,,,,,,,x,,,,,
1552895359115,16612,41647,38732,54942,6034,11273,720021,322628,1,27,1552895358127.0,0.988,374.108,110.0,4.0,3.0,1.0,1.0,1.0,2.0,1.0,,x,,,,,,,,x,,,,,
1552895360087,138466,34215,74210,97638,32170,43985,1607560,427468,1,27,1552895359115.0,0.972,375.08,110.0,4.0,3.0,1.0,1.0,1.0,2.0,1.0,,x,,,,,,,,x,,,,,
1552895361095,12566,32209,11891,8283,4746,5003,501827,74051,1,27,1552895360087.0,1.008,376.088,110.0,4.0,3.0,1.0,1.0,1.0,2.0,1.0,,x,,,,,,,,x,,,,,
1552895362074,5931,4189,2673,7003,1396,2324,216600,44060,1,27,1552895361095.0,0.979,377.067,110.0,4.0,3.0,1.0,1.0,1.0,2.0,1.0,,x,,,,,,,,x,,,,,
1552895363226,3000,7146,3280,8005,1657,3285,302166,124075,1,27,1552895362074.0,1.152,378.219,115.0,4.0,3.0,1.0,1.0,1.0,2.0,1.0,,x,,,,,,,,x,,,,,
1552895364082,28741,32677,19483,8720,9133,14645,2163262,156413,1,27,1552895363226.0,0.856,379.075,115.0,4.0,3.0,1.0,1.0,1.0,2.0,1.0,,x,,,,,,,,x,,,,,
1552895365076,3535,4643,13526,11452,3103,4157,1805720,97911,1,27,1552895364082.0,0.994,380.069,115.0,4.0,3.0,1.0,1.0,1.0,2.0,1.0,,x,,,,,,,,x,,,,,
1552895366076,34265,37548,19683,24464,20528,24151,577865,97178,1,27,1552895365076.0,1.0,381.069,115.0,4.0,3.0,1.0,1.0,1.0,2.0,1.0,,x,,,,,,,,x,,,,,
1552895367083,10855,14361,5086,5092,3789,2382,127714,19849,1,27,1552895366076.0,1.007,382.076,115.0,4.0,3.0,1.0,1.0,1.0,2.0,1.0,,x,,,,,,,,x,,,,,
1552895368046,8281,6887,4172,2238,955,2235,535477,37795,1,27,1552895367083.0,0.963,383.039,115.0,4.0,3.0,1.0,1.0,1.0,2.0,1.0,,x,,,,,,,,x,,,,,
1552895369046,27937,19881,11566,5168,4006,7290,57303,45004,1,27,1552895368046.0,1.0,384.039,120.0,3.0,3.0,1.0,1.0,1.0,2.0,1.0,,x,,,,,,,,x,,,,,
1552895370056,24569,6696,17734,29682,6776,11406,305213,297868,1,27,1552895369046.0,1.01,385.049,120.0,3.0,3.0,1.0,1.0,1.0,2.0,1.0,,x,,,,,,,,x,,,,,
1552895371143,33309,24806,22445,23770,8824,12874,484947,146328,1,27,1552895370056.0,1.087,386.136,120.0,3.0,3.0,1.0,1.0,1.0,2.0,1.0,,x,,,,,,,,x,,,,,
1552895372049,36954,75466,42660,14291,7921,52253,172108,194546,1,27,1552895371143.0,0.906,387.042,120.0,3.0,3.0,1.0,1.0,1.0,2.0,1.0,,x,,,,,,,,x,,,,,
1552895373048,16390,54815,15288,34797,10698,8716,1128523,129699,1,27,1552895372049.0,0.999,388.041,120.0,3.0,3.0,1.0,1.0,1.0,2.0,1.0,,x,,,,,,,,x,,,,,
1552895374031,12918,48883,11789,14020,3042,2972,897354,75055,1,27,1552895373048.0,0.983,389.024,120.0,3.0,3.0,1.0,1.0,1.0,2.0,1.0,,x,,,,,,,,x,,,,,
1552895375016,38236,73512,14709,11710,11135,15464,29067,80833,1,27,1552895374031.0,0.985,390.009,125.0,3.0,3.0,1.0,1.0,1.0,2.0,1.0,,,,x,,,,,,,,,,,x
1552895376039,249286,120944,223037,173225,57933,133407,1037112,207638,1,27,1552895375016.0,1.023,391.032,125.0,3.0,3.0,1.0,1.0,1.0,2.0,1.0,,,,x,,,,,,,,,,,x
1552895377003,6700,22830,4614,22567,2359,2890,693169,133446,1,27,1552895376039.0,0.964,391.996,125.0,3.0,3.0,1.0,1.0,1.0,2.0,1.0,,,,x,,,,,,,,,,,x
1552895378021,887,841,6387,7659,2214,2274,220693,79404,1,27,1552895377003.0,1.018,393.014,125.0,3.0,3.0,1.0,1.0,1.0,2.0,1.0,,,,x,,,,,,,,,,,x
1552895379022,2592,4116,854,1177,721,718,311334,3935,1,27,1552895378021.0,1.001,394.015,125.0,3.0,3.0,1.0,1.0,1.0,2.0,1.0,,,,x,,,,,,,,,,,x
1552895380004,30572,7479,22330,25536,12682,6126,497076,451039,1,27,1552895379022.0,0.982,394.997,125.0,3.0,3.0,1.0,1.0,1.0,2.0,1.0,,,,x,,,,,,,,,,,x
1552895380994,13488,4796,3468,4494,2539,3192,75788,28607,1,27,1552895380004.0,0.99,395.987,130.0,3.0,3.0,1.0,1.0,1.0,2.0,1.0,,,,x,,,,,,,,,,,x
1552895381980,64204,222250,98512,136583,49237,69118,228967,159784,1,27,1552895380994.0,0.986,396.973,130.0,3.0,3.0,1.0,1.0,1.0,2.0,1.0,,,,x,,,,,,,,,,,x
1552895382973,12945,26301,11158,6632,4649,10134,895175,36702,1,27,1552895381980.0,0.993,397.966,130.0,3.0,3.0,1.0,1.0,1.0,2.0,1.0,,,,x,,,,,,,,,,,x
1552895384072,3158,32560,6877,4073,2634,3836,1366994,153127,1,27,1552895382973.0,1.099,399.065,130.0,3.0,3.0,1.0,1.0,1.0,2.0,1.0,,,,x,,,,,,,,,,,x
1552895384961,2074,1059,1495,935,270,1073,40980,2801,1,27,1552895384072.0,0.889,399.954,130.0,3.0,3.0,1.0,1.0,1.0,2.0,1.0,,,,x,,,,,,,,,,,x
1552895385977,13791,42260,35132,19326,10378,15961,1162951,146133,1,27,1552895384961.0,1.016,400.97,130.0,3.0,3.0,1.0,1.0,1.0,2.0,1.0,,,,x,,,,,,,,,,,x
1552895386967,7622,2248,6237,8153,3150,3240,1023232,27624,1,27,1552895385977.0,0.99,401.96,135.0,3.0,3.0,1.0,1.0,1.0,2.0,1.0,,,,x,,,,,,,,,,,x
1552895387967,11411,90002,123860,93226,33394,54919,308358,133716,1,27,1552895386967.0,1.0,402.96,135.0,3.0,3.0,1.0,1.0,1.0,2.0,1.0,,,,x,,,,,,,,,,,x
1552895388964,4864,20931,7355,2517,2311,2478,445985,20164,1,27,1552895387967.0,0.997,403.957,135.0,3.0,3.0,1.0,1.0,1.0,2.0,1.0,,,,x,,,,,,,,,,,x
1552895389965,91720,101587,22374,83028,27886,26768,1070784,256849,1,27,1552895388964.0,1.001,404.958,135.0,3.0,3.0,1.0,1.0,1.0,2.0,1.0,,,,x,,,,,,,,,,,x
1552895390947,25720,18668,12644,5116,11237,9810,1083207,550344,1,27,1552895389965.0,0.982,405.94,135.0,3.0,3.0,1.0,1.0,1.0,2.0,1.0,,,,x,,,,,,,,,,,x
1552895392037,4378,4357,2508,5970,1188,2834,163272,23373,1,27,1552895390947.0,1.09,407.03,135.0,3.0,3.0,1.0,1.0,1.0,2.0,1.0,,,,x,,,,,,,,,,,x
1552895392947,49905,50105,33939,95047,22564,15979,1455773,270555,1,27,1552895392037.0,0.91,407.94,140.0,3.0,3.0,1.0,1.0,1.0,2.0,1.0,,,,x,,,,,,,,,,,x
1552895393940,41487,18295,22519,49847,6516,15975,1710005,398658,1,27,1552895392947.0,0.993,408.933,140.0,3.0,3.0,1.0,1.0,1.0,2.0,1.0,,,,x,,,,,,,,,,,x
1552895394917,38424,269370,24780,6265,24240,19699,1162749,465453,1,27,1552895393940.0,0.977,409.91,140.0,3.0,3.0,1.0,1.0,1.0,2.0,1.0,,,,x,,,,,,,,,,,x
1552895395928,6647,17155,2007,11109,2451,1567,113692,32888,1,27,1552895394917.0,1.011,410.921,140.0,3.0,3.0,1.0,1.0,1.0,2.0,1.0,,,,x,,,,,,,,,,,x
1552895396918,8906,26596,4376,6644,2460,3439,310125,68260,1,27,1552895395928.0,0.99,411.911,140.0,3.0,3.0,1.0,1.0,1.0,2.0,1.0,,,,x,,,,,,,,,,,x
1552895397919,5957,2294,7213,22114,9258,6158,67487,112471,1,27,1552895396918.0,1.001,412.912,140.0,3.0,3.0,1.0,1.0,1.0,2.0,1.0,,,,x,,,,,,,,,,,x
1552895398901,5942,28027,7038,4998,2549,5153,103455,19402,1,27,1552895397919.0,0.982,413.894,145.0,3.0,3.0,1.0,1.0,1.0,2.0,1.0,,,,x,,,,,,,,,,,x
1552895400029,7142,9122,4388,2433,5735,3954,91514,25090,1,27,1552895398901.0,1.128,415.022,145.0,3.0,3.0,1.0,1.0,1.0,2.0,1.0,,,,x,,,,,,,,,,,x
1552895400889,2234,942,3763,1957,2802,1715,147810,4232,1,27,1552895400029.0,0.86,415.882,145.0,3.0,3.0,1.0,1.0,1.0,2.0,1.0,,,,x,,,,,,,,,,,x
1552895401870,3936,4364,2380,3384,1434,2044,95365,20281,1,27,1552895400889.0,0.981,416.863,145.0,3.0,3.0,1.0,1.0,1.0,2.0,1.0,,,,x,,,,,,,,,,,x
1552895402881,6420,5160,4842,5761,3199,4709,105252,36874,1,27,1552895401870.0,1.011,417.874,145.0,3.0,3.0,1.0,1.0,1.0,2.0,1.0,,,,x,,,,,,,,,,,x
1552895403880,3144,5275,3124,1588,3047,2438,124561,14817,1,27,1552895402881.0,0.999,418.873,145.0,3.0,3.0,1.0,1.0,1.0,2.0,1.0,,,,x,,,,,,,,,,,x
1552895404858,5067,3759,5551,6460,1826,3115,142433,14347,1,27,1552895403880.0,0.978,419.851,150.0,3.0,3.0,1.0,1.0,1.0,2.0,1.0,,,,x,,,,,,,,,,,x
1552895405859,18980,8832,5736,9246,6194,12939,58036,27302,1,27,1552895404858.0,1.001,420.852,150.0,3.0,3.0,1.0,1.0,1.0,2.0,1.0,,,,x,,,,,,,,,,,x
1552895406862,10833,20253,17318,11991,22100,15033,51803,60906,1,27,1552895405859.0,1.003,421.855,150.0,3.0,3.0,1.0,1.0,1.0,2.0,1.0,,,,x,,,,,,,,,,,x
1552895407893,15485,19520,3758,7775,14010,17125,54852,68637,1,27,1552895406862.0,1.031,422.886,150.0,3.0,3.0,1.0,1.0,1.0,2.0,1.0,,,,x,,,,,,,,,,,x
1552895408842,692,1337,528,1969,262,495,201621,2287,1,27,1552895407893.0,0.949,423.835,150.0,3.0,3.0,1.0,1.0,1.0,2.0,1.0,,,,x,,,,,,,,,,,x
1552895409860,10437,14593,9469,11545,13399,7308,195039,24057,1,27,1552895408842.0,1.018,424.853,150.0,3.0,3.0,1.0,1.0,1.0,2.0,1.0,,,,x,,,,,,,,,,,x
1552895410826,26179,10428,30498,8566,14541,9317,123703,227446,1,27,1552895409860.0,0.966,425.819,155.0,3.0,3.0,1.0,1.0,1.0,2.0,1.0,,,,x,,,,,,,,,,,x
1552895411847,19584,12056,14194,4980,7665,5749,274300,189816,1,27,1552895410826.0,1.021,426.84,155.0,3.0,3.0,1.0,1.0,1.0,2.0,1.0,,,,x,,,,,,,,,,,x
1552895412849,5148,73477,13072,17156,14787,4989,134920,89837,1,27,1552895411847.0,1.002,427.842,155.0,3.0,3.0,1.0,1.0,1.0,2.0,1.0,,,,x,,,,,,,,,,,x
1552895413817,26348,38219,28594,19835,13333,19376,182230,65813,1,27,1552895412849.0,0.968,428.81,155.0,3.0,3.0,1.0,1.0,1.0,2.0,1.0,,,,x,,,,,,,,,,,x
1552895414818,20804,72111,33566,10866,13131,19265,740125,240007,1,27,1552895413817.0,1.001,429.811,155.0,3.0,3.0,1.0,1.0,1.0,2.0,1.0,,,,x,,,,,,,,,,,x
1552895415813,29498,95993,34583,55625,7876,30646,2200430,159568,1,27,1552895414818.0,0.995,430.806,155.0,3.0,3.0,1.0,1.0,1.0,2.0,1.0,,,,x,,,,,,,,,,,x
1552895416815,7467,16977,12430,8456,2654,3659,282876,28147,1,27,1552895415813.0,1.002,431.808,160.0,3.0,3.0,1.0,1.0,1.0,2.0,1.0,,,,x,,,,,,,,,,,x
1552895417800,3983,12079,6038,1802,4426,1243,262791,146536,1,27,1552895416815.0,0.985,432.793,160.0,3.0,3.0,1.0,1.0,1.0,2.0,1.0,,,,x,,,,,,,,,,,x
1552895418797,17016,38387,8301,8360,3445,2573,2038573,58148,1,27,1552895417800.0,0.997,433.79,160.0,3.0,3.0,1.0,1.0,1.0,2.0,1.0,,,,x,,,,,,,,,,,x
1552895419800,989,21390,4124,6900,2353,2554,110266,90084,1,27,1552895418797.0,1.003,434.793,160.0,3.0,3.0,1.0,1.0,1.0,2.0,1.0,,,,x,,,,,,,,,,,x
1552895420840,12266,13887,10254,13998,7101,25284,75309,11042,1,27,1552895419800.0,1.04,435.833,160.0,3.0,3.0,1.0,1.0,1.0,2.0,1.0,,,,x,,,,,,,,,,,x
1552895421784,6664,13399,29520,10348,8006,4843,859631,33875,1,27,1552895420840.0,0.944,436.777,160.0,3.0,3.0,1.0,1.0,1.0,2.0,1.0,,,,x,,,,,,,,,,,x
1552895422785,3913,17920,11461,11351,7537,13131,92979,104548,1,27,1552895421784.0,1.001,437.778,165.0,3.0,3.0,1.0,1.0,1.0,2.0,1.0,,,,x,,,,,,,,,,,x
1552895423780,2777,12637,8462,10345,1395,2073,194686,36459,1,27,1552895422785.0,0.995,438.773,165.0,3.0,3.0,1.0,1.0,1.0,2.0,1.0,,,,x,,,,,,,,,,,x
1552895424768,9240,22293,31753,20613,12138,11002,539046,145405,1,27,1552895423780.0,0.988,439.761,165.0,3.0,3.0,1.0,1.0,1.0,2.0,1.0,,,,x,,,,,,,,,,,x
1552895425759,23070,59310,35667,25882,14545,21195,1348881,31913,1,27,1552895424768.0,0.991,440.752,165.0,3.0,3.0,1.0,1.0,1.0,2.0,1.0,,,,x,,,,,,,,,,,x
1552895426758,644,3496,1628,1656,735,952,69206,22422,1,27,1552895425759.0,0.999,441.751,165.0,3.0,3.0,1.0,1.0,1.0,2.0,1.0,,,,x,,,,,,,,,,,x
1552895427762,2368,1491,1300,2701,977,939,97313,7754,1,27,1552895426758.0,1.004,442.755,165.0,3.0,3.0,1.0,1.0,1.0,2.0,1.0,,,,x,,,,,,,,,,,x
1552895428886,12864,10445,3652,4182,3275,3505,1195358,23738,1,27,1552895427762.0,1.124,443.879,170.0,3.0,3.0,1.0,1.0,1.0,2.0,1.0,,,,x,,,,,,,,,,,x
1552895429761,28571,35849,21806,32838,17022,17079,466121,137426,1,27,1552895428886.0,0.875,444.754,170.0,3.0,3.0,1.0,1.0,1.0,2.0,1.0,,,,x,,,,,,,,,,,x
1552895430743,177999,119856,43095,12955,18037,32463,1889573,428898,1,27,1552895429761.0,0.982,445.736,170.0,3.0,3.0,1.0,1.0,1.0,2.0,1.0,,,,x,,,,,,,,,,,x
1552895431740,66022,56230,34361,83336,6672,16078,978850,443493,1,27,1552895430743.0,0.997,446.733,170.0,3.0,3.0,1.0,1.0,1.0,2.0,1.0,,,,x,,,,,,,,,,,x
1552895432746,69804,26593,19160,64775,24277,24719,871179,493887,1,27,1552895431740.0,1.006,447.739,170.0,3.0,3.0,1.0,1.0,1.0,2.0,1.0,,,,x,,,,,,,,,,,x
1552895433718,4725,25630,7534,7349,1313,3498,161105,139338,1,27,1552895432746.0,0.972,448.711,170.0,3.0,3.0,1.0,1.0,1.0,2.0,1.0,,,,x,,,,,,,,,,,x
1552895434712,17166,31960,16799,19572,7016,13776,266160,313244,1,27,1552895433718.0,0.994,449.705,175.0,3.0,3.0,1.0,1.0,1.0,2.0,1.0,,,,x,,,,,,,,,,,x
1552895435715,12449,12821,24177,3385,7847,3763,85273,14078,1,27,1552895434712.0,1.003,450.708,175.0,3.0,3.0,1.0,1.0,1.0,2.0,1.0,,,,x,,,,,,,,,,,x
1552895436823,6690,24595,3125,5941,1126,3415,185272,162516,1,27,1552895435715.0,1.108,451.816,175.0,3.0,3.0,1.0,1.0,1.0,2.0,1.0,,,,x,,,,,,,,,,,x
1552895437715,6869,21769,5029,6032,1492,3910,265291,126561,1,27,1552895436823.0,0.892,452.708,175.0,3.0,3.0,1.0,1.0,1.0,2.0,1.0,,,,x,,,,,,,,,,,x
1552895438719,571,1247,735,1707,597,334,49099,25842,1,27,1552895437715.0,1.004,453.712,175.0,3.0,3.0,1.0,1.0,1.0,2.0,1.0,,,,x,,,,,,,,,,,x
1552895439684,2194,4998,2472,2839,284,1433,67149,7057,1,27,1552895438719.0,0.965,454.677,175.0,3.0,3.0,1.0,1.0,1.0,2.0,1.0,,,,x,,,,,,,,,,,x
1552895440705,6131,20802,6483,5672,4149,2848,99491,26475,1,27,1552895439684.0,1.021,455.698,180.0,3.0,3.0,1.0,1.0,1.0,2.0,1.0,,,,x,,,,,,,,,,,x
1552895441688,38239,22519,19412,25613,9951,5116,260909,145187,1,27,1552895440705.0,0.983,456.681,180.0,3.0,3.0,1.0,1.0,1.0,2.0,1.0,,,,x,,,,,,,,,,,x
1552895442686,12210,8969,7532,12247,3962,8437,470086,107443,1,27,1552895441688.0,0.998,457.679,180.0,3.0,3.0,1.0,1.0,1.0,2.0,1.0,,,,x,,,,,,,,,,,x
1552895443671,5283,27121,18522,11545,10392,3820,242386,124126,1,27,1552895442686.0,0.985,458.664,180.0,3.0,3.0,1.0,1.0,1.0,2.0,1.0,,,,x,,,,,,,,,,,x
1552895444756,8022,22861,4607,4545,894,1676,90822,18454,1,27,1552895443671.0,1.085,459.749,180.0,3.0,3.0,1.0,1.0,1.0,2.0,1.0,,,,x,,,,,,,,,,,x
1552895445677,32303,16763,12975,14404,5161,4228,262007,84341,1,27,1552895444756.0,0.921,460.67,180.0,3.0,3.0,1.0,1.0,1.0,2.0,1.0,,,,x,,,,,,,,,,,x
1552895446657,3919,939,1394,1998,829,781,105566,34984,1,27,1552895445677.0,0.98,461.65,185.0,3.0,3.0,1.0,1.0,1.0,2.0,1.0,,,,x,,,,,,,,,,,x
1552895447654,2916,4207,8214,10667,1911,4100,44239,21634,1,27,1552895446657.0,0.997,462.647,185.0,3.0,3.0,1.0,1.0,1.0,2.0,1.0,,,,x,,,,,,,,,,,x
1552895448640,909,530,1659,1240,84,236,59053,13695,1,27,1552895447654.0,0.986,463.633,185.0,3.0,3.0,1.0,1.0,1.0,2.0,1.0,,,,x,,,,,,,,,,,x
1552895449676,2974,584,2549,5428,809,507,9547,17101,1,27,1552895448640.0,1.036,464.669,185.0,3.0,3.0,1.0,1.0,1.0,2.0,1.0,,,,x,,,,,,,,,,,x
1552895450626,12338,5050,1257,2872,837,446,246492,36090,1,27,1552895449676.0,0.95,465.619,185.0,3.0,3.0,1.0,1.0,1.0,2.0,1.0,,,,x,,,,,,,,,,,x
1552895451625,3692,4019,1240,2159,1234,527,18703,13637,1,27,1552895450626.0,0.999,466.618,185.0,3.0,3.0,1.0,1.0,1.0,2.0,1.0,,,,x,,,,,,,,,,,x
1552895452746,754,2507,1849,1316,1175,2002,274387,26450,1,27,1552895451625.0,1.121,467.739,190.0,3.0,3.0,1.0,1.0,1.0,2.0,1.0,,,,x,,,,,,,,,,,x
1552895453611,3490,22915,8871,5899,5967,4691,10342,34526,1,27,1552895452746.0,0.865,468.604,190.0,3.0,3.0,1.0,1.0,1.0,2.0,1.0,,,,x,,,,,,,,,,,x
1552895454634,5574,6891,4714,4726,2390,2728,4584,7350,1,27,1552895453611.0,1.023,469.627,190.0,3.0,3.0,1.0,1.0,1.0,2.0,1.0,,,,x,,,,,,,,,,,x
1552895455628,6274,9487,4366,3456,1216,3698,89218,114467,1,27,1552895454634.0,0.994,470.621,190.0,3.0,3.0,1.0,1.0,1.0,2.0,1.0,,,,x,,,,,,,,,,,x
1552895456611,28052,7647,8618,23239,4320,5957,1122528,122647,1,27,1552895455628.0,0.983,471.604,190.0,3.0,3.0,1.0,1.0,1.0,2.0,1.0,,,,x,,,,,,,,,,,x
1552895457637,1519,6941,4656,1242,712,1475,305377,16479,1,27,1552895456611.0,1.026,472.63,190.0,3.0,3.0,1.0,1.0,1.0,2.0,1.0,,,,x,,,,,,,,,,,x
1552895458599,4729,7208,3280,2078,1146,501,74150,75332,1,27,1552895457637.0,0.962,473.592,195.0,3.0,3.0,1.0,1.0,1.0,2.0,1.0,,,,x,,,,,,,,,,,x
1552895459590,2329,4039,3732,2606,1304,2519,329964,32539,1,27,1552895458599.0,0.991,474.583,195.0,3.0,3.0,1.0,1.0,1.0,2.0,1.0,,,,x,,,,,,,,,,,x
1552895460583,847,645,931,2326,1027,840,335208,9124,1,27,1552895459590.0,0.993,475.576,195.0,3.0,3.0,1.0,1.0,1.0,2.0,1.0,,,,x,,,,,,,,,,,x
1552895461592,743,5107,2881,3051,1147,697,108104,2861,1,27,1552895460583.0,1.009,476.585,195.0,3.0,3.0,1.0,1.0,1.0,2.0,1.0,,,,x,,,,,,,,,,,x
1552895462584,18811,24133,17603,15364,7564,3829,86740,44640,1,27,1552895461592.0,0.992,477.577,195.0,3.0,3.0,1.0,1.0,1.0,2.0,1.0,,,,x,,,,,,,,,,,x
1552895463570,11937,20656,17599,4034,5811,2561,19046,37042,1,27,1552895462584.0,0.986,478.563,195.0,3.0,3.0,1.0,1.0,1.0,2.0,1.0,,,,x,,,,,,,,,,,x
1552895464556,5785,7637,5425,5555,2479,3049,17223,8497,1,27,1552895463570.0,0.986,479.549,195.0,3.0,3.0,1.0,1.0,1.0,2.0,1.0,,,,x,,,,,,,,,,,x
1552895465630,910,1095,1239,1126,669,1542,35366,14164,1,27,1552895464556.0,1.074,480.623,200.0,3.0,3.0,1.0,1.0,1.0,2.0,1.0,,,,x,,,,,,,,,,,x
1552895466578,3498,5213,1582,2864,472,1460,56623,20606,1,27,1552895465630.0,0.948,481.571,200.0,3.0,3.0,1.0,1.0,1.0,2.0,1.0,,,,x,,,,,,,,,,,x
1552895467557,952,1064,1354,2738,752,1371,8514,8051,1,27,1552895466578.0,0.979,482.55,200.0,3.0,3.0,1.0,1.0,1.0,2.0,1.0,,,,x,,,,,,,,,,,x
1552895468542,3758,2260,1559,2601,1375,3842,113667,11253,1,27,1552895467557.0,0.985,483.535,200.0,3.0,3.0,1.0,1.0,1.0,2.0,1.0,,,,x,,,,,,,,,,,x
1552895469557,801,1227,814,364,416,420,33952,9283,1,27,1552895468542.0,1.015,484.55,200.0,3.0,3.0,1.0,1.0,1.0,2.0,1.0,,,,x,,,,,,,,,,,x
1552895470525,6866,6220,10060,2117,3355,4445,23399,11667,1,27,1552895469557.0,0.968,485.518,200.0,3.0,3.0,1.0,1.0,1.0,2.0,1.0,,,,x,,,,,,,,,,,x
1552895471539,1898,3027,2386,863,1570,953,26738,21701,1,27,1552895470525.0,1.014,486.532,205.0,3.0,3.0,1.0,1.0,1.0,2.0,1.0,,,,x,,,,,,,,,,,x
1552895472523,883,1331,711,1758,265,403,66123,11440,1,27,1552895471539.0,0.984,487.516,205.0,3.0,3.0,1.0,1.0,1.0,2.0,1.0,,,,x,,,,,,,,,,,x
1552895473625,4396,8866,1511,1736,1604,1190,74301,30267,1,27,1552895472523.0,1.102,488.618,205.0,3.0,3.0,1.0,1.0,1.0,2.0,1.0,,,,x,,,,,,,,,,,x
1552895474528,1083,119,624,1465,496,634,49519,23050,1,27,1552895473625.0,0.903,489.521,205.0,3.0,3.0,1.0,1.0,1.0,2.0,1.0,,,,x,,,,,,,,,,,x
1552895475529,1633,680,1946,1879,497,794,44330,12045,1,27,1552895474528.0,1.001,490.522,205.0,3.0,3.0,1.0,1.0,1.0,2.0,1.0,,,,x,,,,,,,,,,,x
1552895476491,1435,5982,1314,3271,580,981,42851,20779,1,27,1552895475529.0,0.962,491.484,205.0,3.0,3.0,1.0,1.0,1.0,2.0,1.0,,,,x,,,,,,,,,,,x
1552895477504,2864,2291,1400,3634,199,750,219513,18655,1,27,1552895476491.0,1.013,492.497,210.0,3.0,3.0,1.0,1.0,1.0,2.0,1.0,,,,x,,,,,,,,,,,x
1552895478491,2549,15770,3836,4356,1235,3515,143234,82644,1,27,1552895477504.0,0.987,493.484,210.0,3.0,3.0,1.0,1.0,1.0,2.0,1.0,,,,x,,,,,,,,,,,x
1552895479481,8224,7788,5066,11483,1500,2404,1022556,143099,1,27,1552895478491.0,0.99,494.474,210.0,3.0,3.0,1.0,1.0,1.0,2.0,1.0,,,,x,,,,,,,,,,,x
1552895480495,5012,4408,5506,6329,1477,1706,186345,130207,1,27,1552895479481.0,1.014,495.488,210.0,3.0,3.0,1.0,1.0,1.0,2.0,1.0,,,,x,,,,,,,,,,,x
1552895481628,14771,34427,6087,7101,1949,1595,70384,49366,1,27,1552895480495.0,1.133,496.621,210.0,3.0,3.0,1.0,1.0,1.0,2.0,1.0,,,,x,,,,,,,,,,,x
1552895482465,4387,3372,1949,2130,1038,1936,239654,21159,1,27,1552895481628.0,0.837,497.458,210.0,3.0,3.0,1.0,1.0,1.0,2.0,1.0,,,,x,,,,,,,,,,,x
1552895483471,3098,4237,2349,4509,560,1032,156537,2399,1,27,1552895482465.0,1.006,498.464,215.0,3.0,3.0,1.0,1.0,1.0,2.0,1.0,,,,x,,,,,,,,,,,x
1552895484449,5675,2012,3819,2936,843,1767,246094,2934,1,27,1552895483471.0,0.978,499.442,215.0,3.0,3.0,1.0,1.0,1.0,2.0,1.0,,,,x,,,,,,,,,,,x
1552895485449,1606,2843,1060,1696,950,977,54968,14252,1,27,1552895484449.0,1.0,500.442,215.0,3.0,3.0,1.0,1.0,1.0,2.0,1.0,,,,x,,,,,,,,,,,x
1552895486491,1391,12060,8402,11521,3833,1265,70665,32226,1,27,1552895485449.0,1.042,501.484,215.0,3.0,3.0,1.0,1.0,1.0,2.0,1.0,,,,x,,,,,,,,,,,x
1552895487434,4705,12194,11427,11563,3227,5562,276760,80130,1,27,1552895486491.0,0.943,502.427,215.0,3.0,3.0,1.0,1.0,1.0,2.0,1.0,,,,x,,,,,,,,,,,x
1552895488442,1347,2919,1327,2102,472,1257,44327,3589,1,27,1552895487434.0,1.008,503.435,215.0,3.0,3.0,1.0,1.0,1.0,2.0,1.0,,,,x,,,,,,,,,,,x
1552895489492,101911,209739,63048,108866,66878,91624,965029,726324,1,27,1552895488442.0,1.05,504.485,220.0,3.0,3.0,1.0,1.0,1.0,2.0,1.0,,,,x,,,,,,,,,,,x
1552895490441,2522,1824,4251,5150,1550,8859,52962,40107,1,27,1552895489492.0,0.949,505.434,220.0,3.0,3.0,1.0,1.0,1.0,2.0,1.0,,,,x,,,,,,,,,,,x
1552895491444,4471,25828,8619,47714,1713,5344,1075857,103147,1,27,1552895490441.0,1.003,506.437,220.0,3.0,3.0,1.0,1.0,1.0,2.0,1.0,,,,x,,,,,,,,,,,x
1552895492424,7089,2481,2958,3844,1618,3284,245599,50112,1,27,1552895491444.0,0.98,507.417,220.0,3.0,3.0,1.0,1.0,1.0,2.0,1.0,,,,x,,,,,,,,,,,x
1552895493405,2499,3939,1757,2190,634,1751,11957,5534,1,27,1552895492424.0,0.981,508.398,220.0,3.0,3.0,1.0,1.0,1.0,2.0,1.0,,,,x,,,,,,,,,,,x
1552895494432,955,17709,2425,3014,1490,2524,145663,28658,1,27,1552895493405.0,1.027,509.425,220.0,3.0,3.0,1.0,1.0,1.0,2.0,1.0,,,,x,,,,,,,,,,,x
1552895495426,6416,12175,3381,6099,3486,2383,115688,59922,1,27,1552895494432.0,0.994,510.419,225.0,4.0,3.0,1.0,1.0,1.0,2.0,1.0,,,,x,,,,,,,,,,,x
1552895496394,3492,9158,2095,3204,821,1548,194059,24631,1,27,1552895495426.0,0.968,511.387,225.0,4.0,3.0,1.0,1.0,1.0,2.0,1.0,,,,x,,,,,,,,,,,x
1552895497454,14120,717,8166,9487,4567,7487,8149,19998,1,27,1552895496394.0,1.06,512.447,225.0,4.0,3.0,1.0,1.0,1.0,2.0,1.0,,,,x,,,,,,,,,,,x
1552895498415,3786,7814,3797,1418,2503,2548,359947,6023,1,27,1552895497454.0,0.961,513.408,225.0,4.0,3.0,1.0,1.0,1.0,2.0,1.0,,,,x,,,,,,,,,,,x
1552895499401,3753,3603,3063,4319,1167,2853,57747,20875,1,27,1552895498415.0,0.986,514.394,225.0,4.0,3.0,1.0,1.0,1.0,2.0,1.0,,,,x,,,,,,,,,,,x
1552895500376,21286,15280,4353,9758,9688,2871,306817,83493,1,27,1552895499401.0,0.975,515.369,225.0,4.0,3.0,1.0,1.0,1.0,2.0,1.0,,,,x,,,,,,,,,,,x
1552895501386,8285,16552,8976,3143,5516,4079,8456,12934,1,27,1552895500376.0,1.01,516.379,230.0,4.0,3.0,1.0,1.0,1.0,2.0,1.0,,,,x,,,,,,,,,,,x
1552895502436,1990,1012,2326,2083,550,1583,46334,10303,1,27,1552895501386.0,1.05,517.429,230.0,4.0,3.0,1.0,1.0,1.0,2.0,1.0,,,,x,,,,,,,,,,,x
1552895503365,3030,6582,1100,4816,1271,1733,240465,7376,1,27,1552895502436.0,0.929,518.358,230.0,4.0,3.0,1.0,1.0,1.0,2.0,1.0,,,,x,,,,,,,,,,,x
1552895504347,5142,3106,3177,2853,759,906,30584,17572,1,27,1552895503365.0,0.982,519.34,230.0,4.0,3.0,1.0,1.0,1.0,2.0,1.0,,,,x,,,,,,,,,,,x
1552895505347,10865,3474,5402,3477,4766,4060,52647,14334,1,27,1552895504347.0,1.0,520.34,230.0,4.0,3.0,1.0,1.0,1.0,2.0,1.0,,,,x,,,,,,,,,,,x
1552895506379,5119,14758,13611,9676,3667,5505,112226,117763,1,27,1552895505347.0,1.032,521.372,230.0,4.0,3.0,1.0,1.0,1.0,2.0,1.0,,,,x,,,,,,,,,,,x
1552895507331,2492,2364,1572,2164,1526,1200,204024,7671,1,27,1552895506379.0,0.952,522.324,235.0,4.0,3.0,1.0,1.0,1.0,2.0,1.0,,,,x,,,,,,,,,,,x
1552895508335,1252,8350,2691,1064,1200,2241,16803,11217,1,27,1552895507331.0,1.004,523.328,235.0,4.0,3.0,1.0,1.0,1.0,2.0,1.0,,,,x,,,,,,,,,,,x
1552895509334,7026,4676,1485,9016,2525,1419,52025,14041,1,27,1552895508335.0,0.999,524.327,235.0,4.0,3.0,1.0,1.0,1.0,2.0,1.0,,,,x,,,,,,,,,,,x
1552895510429,2395,1691,1656,1614,1329,1050,50923,24888,1,27,1552895509334.0,1.095,525.422,235.0,4.0,3.0,1.0,1.0,1.0,2.0,1.0,,,,x,,,,,,,,,,,x
1552895511327,6364,2829,3817,1406,1478,1823,21711,7758,1,27,1552895510429.0,0.898,526.32,235.0,4.0,3.0,1.0,1.0,1.0,2.0,1.0,,,,x,,,,,,,,,,,x
1552895512323,8337,20586,7302,20959,4663,4202,455797,83163,1,27,1552895511327.0,0.996,527.316,235.0,4.0,3.0,1.0,1.0,1.0,2.0,1.0,,,,x,,,,,,,,,,,x
1552895513305,25972,20976,16609,11994,7566,13678,540776,75157,1,27,1552895512323.0,0.982,528.298,240.0,4.0,3.0,1.0,1.0,1.0,2.0,1.0,,,,x,,,,,,,,,,,x
1552895514328,3305,25209,3368,3283,332,1581,53495,112888,1,27,1552895513305.0,1.023,529.321,240.0,4.0,3.0,1.0,1.0,1.0,2.0,1.0,,,,x,,,,,,,,,,,x
1552895515315,14658,9755,13217,20084,2988,4553,727798,503384,1,27,1552895514328.0,0.987,530.308,240.0,4.0,3.0,1.0,1.0,1.0,2.0,1.0,,,,x,,,,,,,,,,,x
1552895516289,9570,14901,13623,9577,7571,4413,348559,86831,1,27,1552895515315.0,0.974,531.282,240.0,4.0,3.0,1.0,1.0,1.0,2.0,1.0,,,,x,,,,,,,,,,,x
1552895517298,4649,15756,3852,2752,848,1757,36122,25918,1,27,1552895516289.0,1.009,532.291,240.0,4.0,3.0,1.0,1.0,1.0,2.0,1.0,,,,x,,,,,,,,,,,x
1552895518426,3716,753,1811,2965,660,1312,39388,6049,1,27,1552895517298.0,1.128,533.419,240.0,4.0,3.0,1.0,1.0,1.0,2.0,1.0,,,,x,,,,,,,,,,,x
1552895519284,790,1136,567,521,536,1222,126264,16897,1,27,1552895518426.0,0.858,534.277,245.0,4.0,3.0,1.0,1.0,1.0,2.0,1.0,,,,x,,,,,,,,,,,x
1552895520294,6135,10034,3263,939,1438,1794,33685,16900,1,27,1552895519284.0,1.01,535.287,245.0,4.0,3.0,1.0,1.0,1.0,2.0,1.0,,,,x,,,,,,,,,,,x
1552895521275,2926,4595,2362,5266,1283,2238,35142,23932,1,27,1552895520294.0,0.981,536.268,245.0,4.0,3.0,1.0,1.0,1.0,2.0,1.0,,,,x,,,,,,,,,,,x
1552895522295,2628,3068,6530,5840,6962,6560,17705,24662,1,27,1552895521275.0,1.02,537.288,245.0,4.0,3.0,1.0,1.0,1.0,2.0,1.0,,,,x,,,,,,,,,,,x
1552895523281,4609,5231,2994,8198,8850,7043,2106,6814,1,27,1552895522295.0,0.986,538.274,245.0,4.0,3.0,1.0,1.0,1.0,2.0,1.0,,,,x,,,,,,,,,,,x
1552895524260,2550,10055,3124,8926,1239,1610,53509,103779,1,27,1552895523281.0,0.979,539.253,245.0,4.0,3.0,1.0,1.0,1.0,2.0,1.0,,,,x,,,,,,,,,,,x
1552895525256,21137,41766,9159,26332,7046,9961,87073,113004,1,27,1552895524260.0,0.996,540.249,250.0,4.0,3.0,1.0,1.0,1.0,2.0,1.0,,,,x,,,,,,,,,,,x
1552895526361,4707,1274,3560,2233,815,1341,296129,32971,1,27,1552895525256.0,1.105,541.354,250.0,4.0,3.0,1.0,1.0,1.0,2.0,1.0,,,,x,,,,,,,,,,,x
1552895527234,944,7924,1761,2321,242,582,66117,16623,1,27,1552895526361.0,0.873,542.227,250.0,4.0,3.0,1.0,1.0,1.0,2.0,1.0,,,,x,,,,,,,,,,,x
1552895528253,17185,43065,10574,44502,12363,13394,817307,207061,1,27,1552895527234.0,1.019,543.246,250.0,4.0,3.0,1.0,1.0,1.0,2.0,1.0,,,,x,,,,,,,,,,,x
1552895529251,4809,15141,1449,1183,483,1446,35788,27880,1,27,1552895528253.0,0.998,544.244,250.0,4.0,3.0,1.0,1.0,1.0,2.0,1.0,,,,x,,,,,,,,,,,x
1552895530232,2036,4990,1711,2361,561,1859,270403,49849,1,27,1552895529251.0,0.981,545.225,250.0,4.0,3.0,1.0,1.0,1.0,2.0,1.0,,,,x,,,,,,,,,,,x
1552895531278,5234,6757,2682,941,1118,746,20925,17778,1,27,1552895530232.0,1.046,546.271,255.0,4.0,3.0,1.0,1.0,1.0,2.0,1.0,,,,x,,,,,,,,,,,x
1552895532221,3458,11087,2819,1331,494,1183,33053,59922,1,27,1552895531278.0,0.943,547.214,255.0,4.0,3.0,1.0,1.0,1.0,2.0,1.0,,,,x,,,,,,,,,,,x
1552895533218,181,1087,683,1264,454,335,153297,10063,1,27,1552895532221.0,0.997,548.211,255.0,4.0,3.0,1.0,1.0,1.0,2.0,1.0,,,,x,,,,,,,,,,,x
1552895534206,4390,2566,1062,1506,952,1077,70227,8181,1,27,1552895533218.0,0.988,549.199,255.0,4.0,3.0,1.0,1.0,1.0,2.0,1.0,,,,x,,,,,,,,,,,x
1552895535210,4635,983,2498,8931,1048,1371,140957,18695,1,27,1552895534206.0,1.004,550.203,255.0,4.0,3.0,1.0,1.0,1.0,2.0,1.0,,,,x,,,,,,,,,,,x
1552895536208,20910,56972,11660,12099,7881,7285,332219,360797,1,27,1552895535210.0,0.998,551.201,255.0,4.0,3.0,1.0,1.0,1.0,2.0,1.0,,,,x,,,,,,,,,,,x
1552895537208,22653,6737,9129,11336,2665,5668,26717,56299,1,27,1552895536208.0,1.0,552.201,260.0,4.0,3.0,1.0,1.0,1.0,2.0,1.0,,,,x,,,,,,,,,,,x
1552895538208,1056,13501,3699,3141,1376,2813,41606,97174,1,27,1552895537208.0,1.0,553.201,260.0,4.0,3.0,1.0,1.0,1.0,2.0,1.0,,,,x,,,,,,,,,,,x
1552895539227,7765,8996,3972,4115,1323,1625,123573,96067,1,27,1552895538208.0,1.019,554.22,260.0,4.0,3.0,1.0,1.0,1.0,2.0,1.0,,,,x,,,,,,,,,,,x
1552895540176,7497,16701,2990,3514,2295,2326,164616,41365,1,27,1552895539227.0,0.949,555.169,260.0,4.0,3.0,1.0,1.0,1.0,2.0,1.0,,,,x,,,,,,,,,,,x
1552895541175,4569,32758,13710,10007,11460,5664,21366,9658,1,27,1552895540176.0,0.999,556.168,260.0,4.0,3.0,1.0,1.0,1.0,2.0,1.0,,,,x,,,,,,,,,,,x
1552895542178,8539,7556,2415,5178,1225,1497,151058,52204,1,27,1552895541175.0,1.003,557.171,260.0,4.0,3.0,1.0,1.0,1.0,2.0,1.0,,,,x,,,,,,,,,,,x
1552895543160,14021,33218,7594,27760,3356,6201,992607,61164,1,27,1552895542178.0,0.982,558.153,265.0,4.0,3.0,1.0,1.0,1.0,2.0,1.0,,,,x,,,,,,,,,,,x
1552895544165,1130,2017,3470,2010,1975,952,15884,5781,1,27,1552895543160.0,1.005,559.158,265.0,4.0,3.0,1.0,1.0,1.0,2.0,1.0,,,,x,,,,,,,,,,,x
1552895545167,2340,10367,1751,2891,1792,1695,45109,33388,1,27,1552895544165.0,1.002,560.16,265.0,4.0,3.0,1.0,1.0,1.0,2.0,1.0,,,,x,,,,,,,,,,,x
1552895546155,3114,5973,8875,11061,14633,8584,19949,65879,1,27,1552895545167.0,0.988,561.148,265.0,4.0,3.0,1.0,1.0,1.0,2.0,1.0,,,,x,,,,,,,,,,,x
1552895547227,2986,6881,4588,1937,2190,2371,399574,44844,1,27,1552895546155.0,1.072,562.22,265.0,4.0,3.0,1.0,1.0,1.0,2.0,1.0,,,,x,,,,,,,,,,,x
1552895548147,25693,26947,17743,16296,16099,22125,118745,57041,1,27,1552895547227.0,0.92,563.14,265.0,4.0,3.0,1.0,1.0,1.0,2.0,1.0,,,,x,,,,,,,,,,,x
1552895549135,9249,5298,1817,3869,826,1526,65140,10788,1,27,1552895548147.0,0.988,564.128,270.0,4.0,3.0,1.0,1.0,1.0,2.0,1.0,,,,x,,,,,,,,,,,x
1552895550156,1826,20332,7834,8859,7644,10453,11117,22268,1,27,1552895549135.0,1.021,565.149,270.0,4.0,3.0,1.0,1.0,1.0,2.0,1.0,,,,x,,,,,,,,,,,x
1552895551118,21420,79263,12840,13162,5569,19924,191786,137159,1,27,1552895550156.0,0.962,566.111,270.0,4.0,3.0,1.0,1.0,1.0,2.0,1.0,,,,x,,,,,,,,,,,x
1552895552142,11035,14666,8035,7158,2601,7075,170804,21961,1,27,1552895551118.0,1.024,567.135,270.0,4.0,3.0,1.0,1.0,1.0,2.0,1.0,,,,x,,,,,,,,,,,x
1552895553104,2711,3282,3034,2985,2089,1686,115004,33226,1,27,1552895552142.0,0.962,568.097,270.0,4.0,3.0,1.0,1.0,1.0,2.0,1.0,,,,x,,,,,,,,,,,x
1552895554104,3277,3403,3604,3728,1103,4030,141990,18646,1,27,1552895553104.0,1.0,569.097,270.0,4.0,3.0,1.0,1.0,1.0,2.0,1.0,,,,x,,,,,,,,,,,x
1552895555231,10923,17959,13190,20834,7809,9725,94269,17837,1,27,1552895554104.0,1.127,570.224,275.0,4.0,3.0,1.0,1.0,1.0,2.0,1.0,,,,x,,,,,,,,,,,x
1552895556094,2451,7567,3824,3341,2363,3157,239804,4838,1,27,1552895555231.0,0.863,571.087,275.0,4.0,3.0,1.0,1.0,1.0,2.0,1.0,,,,x,,,,,,,,,,,x
1552895557105,6393,9657,2866,7536,1330,2514,118594,25917,1,27,1552895556094.0,1.011,572.098,275.0,4.0,3.0,1.0,1.0,1.0,2.0,1.0,,,,x,,,,,,,,,,,x
1552895558107,8666,14747,3558,5761,1788,1574,154769,100523,1,27,1552895557105.0,1.002,573.1,275.0,4.0,3.0,1.0,1.0,1.0,2.0,1.0,,,,x,,,,,,,,,,,x
1552895559091,8124,73431,10186,10118,6569,16134,74346,62856,1,27,1552895558107.0,0.984,574.084,275.0,4.0,3.0,1.0,1.0,1.0,2.0,1.0,,,,x,,,,,,,,,,,x
1552895560096,16688,8581,28073,14436,17234,19961,530190,136931,1,27,1552895559091.0,1.005,575.089,275.0,4.0,3.0,1.0,1.0,1.0,2.0,1.0,,,,x,,,,,,,,,,,x
1552895561056,6458,45893,15708,12898,6730,11279,329579,80935,1,27,1552895560096.0,0.96,576.049,280.0,4.0,3.0,1.0,1.0,1.0,2.0,1.0,,,,x,,,,,,,,,,,x
1552895562058,8359,39551,35351,16701,7212,20533,970353,156865,1,27,1552895561056.0,1.002,577.051,280.0,4.0,3.0,1.0,1.0,1.0,2.0,1.0,,,,x,,,,,,,,,,,x
1552895563160,15008,12933,14823,11669,3260,10999,355300,56379,1,27,1552895562058.0,1.102,578.153,280.0,4.0,3.0,1.0,1.0,1.0,2.0,1.0,,,,x,,,,,,,,,,,x
1552895564065,479148,704916,453246,228503,401438,337249,3219550,1867756,1,27,1552895563160.0,0.905,579.058,280.0,4.0,3.0,1.0,1.0,1.0,2.0,1.0,,,,x,,,,,,,,,,,x
1552895565047,8198,494,4460,6296,2564,3477,218411,22012,1,27,1552895564065.0,0.982,580.04,280.0,4.0,3.0,1.0,1.0,1.0,2.0,1.0,,,,x,,,,,,,,,,,x
1552895566062,29084,33749,20552,19767,7381,6085,1241380,118225,1,27,1552895565047.0,1.015,581.055,280.0,4.0,3.0,1.0,1.0,1.0,2.0,1.0,,,,x,,,,,,,,,,,x
1552895567028,28073,40643,11206,6790,7367,12929,581656,20314,1,27,1552895566062.0,0.966,582.021,285.0,4.0,3.0,1.0,1.0,1.0,2.0,1.0,,,,x,,,,,,,,,,,x
1552895568053,4030,9120,4875,3755,1460,2718,789564,38256,1,27,1552895567028.0,1.025,583.046,285.0,4.0,3.0,1.0,1.0,1.0,2.0,1.0,,,,x,,,,,,,,,,,x
1552895569031,3784,12272,6018,4549,3547,4224,219865,28548,1,27,1552895568053.0,0.978,584.024,285.0,4.0,3.0,1.0,1.0,1.0,2.0,1.0,,,,x,,,,,,,,,,,x
1552895570020,101510,30988,73304,60035,15031,49228,622360,176950,1,27,1552895569031.0,0.989,585.013,285.0,4.0,3.0,1.0,1.0,1.0,2.0,1.0,,,,x,,,,,,,,,,,x
1552895571025,33052,48624,41418,25657,8223,13728,803307,219103,1,27,1552895570020.0,1.005,586.018,285.0,4.0,3.0,1.0,1.0,1.0,2.0,1.0,,,,x,,,,,,,,,,,x
1552895572028,1427,5402,3342,2865,4638,4772,799129,55521,1,27,1552895571025.0,1.003,587.021,285.0,4.0,3.0,1.0,1.0,1.0,2.0,1.0,,,,x,,,,,,,,,,,x
1552895573025,6975,3592,4550,2572,6376,7206,593853,11976,1,27,1552895572028.0,0.997,588.018,290.0,4.0,3.0,1.0,1.0,1.0,2.0,1.0,,,,x,,,,,,,,,,,x
1552895574023,1888,3681,517,663,1257,848,75086,7408,1,27,1552895573025.0,0.998,589.016,290.0,4.0,3.0,1.0,1.0,1.0,2.0,1.0,,,,x,,,,,,,,,,,x
1552895574997,18948,5492,2866,5407,6827,2198,516581,57264,1,27,1552895574023.0,0.974,589.99,290.0,4.0,3.0,1.0,1.0,1.0,2.0,1.0,,,,x,,,,,,,,,,,x
1552895576086,55979,43624,24185,18615,11150,17232,712912,248326,1,27,1552895574997.0,1.089,591.079,290.0,4.0,3.0,1.0,1.0,1.0,2.0,1.0,,,,x,,,,,,,,,,,x
1552895576987,142755,337259,69031,50843,21825,40958,1333170,694207,1,27,1552895576086.0,0.901,591.98,290.0,4.0,3.0,1.0,1.0,1.0,2.0,1.0,,,,x,,,,,,,,,,,x
1552895577993,82901,59242,18448,35513,20466,12784,453096,362998,1,27,1552895576987.0,1.006,592.986,290.0,4.0,3.0,1.0,1.0,1.0,2.0,1.0,,,,x,,,,,,,,,,,x
1552895578971,23416,32109,12308,20754,7177,9290,602198,203751,1,27,1552895577993.0,0.978,593.964,295.0,4.0,3.0,1.0,1.0,1.0,2.0,1.0,,,,x,,,,,,,,,,,x
1552895579975,16567,36025,26913,10266,12056,28764,1526265,142705,1,27,1552895578971.0,1.004,594.968,295.0,4.0,3.0,1.0,1.0,1.0,2.0,1.0,,,,x,,,,,,,,,,,x
1552895580957,4598,8330,6724,6060,3912,5171,143970,29290,1,27,1552895579975.0,0.982,595.95,295.0,4.0,3.0,1.0,1.0,1.0,2.0,1.0,,,,x,,,,,,,,,,,x
1552895581974,25955,6260,10931,30166,9563,16347,740477,209164,1,27,1552895580957.0,1.017,596.967,295.0,4.0,3.0,1.0,1.0,1.0,2.0,1.0,,,,x,,,,,,,,,,,x
1552895582957,2878,5357,2546,2741,2552,2133,52345,49156,1,27,1552895581974.0,0.983,597.95,295.0,4.0,3.0,1.0,1.0,1.0,2.0,1.0,,,,x,,,,,,,,,,,x
1552895584028,22079,22212,18908,12509,8602,11921,203522,104493,1,27,1552895582957.0,1.071,599.021,295.0,4.0,3.0,1.0,1.0,1.0,2.0,1.0,,,,x,,,,,,,,,,,x
1552895584941,25158,7595,27471,9668,9587,14256,401445,128512,1,27,1552895584028.0,0.913,599.934,300.0,4.0,4.0,2.0,2.0,1.0,2.0,1.0,,,,x,,,,,,,,,,,x
1552895585943,966,227,1442,1431,804,602,61687,6467,1,27,1552895584941.0,1.002,600.936,300.0,4.0,4.0,2.0,2.0,1.0,2.0,1.0,,,,x,,,,,,,,,,,x
1552895586926,10173,5493,1901,2507,575,1565,206534,8201,1,27,1552895585943.0,0.983,601.919,300.0,4.0,4.0,2.0,2.0,1.0,2.0,1.0,,,,x,,,,,,,,,,,x
1552895587931,2065,9845,3440,8089,2940,1939,198552,48593,1,27,1552895586926.0,1.005,602.924,300.0,4.0,4.0,2.0,2.0,1.0,2.0,1.0,,,,x,,,,,,,,,,,x
1552895588946,6261,12136,7912,1979,1642,1787,63726,42640,1,27,1552895587931.0,1.015,603.939,300.0,4.0,4.0,2.0,2.0,1.0,2.0,1.0,,,,x,,,,,,,,,,,x
1552895589915,5669,32280,10164,10238,3688,3910,1062052,27499,1,27,1552895588946.0,0.969,604.908,300.0,4.0,4.0,2.0,2.0,1.0,2.0,1.0,,,,x,,,,,,,,,,,x
1552895590910,7252,16548,2178,3119,1863,2262,98763,49318,1,27,1552895589915.0,0.995,605.903,305.0,3.0,3.0,1.0,1.0,1.0,2.0,1.0,,,,x,,,,,,,,,,,x
1552895592036,1347,2569,779,565,516,493,21462,3671,1,27,1552895590910.0,1.126,607.029,305.0,3.0,3.0,1.0,1.0,1.0,2.0,1.0,,,,x,,,,,,,,,,,x
1552895592897,28402,6037,14553,32185,7633,7596,203227,72402,1,27,1552895592036.0,0.861,607.89,305.0,3.0,3.0,1.0,1.0,1.0,2.0,1.0,,,,x,,,,,,,,,,,x
1552895593919,77247,95664,45911,84264,43572,47739,833509,388118,1,27,1552895592897.0,1.022,608.912,305.0,3.0,3.0,1.0,1.0,1.0,2.0,1.0,,,,x,,,,,,,,,,,x
1552895594916,2651,14723,4840,6778,1651,4962,125315,68094,1,27,1552895593919.0,0.997,609.909,305.0,3.0,3.0,1.0,1.0,1.0,2.0,1.0,,,,x,,,,,,,,,,,x
1552895595883,2381,1007,402,440,283,541,42673,7304,1,27,1552895594916.0,0.967,610.876,305.0,3.0,3.0,1.0,1.0,1.0,2.0,1.0,,,,x,,,,,,,,,,,x
1552895596890,14024,36674,16638,9502,10526,11564,1312626,309490,1,27,1552895595883.0,1.007,611.883,310.0,3.0,3.0,1.0,1.0,1.0,2.0,1.0,,,,x,,,,,,,,,,,x
1552895597896,41867,68048,17589,8721,7411,10916,2140021,345610,1,27,1552895596890.0,1.006,612.889,310.0,3.0,3.0,1.0,1.0,1.0,2.0,1.0,,,,x,,,,,,,,,,,x
1552895598872,10112,18225,7006,21484,5159,5003,892104,54816,1,27,1552895597896.0,0.976,613.865,310.0,3.0,3.0,1.0,1.0,1.0,2.0,1.0,,,,x,,,,,,,,,,,x
1552895600027,8715,6718,6638,8434,2437,10299,64245,34529,1,27,1552895598872.0,1.155,615.02,310.0,3.0,3.0,1.0,1.0,1.0,2.0,1.0,,,,x,,,,,,,,,,,x
1552895600859,4728,16909,4481,8246,2446,4589,134014,32713,1,27,1552895600027.0,0.832,615.852,310.0,3.0,3.0,1.0,1.0,1.0,2.0,1.0,,,,x,,,,,,,,,,,x
1552895601878,12504,10543,8421,7014,3530,3285,126017,81254,1,27,1552895600859.0,1.019,616.871,310.0,3.0,3.0,1.0,1.0,1.0,2.0,1.0,,,,x,,,,,,,,,,,x
1552895602858,78783,59042,35556,40340,21052,49416,251108,130412,1,27,1552895601878.0,0.98,617.851,315.0,3.0,3.0,1.0,1.0,1.0,2.0,1.0,,,,x,,,,,,,,,,,x
1552895603843,16403,26707,4633,9070,3524,2400,328447,12241,1,27,1552895602858.0,0.985,618.836,315.0,3.0,3.0,1.0,1.0,1.0,2.0,1.0,,,,x,,,,,,,,,,,x
1552895604843,9547,6123,3641,6438,1469,1069,49196,31425,1,27,1552895603843.0,1.0,619.836,315.0,3.0,3.0,1.0,1.0,1.0,2.0,1.0,,,,x,,,,,,,,,,,x
1552895605862,12842,18748,5174,8320,5379,2533,61497,59296,1,27,1552895604843.0,1.019,620.855,315.0,3.0,3.0,1.0,1.0,1.0,2.0,1.0,,,,x,,,,,,,,,,,x
1552895606848,3019,20320,8068,6218,2635,2856,265652,36354,1,27,1552895605862.0,0.986,621.841,315.0,3.0,3.0,1.0,1.0,1.0,2.0,1.0,,,,x,,,,,,,,,,,x
1552895607881,7916,6400,17289,18717,8922,18943,1360305,259284,1,27,1552895606848.0,1.033,622.874,315.0,3.0,3.0,1.0,1.0,1.0,2.0,1.0,,,,x,,,,,,,,,,,x
1552895608849,171684,296852,47306,29184,45654,30487,210466,56794,1,27,1552895607881.0,0.968,623.842,320.0,3.0,3.0,1.0,1.0,1.0,2.0,1.0,,,,x,,,,,,,,,,,x
1552895609831,4798,9649,5974,8115,2629,4092,1239477,73380,1,27,1552895608849.0,0.982,624.824,320.0,3.0,3.0,1.0,1.0,1.0,2.0,1.0,,,,x,,,,,,,,,,,x
1552895610810,5935,7423,5488,11139,4083,2607,681737,16243,1,27,1552895609831.0,0.979,625.803,320.0,3.0,3.0,1.0,1.0,1.0,2.0,1.0,,,,x,,,,,,,,,,,x
1552895611818,23451,4852,16617,7515,10070,12466,67211,22995,1,27,1552895610810.0,1.008,626.811,320.0,3.0,3.0,1.0,1.0,1.0,2.0,1.0,,,,x,,,,,,,,,,,x
1552895612841,17570,32321,11995,10620,11956,13944,83944,40091,1,27,1552895611818.0,1.023,627.834,320.0,3.0,3.0,1.0,1.0,1.0,2.0,1.0,,,,x,,,,,,,,,,,x
1552895613798,6381,7861,3938,7064,5086,3010,260247,51409,1,27,1552895612841.0,0.957,628.791,320.0,3.0,3.0,1.0,1.0,1.0,2.0,1.0,,,,x,,,,,,,,,,,x
1552895614797,168404,152685,63635,67911,87594,75254,1832329,743682,1,27,1552895613798.0,0.999,629.79,325.0,3.0,3.0,1.0,1.0,1.0,2.0,1.0,,,,x,,,,,,,,,,,x
1552895615783,24739,21183,6833,2594,8400,1964,595538,148679,1,27,1552895614797.0,0.986,630.776,325.0,3.0,3.0,1.0,1.0,1.0,2.0,1.0,,,,x,,,,,,,,,,,x
1552895616800,15300,91616,24489,34805,8046,7047,945464,277072,1,27,1552895615783.0,1.017,631.793,325.0,3.0,3.0,1.0,1.0,1.0,2.0,1.0,,,,x,,,,,,,,,,,x
1552895617788,76854,104826,8238,17955,6456,4961,1360039,244748,1,27,1552895616800.0,0.988,632.781,325.0,3.0,3.0,1.0,1.0,1.0,2.0,1.0,,,,x,,,,,,,,,,,x
1552895618777,41189,38631,18606,26006,4211,7103,1612539,161376,1,27,1552895617788.0,0.989,633.77,325.0,3.0,3.0,1.0,1.0,1.0,2.0,1.0,,,,x,,,,,,,,,,,x
1552895619768,18023,19775,5713,6408,1672,4384,251164,16156,1,27,1552895618777.0,0.991,634.761,325.0,3.0,3.0,1.0,1.0,1.0,2.0,1.0,,,,x,,,,,,,,,,,x
1552895620863,8912,11328,4853,7103,5673,4431,33059,30250,1,27,1552895619768.0,1.095,635.856,330.0,3.0,3.0,1.0,1.0,1.0,2.0,1.0,,,,x,,,,,,,,,,,x
1552895621758,6219,3237,2099,1890,1008,1056,37511,38923,1,27,1552895620863.0,0.895,636.751,330.0,3.0,3.0,1.0,1.0,1.0,2.0,1.0,,,,x,,,,,,,,,,,x
1552895622773,11738,24429,23358,8556,6090,4805,1148011,53811,1,27,1552895621758.0,1.015,637.766,330.0,3.0,3.0,1.0,1.0,1.0,2.0,1.0,,,,x,,,,,,,,,,,x
1552895623752,4557,17896,9184,6370,2106,7005,213700,98531,1,27,1552895622773.0,0.979,638.745,330.0,3.0,3.0,1.0,1.0,1.0,2.0,1.0,,,,x,,,,,,,,,,,x
1552895624739,17988,85285,14152,18417,5329,10441,286596,133323,1,27,1552895623752.0,0.987,639.732,330.0,3.0,3.0,1.0,1.0,1.0,2.0,1.0,,,,x,,,,,,,,,,,x
1552895625762,954,10183,4612,4414,458,977,58167,57156,1,27,1552895624739.0,1.023,640.755,330.0,3.0,3.0,1.0,1.0,1.0,2.0,1.0,,,,x,,,,,,,,,,,x
1552895626737,10671,5394,5657,14585,1146,6478,194016,30031,1,27,1552895625762.0,0.975,641.73,335.0,3.0,3.0,1.0,1.0,1.0,2.0,1.0,,,,x,,,,,,,,,,,x
1552895627722,6755,8671,1779,3397,1252,743,161213,23049,1,27,1552895626737.0,0.985,642.715,335.0,3.0,3.0,1.0,1.0,1.0,2.0,1.0,,,,x,,,,,,,,,,,x
1552895628838,3000,4809,1446,1398,828,1222,64556,42586,1,27,1552895627722.0,1.116,643.831,335.0,3.0,3.0,1.0,1.0,1.0,2.0,1.0,,,,x,,,,,,,,,,,x
1552895629707,1338,11529,2007,3249,655,1400,12892,8961,1,27,1552895628838.0,0.869,644.7,335.0,3.0,3.0,1.0,1.0,1.0,2.0,1.0,,,,x,,,,,,,,,,,x
1552895630727,3004,7401,917,756,569,2360,62384,10343,1,27,1552895629707.0,1.02,645.72,335.0,3.0,3.0,1.0,1.0,1.0,2.0,1.0,,,,x,,,,,,,,,,,x
1552895631712,20714,10288,12191,24531,7652,5306,811855,65273,1,27,1552895630727.0,0.985,646.705,335.0,3.0,3.0,1.0,1.0,1.0,2.0,1.0,,,,x,,,,,,,,,,,x
1552895632699,18781,30532,9433,9347,3975,4166,490676,304493,1,27,1552895631712.0,0.987,647.692,340.0,3.0,3.0,1.0,1.0,1.0,2.0,1.0,,,,x,,,,,,,,,,,x
1552895633712,18004,35067,5971,14026,5272,7797,144097,38005,1,27,1552895632699.0,1.013,648.705,340.0,3.0,3.0,1.0,1.0,1.0,2.0,1.0,,,,x,,,,,,,,,,,x
1552895634715,4050,5504,2023,3309,1053,1103,82699,64212,1,27,1552895633712.0,1.003,649.708,340.0,3.0,3.0,1.0,1.0,1.0,2.0,1.0,,,,x,,,,,,,,,,,x
1552895635706,12935,16017,11167,11764,8208,9353,145016,52629,1,27,1552895634715.0,0.991,650.699,340.0,3.0,3.0,1.0,1.0,1.0,2.0,1.0,,,,x,,,,,,,,,,,x
1552895636833,13131,3192,6004,13973,1092,2441,21610,25825,1,27,1552895635706.0,1.127,651.826,340.0,3.0,3.0,1.0,1.0,1.0,2.0,1.0,,,,x,,,,,,,,,,,x
1552895637689,6008,3685,3141,3887,1555,1545,108920,29919,1,27,1552895636833.0,0.856,652.682,340.0,3.0,3.0,1.0,1.0,1.0,2.0,1.0,,,,x,,,,,,,,,,,x
1552895638681,3693,5801,11725,6762,2784,6240,89938,75560,1,27,1552895637689.0,0.992,653.674,345.0,3.0,3.0,1.0,1.0,1.0,2.0,1.0,,,,x,,,,,,,,,,,x
1552895639674,4310,14362,1560,941,1769,773,43240,27416,1,27,1552895638681.0,0.993,654.667,345.0,3.0,3.0,1.0,1.0,1.0,2.0,1.0,,,,x,,,,,,,,,,,x
1552895640665,751,7672,665,2596,806,587,34626,23538,1,27,1552895639674.0,0.991,655.658,345.0,3.0,3.0,1.0,1.0,1.0,2.0,1.0,,,,x,,,,,,,,,,,x
1552895641661,3568,1068,2413,2374,697,1072,17199,4694,1,27,1552895640665.0,0.996,656.654,345.0,3.0,3.0,1.0,1.0,1.0,2.0,1.0,,,,x,,,,,,,,,,,x
1552895642671,4378,8706,2642,5025,1555,1701,5561,23991,1,27,1552895641661.0,1.01,657.664,345.0,3.0,3.0,1.0,1.0,1.0,2.0,1.0,,,,x,,,,,,,,,,,x
1552895643638,1121,4187,658,1625,449,956,94598,49027,1,27,1552895642671.0,0.967,658.631,345.0,3.0,3.0,1.0,1.0,1.0,2.0,1.0,,,,x,,,,,,,,,,,x
1552895644810,3827,5324,2572,6753,1492,1463,157547,52951,1,27,1552895643638.0,1.172,659.803,350.0,3.0,3.0,1.0,1.0,1.0,2.0,1.0,,,,x,,,,,,,,,,,x
1552895645647,3225,5917,1982,9678,2377,2066,6844,15989,1,27,1552895644810.0,0.837,660.64,350.0,3.0,3.0,1.0,1.0,1.0,2.0,1.0,,,,x,,,,,,,,,,,x
1552895646639,7250,10130,5059,12850,2862,2401,6512,8072,1,27,1552895645647.0,0.992,661.632,350.0,3.0,3.0,1.0,1.0,1.0,2.0,1.0,,,,x,,,,,,,,,,,x
1552895647632,5179,16124,2861,4524,704,778,143008,52171,1,27,1552895646639.0,0.993,662.625,350.0,3.0,3.0,1.0,1.0,1.0,2.0,1.0,,,,x,,,,,,,,,,,x
1552895648633,1625,7017,1479,1064,558,336,25975,26543,1,27,1552895647632.0,1.001,663.626,350.0,3.0,3.0,1.0,1.0,1.0,2.0,1.0,,,,x,,,,,,,,,,,x
1552895649649,2359,1136,2424,1323,761,892,23107,6860,1,27,1552895648633.0,1.016,664.642,350.0,3.0,3.0,1.0,1.0,1.0,2.0,1.0,,,,x,,,,,,,,,,,x
1552895650607,9769,95463,15785,26743,9512,11753,2381353,232155,1,27,1552895649649.0,0.958,665.6,355.0,3.0,3.0,1.0,1.0,1.0,2.0,1.0,,,,x,,,,,,,,,,,x
1552895651630,3813,1262,1742,2362,455,1227,27802,14098,1,27,1552895650607.0,1.023,666.623,355.0,3.0,3.0,1.0,1.0,1.0,2.0,1.0,,,,x,,,,,,,,,,,x
1552895652609,6242,2835,1613,3223,306,669,30193,16767,1,27,1552895651630.0,0.979,667.602,355.0,3.0,3.0,1.0,1.0,1.0,2.0,1.0,,,,x,,,,,,,,,,,x
1552895653601,10911,13457,7307,25308,1723,3755,89942,173711,1,27,1552895652609.0,0.992,668.594,355.0,3.0,3.0,1.0,1.0,1.0,2.0,1.0,,,,x,,,,,,,,,,,x
1552895654613,1615,2268,1450,1569,554,1668,244513,24887,1,27,1552895653601.0,1.012,669.606,355.0,3.0,3.0,1.0,1.0,1.0,2.0,1.0,,,,x,,,,,,,,,,,x
1552895655577,1241,9565,4717,8076,2398,6689,10859,8247,1,27,1552895654613.0,0.964,670.57,355.0,3.0,3.0,1.0,1.0,1.0,2.0,1.0,,,,x,,,,,,,,,,,x
1552895656595,4361,19821,7984,8067,6884,7290,604131,45990,1,27,1552895655577.0,1.018,671.588,360.0,3.0,3.0,1.0,1.0,1.0,2.0,1.0,,,,x,,,,,,,,,,,x
1552895657655,1987,12373,3507,6894,1898,5753,6429,8638,1,27,1552895656595.0,1.06,672.648,360.0,3.0,3.0,1.0,1.0,1.0,2.0,1.0,,,,x,,,,,,,,,,,x
1552895658582,2111,1553,4685,1141,2075,1515,13792,5712,1,27,1552895657655.0,0.927,673.575,360.0,3.0,3.0,1.0,1.0,1.0,2.0,1.0,,,,x,,,,,,,,,,,x
1552895659563,441,631,1967,1424,536,455,38208,36856,1,27,1552895658582.0,0.981,674.556,360.0,3.0,3.0,1.0,1.0,1.0,2.0,1.0,,,,x,,,,,,,,,,,x
1552895660587,2397,7358,3977,6887,666,1297,45480,11189,1,27,1552895659563.0,1.024,675.58,360.0,3.0,3.0,1.0,1.0,1.0,2.0,1.0,,,,x,,,,,,,,,,,x
1552895661551,12871,42670,10741,14632,2641,3364,204955,88601,1,27,1552895660587.0,0.964,676.544,360.0,3.0,3.0,1.0,1.0,1.0,2.0,1.0,,,,x,,,,,,,,,,,x
1552895662553,8253,12034,5180,11875,1209,3741,313663,53413,1,27,1552895661551.0,1.002,677.546,365.0,3.0,3.0,1.0,1.0,1.0,2.0,1.0,,,,x,,,,,,,,,,,x
1552895663555,4119,15479,3078,1643,4129,3065,17483,10981,1,27,1552895662553.0,1.002,678.548,365.0,3.0,3.0,1.0,1.0,1.0,2.0,1.0,,,,x,,,,,,,,,,,x
1552895664536,7336,10082,2211,4950,523,1120,45058,42041,1,27,1552895663555.0,0.981,679.529,365.0,3.0,3.0,1.0,1.0,1.0,2.0,1.0,,,,x,,,,,,,,,,,x
1552895665677,6554,3779,647,2086,300,692,96894,9223,1,27,1552895664536.0,1.141,680.67,365.0,3.0,3.0,1.0,1.0,1.0,2.0,1.0,,,,x,,,,,,,,,,,x
1552895666521,1393,583,819,837,420,423,25690,6856,1,27,1552895665677.0,0.844,681.514,365.0,3.0,3.0,1.0,1.0,1.0,2.0,1.0,,,,x,,,,,,,,,,,x
1552895667524,8995,722,2369,1047,956,2069,126974,47888,1,27,1552895666521.0,1.003,682.517,365.0,3.0,3.0,1.0,1.0,1.0,2.0,1.0,,,,x,,,,,,,,,,,x
1552895668521,9292,7775,20801,16770,5467,7095,740459,40848,1,27,1552895667524.0,0.997,683.514,370.0,3.0,3.0,1.0,1.0,1.0,2.0,1.0,,,,x,,,,,,,,,,,x
1552895669507,4096,3236,1658,1645,1651,2128,50092,82449,1,27,1552895668521.0,0.986,684.5,370.0,3.0,3.0,1.0,1.0,1.0,2.0,1.0,,,,x,,,,,,,,,,,x
1552895670513,513,3097,622,1452,351,476,37976,13375,1,27,1552895669507.0,1.006,685.506,370.0,3.0,3.0,1.0,1.0,1.0,2.0,1.0,,,,x,,,,,,,,,,,x
1552895671511,4530,21309,1662,1414,616,640,45512,36419,1,27,1552895670513.0,0.998,686.504,370.0,3.0,3.0,1.0,1.0,1.0,2.0,1.0,,,,x,,,,,,,,,,,x
1552895672493,2553,4443,2211,4121,504,783,32583,29624,1,27,1552895671511.0,0.982,687.486,370.0,3.0,3.0,1.0,1.0,1.0,2.0,1.0,,,,x,,,,,,,,,,,x
1552895673629,3400,10470,4053,2959,4551,4944,11272,7525,1,27,1552895672493.0,1.136,688.622,370.0,3.0,3.0,1.0,1.0,1.0,2.0,1.0,,,,x,,,,,,,,,,,x
1552895674509,1937,16122,2497,5831,1411,1887,224476,30270,1,27,1552895673629.0,0.88,689.502,375.0,3.0,3.0,1.0,1.0,1.0,2.0,1.0,,,,x,,,,,,,,,,,x
1552895675495,7638,11956,3357,2742,1535,2137,95388,61304,1,27,1552895674509.0,0.986,690.488,375.0,3.0,3.0,1.0,1.0,1.0,2.0,1.0,,,,x,,,,,,,,,,,x
1552895676482,1695,6569,2181,2839,1129,3724,37872,24708,1,27,1552895675495.0,0.987,691.475,375.0,3.0,3.0,1.0,1.0,1.0,2.0,1.0,,,,x,,,,,,,,,,,x
1552895677494,6140,5164,2774,1837,1605,1928,35849,17250,1,27,1552895676482.0,1.012,692.487,375.0,3.0,3.0,1.0,1.0,1.0,2.0,1.0,,,,x,,,,,,,,,,,x
1552895678489,5758,16096,19068,10035,15435,8785,11019,35785,1,27,1552895677494.0,0.995,693.482,375.0,3.0,3.0,1.0,1.0,1.0,2.0,1.0,,,,x,,,,,,,,,,,x
1552895679461,5475,978,1078,690,949,937,22320,36075,1,27,1552895678489.0,0.972,694.454,375.0,3.0,3.0,1.0,1.0,1.0,2.0,1.0,,,,x,,,,,,,,,,,x
1552895680448,2677,10176,4374,4641,517,987,31391,19672,1,27,1552895679461.0,0.987,695.441,380.0,3.0,3.0,1.0,1.0,1.0,2.0,1.0,,,,x,,,,,,,,,,,x
1552895681499,3378,1090,7410,5338,2744,3043,27463,6356,1,27,1552895680448.0,1.051,696.492,380.0,3.0,3.0,1.0,1.0,1.0,2.0,1.0,,,,x,,,,,,,,,,,x
1552895682459,1289,848,3140,1499,818,798,11900,24234,1,27,1552895681499.0,0.96,697.452,380.0,3.0,3.0,1.0,1.0,1.0,2.0,1.0,,,,x,,,,,,,,,,,x
1552895683434,10808,6918,5067,3391,1524,2396,7997,4079,1,27,1552895682459.0,0.975,698.427,380.0,3.0,3.0,1.0,1.0,1.0,2.0,1.0,,,,x,,,,,,,,,,,x
1552895684455,427,3435,1817,1788,1621,1554,52813,17803,1,27,1552895683434.0,1.021,699.448,380.0,3.0,3.0,1.0,1.0,1.0,2.0,1.0,,,,x,,,,,,,,,,,x
1552895685436,4161,2812,3300,1543,806,2766,125053,56418,1,27,1552895684455.0,0.981,700.429,380.0,3.0,3.0,1.0,1.0,1.0,2.0,1.0,,,,x,,,,,,,,,,,x
1552895686446,4153,9317,4028,6975,1609,1667,302275,11921,1,27,1552895685436.0,1.01,701.439,385.0,3.0,3.0,1.0,1.0,1.0,2.0,1.0,,,,x,,,,,,,,,,,x
1552895687422,944,414,1698,2019,557,1226,221593,14304,1,27,1552895686446.0,0.976,702.415,385.0,3.0,3.0,1.0,1.0,1.0,2.0,1.0,,,,x,,,,,,,,,,,x
1552895688443,2676,3211,4092,3034,985,2400,248380,13868,1,27,1552895687422.0,1.021,703.436,385.0,3.0,3.0,1.0,1.0,1.0,2.0,1.0,,,,x,,,,,,,,,,,x
1552895689404,6627,19259,1377,1175,2071,876,67383,25047,1,27,1552895688443.0,0.961,704.397,385.0,3.0,3.0,1.0,1.0,1.0,2.0,1.0,,,,x,,,,,,,,,,,x
1552895690410,10702,4132,14108,3566,4689,6643,7121,17267,1,27,1552895689404.0,1.006,705.403,385.0,3.0,3.0,1.0,1.0,1.0,2.0,1.0,,,,x,,,,,,,,,,,x
1552895691422,6175,5570,3097,1490,928,2546,68808,25094,1,27,1552895690410.0,1.012,706.415,385.0,3.0,3.0,1.0,1.0,1.0,2.0,1.0,,,,x,,,,,,,,,,,x
1552895692398,2248,401,1762,857,2010,1082,221206,26369,1,27,1552895691422.0,0.976,707.391,390.0,3.0,3.0,1.0,1.0,1.0,2.0,1.0,,,,x,,,,,,,,,,,x
1552895693387,3619,737,4994,8228,3136,2915,16440,16329,1,27,1552895692398.0,0.989,708.38,390.0,3.0,3.0,1.0,1.0,1.0,2.0,1.0,,,,x,,,,,,,,,,,x
1552895694446,438,946,1655,1008,1236,1551,23572,18349,1,27,1552895693387.0,1.059,709.439,390.0,3.0,3.0,1.0,1.0,1.0,2.0,1.0,,,,x,,,,,,,,,,,x
1552895695376,2637,726,1328,374,699,1053,361159,9517,1,27,1552895694446.0,0.93,710.369,390.0,3.0,3.0,1.0,1.0,1.0,2.0,1.0,,,,x,,,,,,,,,,,x
1552895696386,4546,14784,3503,4278,912,1631,116460,42817,1,27,1552895695376.0,1.01,711.379,390.0,3.0,3.0,1.0,1.0,1.0,2.0,1.0,,,,x,,,,,,,,,,,x
1552895697393,374,3201,5438,2263,1578,2241,81656,9024,1,27,1552895696386.0,1.007,712.386,390.0,3.0,3.0,1.0,1.0,1.0,2.0,1.0,,,,x,,,,,,,,,,,x
1552895698361,3537,4399,1524,629,875,1474,146421,100243,1,27,1552895697393.0,0.968,713.354,390.0,3.0,3.0,1.0,1.0,1.0,2.0,1.0,,,,x,,,,,,,,,,,x
1552895699367,87619,53621,43588,33308,36902,18002,633101,872501,1,27,1552895698361.0,1.006,714.36,395.0,4.0,3.0,1.0,1.0,1.0,2.0,1.0,,,,x,,,,,,,,,,,x
1552895700348,3415,6670,1399,2599,1484,1665,146749,8896,1,27,1552895699367.0,0.981,715.341,395.0,4.0,3.0,1.0,1.0,1.0,2.0,1.0,,,,x,,,,,,,,,,,x
1552895701347,3705,15693,2469,1106,863,927,32165,33954,1,27,1552895700348.0,0.999,716.34,395.0,4.0,3.0,1.0,1.0,1.0,2.0,1.0,,,,x,,,,,,,,,,,x
1552895702433,6189,6780,2574,8880,8580,3851,17663,5191,1,27,1552895701347.0,1.086,717.426,395.0,4.0,3.0,1.0,1.0,1.0,2.0,1.0,,,,x,,,,,,,,,,,x
1552895703346,958,11758,1525,3747,530,1153,21219,21893,1,27,1552895702433.0,0.913,718.339,395.0,4.0,3.0,1.0,1.0,1.0,2.0,1.0,,,,x,,,,,,,,,,,x
1552895704351,3295,1537,1489,2055,588,2628,16236,8326,1,27,1552895703346.0,1.005,719.344,400.0,4.0,3.0,1.0,1.0,1.0,2.0,1.0,,,,x,,,,,,,,,,,x
1552895705402,3213,554,1854,2923,2862,1850,24707,38192,1,27,1552895704351.0,1.051,720.395,400.0,4.0,3.0,1.0,1.0,1.0,2.0,1.0,,,,x,,,,,,,,,,,x
1552895706317,14820,7704,17924,13585,6011,19240,72577,8480,1,27,1552895705402.0,0.915,721.31,400.0,4.0,3.0,1.0,1.0,1.0,2.0,1.0,,,,x,,,,,,,,,,,x
1552895707358,8977,4866,3675,5775,5144,6623,5318,14669,1,27,1552895706317.0,1.041,722.351,400.0,4.0,3.0,1.0,1.0,1.0,2.0,1.0,,,,x,,,,,,,,,,,x
1552895708342,1420,11287,9252,5584,4510,9108,7065,14824,1,27,1552895707358.0,0.984,723.335,400.0,4.0,3.0,1.0,1.0,1.0,2.0,1.0,,,,x,,,,,,,,,,,x
1552895709309,897,8193,3245,5345,1004,2040,14034,10696,1,27,1552895708342.0,0.967,724.302,400.0,4.0,3.0,1.0,1.0,1.0,2.0,1.0,,,,x,,,,,,,,,,,x
1552895710461,1172,11241,4213,4284,2407,1272,82099,22949,1,27,1552895709309.0,1.152,725.454,405.0,4.0,2.0,1.0,1.0,1.0,3.0,1.0,,,,x,,,,,,,,,,,x
1552895711302,61922,14206,12111,35134,15666,9122,1306819,61874,1,27,1552895710461.0,0.841,726.295,405.0,4.0,2.0,1.0,1.0,1.0,3.0,1.0,,,,x,,,,,,,,,,,x
1552895712288,20023,14751,55512,48743,16910,39335,927386,493596,1,27,1552895711302.0,0.986,727.281,405.0,4.0,2.0,1.0,1.0,1.0,3.0,1.0,,,,x,,,,,,,,,,,x
1552895713296,20118,12062,18371,14404,11166,20905,1613351,181919,1,27,1552895712288.0,1.008,728.289,405.0,4.0,2.0,1.0,1.0,1.0,3.0,1.0,,,,x,,,,,,,,,,,x
1552895714307,11373,39127,23931,12232,8115,37365,451971,307079,1,27,1552895713296.0,1.011,729.3,405.0,4.0,2.0,1.0,1.0,1.0,3.0,1.0,,,,x,,,,,,,,,,,x
1552895715352,51335,62468,18506,13677,27508,7284,2108684,149258,1,27,1552895714307.0,1.045,730.345,405.0,4.0,2.0,1.0,1.0,1.0,3.0,1.0,,,,x,,,,,,,,,,,x
1552895716275,19765,18159,24294,30281,22245,16129,1490432,206081,1,27,1552895715352.0,0.923,731.268,405.0,4.0,2.0,1.0,1.0,1.0,3.0,1.0,,,,x,,,,,,,,,,,x
1552895717293,9266,3960,2468,3469,3453,2213,49290,78614,1,27,1552895716275.0,1.018,732.286,410.0,4.0,2.0,1.0,1.0,1.0,3.0,1.0,,,,x,,,,,,,,,,,x
1552895718365,4761,3922,9463,28633,10595,9379,21600,39948,1,27,1552895717293.0,1.072,733.358,410.0,4.0,2.0,1.0,1.0,1.0,3.0,1.0,,,,x,,,,,,,,,,,x
1552895719280,3980,9748,20940,3895,5214,13131,434557,22517,1,27,1552895718365.0,0.915,734.273,410.0,4.0,2.0,1.0,1.0,1.0,3.0,1.0,,,,x,,,,,,,,,,,x
1552895720263,3120,1355,3313,1133,2096,1220,14835,4367,1,27,1552895719280.0,0.983,735.256,410.0,4.0,2.0,1.0,1.0,1.0,3.0,1.0,,,,x,,,,,,,,,,,x
1552895721243,714,6057,4027,1245,1017,2119,114628,22430,1,27,1552895720263.0,0.98,736.236,410.0,4.0,2.0,1.0,1.0,1.0,3.0,1.0,,,,x,,,,,,,,,,,x
1552895722251,63934,40373,16368,33616,31940,11632,349521,304781,1,27,1552895721243.0,1.008,737.244,410.0,4.0,2.0,1.0,1.0,1.0,3.0,1.0,,,,x,,,,,,,,,,,x
1552895723286,2969,6287,2023,3980,779,3534,58212,19897,1,27,1552895722251.0,1.035,738.279,415.0,4.0,2.0,1.0,1.0,1.0,3.0,1.0,,,,x,,,,,,,,,,,x
1552895724248,8500,8502,1989,2650,3407,2975,160968,62343,1,27,1552895723286.0,0.962,739.241,415.0,4.0,2.0,1.0,1.0,1.0,3.0,1.0,,,,x,,,,,,,,,,,x
1552895725240,9340,9271,5333,5153,3253,4902,190363,8430,1,27,1552895724248.0,0.992,740.233,415.0,4.0,2.0,1.0,1.0,1.0,3.0,1.0,,,,x,,,,,,,,,,,x
1552895726275,11207,25419,5305,4038,2167,3232,346323,107056,1,27,1552895725240.0,1.035,741.268,415.0,4.0,2.0,1.0,1.0,1.0,3.0,1.0,,,,x,,,,,,,,,,,x
1552895727238,41696,78984,16637,28908,10508,5315,1268436,178224,1,27,1552895726275.0,0.963,742.231,415.0,4.0,2.0,1.0,1.0,1.0,3.0,1.0,,,,x,,,,,,,,,,,x
1552895728213,8415,12600,2780,2267,5143,1681,75335,95653,1,27,1552895727238.0,0.975,743.206,415.0,4.0,2.0,1.0,1.0,1.0,3.0,1.0,,,,x,,,,,,,,,,,x
1552895729200,11054,31525,11350,18916,14376,8310,696816,37077,1,27,1552895728213.0,0.987,744.193,420.0,4.0,2.0,1.0,1.0,1.0,3.0,1.0,,,,x,,,,,,,,,,,x
1552895730201,9129,13497,4930,2842,1750,2791,211106,29002,1,27,1552895729200.0,1.001,745.194,420.0,4.0,2.0,1.0,1.0,1.0,3.0,1.0,,,,x,,,,,,,,,,,x
1552895731246,26798,122855,16499,13547,10116,7061,279543,215653,1,27,1552895730201.0,1.045,746.239,420.0,4.0,2.0,1.0,1.0,1.0,3.0,1.0,,,,x,,,,,,,,,,,x
1552895732213,824,832,1405,1346,1249,623,98376,4884,1,27,1552895731246.0,0.967,747.206,420.0,4.0,2.0,1.0,1.0,1.0,3.0,1.0,,,,x,,,,,,,,,,,x
1552895733203,41648,53259,98383,52874,56674,65119,2468729,311044,1,27,1552895732213.0,0.99,748.196,420.0,4.0,2.0,1.0,1.0,1.0,3.0,1.0,,,,x,,,,,,,,,,,x
1552895734189,1722,741,2162,2441,1769,1708,26575,9529,1,27,1552895733203.0,0.986,749.182,420.0,4.0,2.0,1.0,1.0,1.0,3.0,1.0,,,,x,,,,,,,,,,,x
1552895735168,18100,35412,13749,7602,14974,10632,1972282,82786,1,27,1552895734189.0,0.979,750.161,425.0,4.0,3.0,1.0,1.0,1.0,2.0,1.0,,,,x,,,,,,,,,,,x
1552895736193,12541,6803,24795,17780,7638,16636,357219,12073,1,27,1552895735168.0,1.025,751.186,425.0,4.0,3.0,1.0,1.0,1.0,2.0,1.0,,,,x,,,,,,,,,,,x
1552895737188,1363,9571,1147,2518,2209,2090,303232,43697,1,27,1552895736193.0,0.995,752.181,425.0,4.0,3.0,1.0,1.0,1.0,2.0,1.0,,,,x,,,,,,,,,,,x
1552895738159,36842,16023,9532,7194,22168,11340,831230,217816,1,27,1552895737188.0,0.971,753.152,425.0,4.0,3.0,1.0,1.0,1.0,2.0,1.0,,,,x,,,,,,,,,,,x
1552895739234,32114,9513,10385,7045,5100,5292,140114,117086,1,27,1552895738159.0,1.075,754.227,425.0,4.0,3.0,1.0,1.0,1.0,2.0,1.0,,,,x,,,,,,,,,,,x
1552895740144,1555,3122,2649,2451,1815,2283,40976,22706,1,27,1552895739234.0,0.91,755.137,425.0,4.0,3.0,1.0,1.0,1.0,2.0,1.0,,,,x,,,,,,,,,,,x
1552895741177,5891,4708,3482,3553,3165,1491,144113,32893,1,27,1552895740144.0,1.033,756.17,430.0,4.0,2.0,1.0,1.0,1.0,3.0,1.0,,,,x,,,,,,,,,,,x
1552895742167,21216,22513,12513,7647,6748,8244,20779,76388,1,27,1552895741177.0,0.99,757.16,430.0,4.0,2.0,1.0,1.0,1.0,3.0,1.0,,,,x,,,,,,,,,,,x
1552895743141,3007,1979,3809,8216,2179,2528,219799,8249,1,27,1552895742167.0,0.974,758.134,430.0,4.0,2.0,1.0,1.0,1.0,3.0,1.0,,,,x,,,,,,,,,,,x
1552895744150,5363,3718,5374,4368,2936,7763,56131,13360,1,27,1552895743141.0,1.009,759.143,430.0,4.0,2.0,1.0,1.0,1.0,3.0,1.0,,,,x,,,,,,,,,,,x
1552895745132,4518,5194,2998,971,2021,2646,127078,12345,1,27,1552895744150.0,0.982,760.125,430.0,4.0,2.0,1.0,1.0,1.0,3.0,1.0,,,,x,,,,,,,,,,,x
1552895746132,5392,4422,2939,3181,2150,2098,346342,41234,1,27,1552895745132.0,1.0,761.125,430.0,4.0,2.0,1.0,1.0,1.0,3.0,1.0,,,,x,,,,,,,,,,,x
1552895747242,6815,10486,1969,4812,1555,1509,19328,19395,1,27,1552895746132.0,1.11,762.235,435.0,4.0,2.0,1.0,1.0,1.0,3.0,1.0,,,,x,,,,,,,,,,,x
1552895748129,3363,6744,2971,5025,1221,2465,30870,28795,1,27,1552895747242.0,0.887,763.122,435.0,4.0,2.0,1.0,1.0,1.0,3.0,1.0,,,,x,,,,,,,,,,,x
1552895749119,585,632,2066,886,1184,591,32335,4219,1,27,1552895748129.0,0.99,764.112,435.0,4.0,2.0,1.0,1.0,1.0,3.0,1.0,,,,x,,,,,,,,,,,x
1552895750141,52971,21588,6298,8365,4355,4000,1038892,134579,1,27,1552895749119.0,1.022,765.134,435.0,4.0,2.0,1.0,1.0,1.0,3.0,1.0,,,,x,,,,,,,,,,,x
1552895751105,19103,71107,4687,13089,13956,12929,554732,225338,1,27,1552895750141.0,0.964,766.098,435.0,4.0,2.0,1.0,1.0,1.0,3.0,1.0,,,,x,,,,,,,,,,,x
1552895752086,4693,4333,3816,1757,923,1198,327992,53348,1,27,1552895751105.0,0.981,767.079,435.0,4.0,2.0,1.0,1.0,1.0,3.0,1.0,,,,x,,,,,,,,,,,x
1552895753101,37798,6896,10400,2434,10685,28972,89789,66602,1,27,1552895752086.0,1.015,768.094,440.0,4.0,2.0,1.0,1.0,1.0,3.0,1.0,,,,x,,,,,,,,,,,x
1552895754087,1951,11277,2559,3025,2509,1642,99133,99039,1,27,1552895753101.0,0.986,769.08,440.0,4.0,2.0,1.0,1.0,1.0,3.0,1.0,,,,x,,,,,,,,,,,x
1552895755225,4673,16302,4590,815,7329,7078,156636,19910,1,27,1552895754087.0,1.138,770.218,440.0,4.0,2.0,1.0,1.0,1.0,3.0,1.0,,,,x,,,,,,,,,,,x
1552895756073,7625,14080,6741,3019,4941,2723,149911,40942,1,27,1552895755225.0,0.848,771.066,440.0,4.0,2.0,1.0,1.0,1.0,3.0,1.0,,,,x,,,,,,,,,,,x
1552895757077,1355,567,1292,2928,1059,2950,21056,28703,1,27,1552895756073.0,1.004,772.07,440.0,4.0,2.0,1.0,1.0,1.0,3.0,1.0,,,,x,,,,,,,,,,,x
1552895758054,83252,165248,65797,23700,28861,73932,379104,187464,1,27,1552895757077.0,0.977,773.047,440.0,4.0,2.0,1.0,1.0,1.0,3.0,1.0,,,,x,,,,,,,,,,,x
1552895759102,3857,2019,5938,3604,4345,3386,1012405,50111,1,27,1552895758054.0,1.048,774.095,445.0,4.0,3.0,1.0,1.0,1.0,2.0,1.0,,,,x,,,,,,,,,,,x
1552895760054,3775,15636,3477,1953,1292,2021,48328,39146,1,27,1552895759102.0,0.952,775.047,445.0,4.0,3.0,1.0,1.0,1.0,2.0,1.0,,,,x,,,,,,,,,,,x
1552895761087,9231,22096,21916,11752,4304,34393,1160749,138022,1,27,1552895760054.0,1.033,776.08,445.0,4.0,3.0,1.0,1.0,1.0,2.0,1.0,,,,x,,,,,,,,,,,x
1552895762059,2193,14340,10210,11788,6137,12891,132698,267561,1,27,1552895761087.0,0.972,777.052,445.0,4.0,3.0,1.0,1.0,1.0,2.0,1.0,,,,x,,,,,,,,,,,x
1552895763027,1947,4673,2630,6508,2001,2799,57770,26322,1,27,1552895762059.0,0.968,778.02,445.0,4.0,3.0,1.0,1.0,1.0,2.0,1.0,,,,x,,,,,,,,,,,x
1552895764042,13468,12827,9614,10237,4689,9044,290535,76988,1,27,1552895763027.0,1.015,779.035,445.0,4.0,3.0,1.0,1.0,1.0,2.0,1.0,,,,x,,,,,,,,,,,x
1552895765037,1856,1621,2152,4712,1586,2148,104053,11256,1,27,1552895764042.0,0.995,780.03,450.0,4.0,3.0,1.0,1.0,1.0,2.0,1.0,,,,x,,,,,,,,,,,x
1552895766029,3877,23826,2943,5032,2913,6207,515293,50941,1,27,1552895765037.0,0.992,781.022,450.0,4.0,3.0,1.0,1.0,1.0,2.0,1.0,,,,x,,,,,,,,,,,x
1552895767010,10275,12997,6846,8853,4511,6041,261706,55456,1,27,1552895766029.0,0.981,782.003,450.0,4.0,3.0,1.0,1.0,1.0,2.0,1.0,,,,x,,,,,,,,,,,x
1552895768079,47892,83256,11332,11728,17019,18615,2046128,123131,1,27,1552895767010.0,1.069,783.072,450.0,4.0,3.0,1.0,1.0,1.0,2.0,1.0,,,,x,,,,,,,,,,,x
1552895769017,23801,15583,17988,10750,21136,27392,919714,230427,1,27,1552895768079.0,0.938,784.01,450.0,4.0,3.0,1.0,1.0,1.0,2.0,1.0,,,,x,,,,,,,,,,,x
1552895770018,5140,4001,5795,3693,2269,5784,72167,30238,1,27,1552895769017.0,1.001,785.011,450.0,4.0,3.0,1.0,1.0,1.0,2.0,1.0,,,,x,,,,,,,,,,,x
1552895771004,23544,8927,26388,17412,6457,12256,42285,28770,1,27,1552895770018.0,0.986,785.997,455.0,4.0,3.0,1.0,1.0,1.0,2.0,1.0,,,,x,,,,,,,,,,,x
1552895772006,20874,9676,30442,10795,46797,33277,409259,27223,1,27,1552895771004.0,1.002,786.999,455.0,4.0,3.0,1.0,1.0,1.0,2.0,1.0,,,,x,,,,,,,,,,,x
1552895772994,29041,8889,18287,35259,67524,71063,900295,384079,1,27,1552895772006.0,0.988,787.987,455.0,4.0,3.0,1.0,1.0,1.0,2.0,1.0,,,,x,,,,,,,,,,,x
1552895773980,2992,2749,4372,1706,4223,4670,110033,13810,1,27,1552895772994.0,0.986,788.973,455.0,4.0,3.0,1.0,1.0,1.0,2.0,1.0,,,,x,,,,,,,,,,,x
1552895774969,7769,9245,8455,1435,2073,2990,650536,109959,1,27,1552895773980.0,0.989,789.962,455.0,4.0,3.0,1.0,1.0,1.0,2.0,1.0,,,,x,,,,,,,,,,,x
1552895776037,4665,2500,3538,8085,6312,5616,319254,23081,1,27,1552895774969.0,1.068,791.03,455.0,4.0,3.0,1.0,1.0,1.0,2.0,1.0,,,,x,,,,,,,,,,,x
1552895776969,58071,19094,20900,10759,19348,28974,1421124,380858,1,27,1552895776037.0,0.932,791.962,460.0,4.0,3.0,1.0,1.0,1.0,2.0,1.0,,,,x,,,,,,,,,,,x
1552895777952,8770,1279,3172,5787,3251,2955,631641,8544,1,27,1552895776969.0,0.983,792.945,460.0,4.0,3.0,1.0,1.0,1.0,2.0,1.0,,,,x,,,,,,,,,,,x
1552895778962,33885,21117,13997,58306,12222,16506,1736243,97503,1,27,1552895777952.0,1.01,793.955,460.0,4.0,3.0,1.0,1.0,1.0,2.0,1.0,,,,x,,,,,,,,,,,x
1552895779942,18848,4034,21867,6078,17538,27602,1551200,208459,1,27,1552895778962.0,0.98,794.935,460.0,4.0,3.0,1.0,1.0,1.0,2.0,1.0,,,,x,,,,,,,,,,,x
1552895780957,3111,3041,3613,10865,3562,2271,89679,13237,1,27,1552895779942.0,1.015,795.95,460.0,4.0,3.0,1.0,1.0,1.0,2.0,1.0,,,,x,,,,,,,,,,,x
1552895781957,6609,4022,3921,4623,3847,4016,106729,23069,1,27,1552895780957.0,1.0,796.95,460.0,4.0,3.0,1.0,1.0,1.0,2.0,1.0,,,,x,,,,,,,,,,,x
1552895782941,6005,2618,3396,4782,2722,4860,1187514,21747,1,27,1552895781957.0,0.984,797.934,465.0,4.0,3.0,1.0,1.0,1.0,2.0,1.0,,,,x,,,,,,,,,,,x
1552895784033,49706,57776,22626,51087,6505,18123,429940,177152,1,27,1552895782941.0,1.092,799.026,465.0,4.0,3.0,1.0,1.0,1.0,2.0,1.0,,,,x,,,,,,,,,,,x
1552895784930,1680,368,1003,852,676,914,107359,3296,1,27,1552895784033.0,0.897,799.923,465.0,4.0,3.0,1.0,1.0,1.0,2.0,1.0,,,,x,,,,,,,,,,,x
1552895785925,29709,21410,11513,6896,14936,13303,1142490,244186,1,27,1552895784930.0,0.995,800.918,465.0,4.0,3.0,1.0,1.0,1.0,2.0,1.0,,,,x,,,,,,,,,,,x
1552895786930,34235,6156,14573,14270,20008,55701,879777,205122,1,27,1552895785925.0,1.005,801.923,465.0,4.0,3.0,1.0,1.0,1.0,2.0,1.0,,,,x,,,,,,,,,,,x
1552895787919,7109,2846,10772,16089,12883,13360,591992,309514,1,27,1552895786930.0,0.989,802.912,465.0,4.0,3.0,1.0,1.0,1.0,2.0,1.0,,,,x,,,,,,,,,,,x
1552895788894,4824,7939,1938,2109,2814,2820,69009,33717,1,27,1552895787919.0,0.975,803.887,470.0,4.0,3.0,1.0,1.0,1.0,2.0,1.0,,,,x,,,,,,,,,,,x
1552895789924,1303,2768,1761,3914,1796,2313,102813,28471,1,27,1552895788894.0,1.03,804.917,470.0,4.0,3.0,1.0,1.0,1.0,2.0,1.0,,,,x,,,,,,,,,,,x
1552895790895,8942,5264,4593,2570,8503,6868,130714,38586,1,27,1552895789924.0,0.971,805.888,470.0,4.0,3.0,1.0,1.0,1.0,2.0,1.0,,,,x,,,,,,,,,,,x
1552895792024,4674,10756,5855,2809,1175,800,103496,41433,1,27,1552895790895.0,1.129,807.017,470.0,4.0,3.0,1.0,1.0,1.0,2.0,1.0,,,,x,,,,,,,,,,,x
1552895792881,15020,29049,10616,15266,2056,4226,578676,84361,1,27,1552895792024.0,0.857,807.874,470.0,4.0,3.0,1.0,1.0,1.0,2.0,1.0,,,,x,,,,,,,,,,,x
1552895793881,46508,12485,79266,47129,16488,104052,712646,41899,1,27,1552895792881.0,1.0,808.874,470.0,4.0,3.0,1.0,1.0,1.0,2.0,1.0,,,,x,,,,,,,,,,,x
1552895794883,18597,9159,8965,5686,1690,4019,312019,149724,1,27,1552895793881.0,1.002,809.876,475.0,4.0,4.0,2.0,1.0,1.0,2.0,1.0,,,,x,,,,,,,,,,,x
1552895795869,75667,42454,16292,16074,7461,8884,1408271,27708,1,27,1552895794883.0,0.986,810.862,475.0,4.0,4.0,2.0,1.0,1.0,2.0,1.0,,,,x,,,,,,,,,,,x
1552895796884,4706,2129,2568,2076,2655,1521,106843,24421,1,27,1552895795869.0,1.015,811.877,475.0,4.0,4.0,2.0,1.0,1.0,2.0,1.0,,,,x,,,,,,,,,,,x
1552895797857,19036,85228,38336,34167,28939,43737,772559,450816,1,27,1552895796884.0,0.973,812.85,475.0,4.0,4.0,2.0,1.0,1.0,2.0,1.0,,,,x,,,,,,,,,,,x
1552895798857,1446,28213,3191,4510,2408,2259,361592,79766,1,27,1552895797857.0,1.0,813.85,475.0,4.0,4.0,2.0,1.0,1.0,2.0,1.0,,,,x,,,,,,,,,,,x
1552895799891,401,2047,417,2235,858,1243,59678,6330,1,27,1552895798857.0,1.034,814.884,475.0,4.0,4.0,2.0,1.0,1.0,2.0,1.0,,,,x,,,,,,,,,,,x
1552895800844,5934,314,3215,4936,2128,3800,117884,3392,1,27,1552895799891.0,0.953,815.837,480.0,4.0,4.0,2.0,1.0,1.0,2.0,1.0,,,,x,,,,,,,,,,,x
1552895801837,34768,55271,19786,41612,6372,23022,504067,205699,1,27,1552895800844.0,0.993,816.83,480.0,4.0,4.0,2.0,1.0,1.0,2.0,1.0,,,,x,,,,,,,,,,,x
1552895802821,6784,12095,6095,4565,924,9172,274849,172431,1,27,1552895801837.0,0.984,817.814,480.0,4.0,4.0,2.0,1.0,1.0,2.0,1.0,,,,x,,,,,,,,,,,x
1552895803822,2081,5040,3846,1892,3324,1477,171707,41744,1,27,1552895802821.0,1.001,818.815,480.0,4.0,4.0,2.0,1.0,1.0,2.0,1.0,,,,x,,,,,,,,,,,x
1552895804847,5099,12618,2983,4095,2158,2046,141243,34095,1,27,1552895803822.0,1.025,819.84,480.0,4.0,4.0,2.0,1.0,1.0,2.0,1.0,,,,x,,,,,,,,,,,x
1552895805808,12642,30312,24897,25706,5562,9835,720740,44369,1,27,1552895804847.0,0.961,820.801,480.0,4.0,4.0,2.0,1.0,1.0,2.0,1.0,,,,x,,,,,,,,,,,x
1552895806811,4409,2668,2694,3482,1638,1594,572355,57051,1,27,1552895805808.0,1.003,821.804,485.0,4.0,4.0,2.0,1.0,1.0,2.0,1.0,,,,x,,,,,,,,,,,x
1552895807814,4787,8718,3001,6739,7074,5375,51067,41217,1,27,1552895806811.0,1.003,822.807,485.0,4.0,4.0,2.0,1.0,1.0,2.0,1.0,,,,x,,,,,,,,,,,x
1552895808811,2228,6420,4185,6151,2801,2377,1086331,42701,1,27,1552895807814.0,0.997,823.804,485.0,4.0,4.0,2.0,1.0,1.0,2.0,1.0,,,,x,,,,,,,,,,,x
1552895809790,47532,9106,9728,48432,8321,5899,965517,10698,1,27,1552895808811.0,0.979,824.783,485.0,4.0,4.0,2.0,1.0,1.0,2.0,1.0,,,,x,,,,,,,,,,,x
1552895810795,34212,42270,11363,11681,9583,11531,203042,39839,1,27,1552895809790.0,1.005,825.788,485.0,4.0,4.0,2.0,1.0,1.0,2.0,1.0,,,,x,,,,,,,,,,,x
1552895811801,8796,22986,7030,3976,5235,1308,706289,58030,1,27,1552895810795.0,1.006,826.794,485.0,4.0,4.0,2.0,1.0,1.0,2.0,1.0,,,,x,,,,,,,,,,,x
1552895812879,7648,5106,4316,5175,2341,3656,12065,39358,1,27,1552895811801.0,1.078,827.872,490.0,4.0,3.0,1.0,1.0,1.0,2.0,1.0,,,,x,,,,,,,,,,,x
1552895813798,80135,96355,18442,21144,14187,25218,1799690,141001,1,27,1552895812879.0,0.919,828.791,490.0,4.0,3.0,1.0,1.0,1.0,2.0,1.0,,,,x,,,,,,,,,,,x
1552895814781,1242,13978,2619,1192,3061,2873,1256495,26914,1,27,1552895813798.0,0.983,829.774,490.0,4.0,3.0,1.0,1.0,1.0,2.0,1.0,,,,x,,,,,,,,,,,x
1552895815766,1599,8009,2916,3514,1744,1691,42970,24177,1,27,1552895814781.0,0.985,830.759,490.0,4.0,3.0,1.0,1.0,1.0,2.0,1.0,,,,x,,,,,,,,,,,x
1552895816777,1998,2073,5313,4726,1496,1620,244648,42209,1,27,1552895815766.0,1.011,831.77,490.0,4.0,3.0,1.0,1.0,1.0,2.0,1.0,,,,x,,,,,,,,,,,x
1552895817768,5374,15956,3072,9376,983,1279,354477,109327,1,27,1552895816777.0,0.991,832.761,490.0,4.0,3.0,1.0,1.0,1.0,2.0,1.0,,,,x,,,,,,,,,,,x
1552895818754,15265,9283,6391,9562,4735,8901,309743,26839,1,27,1552895817768.0,0.986,833.747,495.0,4.0,3.0,1.0,1.0,1.0,2.0,1.0,,,,x,,,,,,,,,,,x
1552895819733,17819,13020,6045,2412,2185,4725,80924,83268,1,27,1552895818754.0,0.979,834.726,495.0,4.0,3.0,1.0,1.0,1.0,2.0,1.0,,,,x,,,,,,,,,,,x
1552895820838,47721,89466,19197,26054,12853,12166,1404747,39541,1,27,1552895819733.0,1.105,835.831,495.0,4.0,3.0,1.0,1.0,1.0,2.0,1.0,,,,x,,,,,,,,,,,x
1552895821743,6101,6082,3880,3403,1550,2472,979759,21464,1,27,1552895820838.0,0.905,836.736,495.0,4.0,3.0,1.0,1.0,1.0,2.0,1.0,,,,x,,,,,,,,,,,x
1552895822735,35185,13781,14243,9141,4400,14350,940626,75171,1,27,1552895821743.0,0.992,837.728,495.0,4.0,3.0,1.0,1.0,1.0,2.0,1.0,,,,x,,,,,,,,,,,x
1552895823738,6217,829,2974,2047,1284,3550,117882,37917,1,27,1552895822735.0,1.003,838.731,495.0,4.0,3.0,1.0,1.0,1.0,2.0,1.0,,,,x,,,,,,,,,,,x
1552895824726,11204,5581,2462,1741,2834,3799,28748,16620,1,27,1552895823738.0,0.988,839.719,500.0,4.0,3.0,1.0,1.0,1.0,2.0,1.0,,,,x,,,,,,,,,,,x
1552895825706,3267,1247,5136,1407,1325,2943,67086,45292,1,27,1552895824726.0,0.98,840.699,500.0,4.0,3.0,1.0,1.0,1.0,2.0,1.0,,,,x,,,,,,,,,,,x
1552895826726,13241,6846,6619,9976,4849,3685,337885,55950,1,27,1552895825706.0,1.02,841.719,500.0,4.0,3.0,1.0,1.0,1.0,2.0,1.0,,,,x,,,,,,,,,,,x
1552895827728,30543,2120,17201,28914,19351,25536,380575,153454,1,27,1552895826726.0,1.002,842.721,500.0,4.0,3.0,1.0,1.0,1.0,2.0,1.0,,,,x,,,,,,,,,,,x
1552895828878,13423,248707,52823,49415,35901,54261,2595823,173361,1,27,1552895827728.0,1.15,843.871,500.0,4.0,3.0,1.0,1.0,1.0,2.0,1.0,,,,x,,,,,,,,,,,x
1552895829696,5346,1306,1310,1494,950,1004,172237,32363,1,27,1552895828878.0,0.818,844.689,500.0,4.0,3.0,1.0,1.0,1.0,2.0,1.0,,,,x,,,,,,,,,,,x
1552895830694,8147,6268,3012,4567,1352,1624,516748,5842,1,27,1552895829696.0,0.998,845.687,505.0,4.0,3.0,1.0,1.0,1.0,2.0,1.0,,,,x,,,,,,,,,,,x
1552895831694,25991,4279,7572,18281,5765,8352,1379780,146961,1,27,1552895830694.0,1.0,846.687,505.0,4.0,3.0,1.0,1.0,1.0,2.0,1.0,,,,x,,,,,,,,,,,x
1552895832684,31262,30574,7717,8981,2601,5562,86724,106570,1,27,1552895831694.0,0.99,847.677,505.0,4.0,3.0,1.0,1.0,1.0,2.0,1.0,,,,x,,,,,,,,,,,x
1552895833717,1578,1910,2025,1924,649,715,154715,18235,1,27,1552895832684.0,1.033,848.71,505.0,4.0,3.0,1.0,1.0,1.0,2.0,1.0,,,,x,,,,,,,,,,,x
1552895834664,7494,24809,10120,8335,1865,4959,78970,47354,1,27,1552895833717.0,0.947,849.657,505.0,4.0,3.0,1.0,1.0,1.0,2.0,1.0,,,,x,,,,,,,,,,,x
1552895835665,7098,16912,1887,2101,1954,1671,139279,27946,1,27,1552895834664.0,1.001,850.658,505.0,4.0,3.0,1.0,1.0,1.0,2.0,1.0,,,,x,,,,,,,,,,,x
1552895836679,10892,25014,10856,25060,6621,9390,471582,41770,1,27,1552895835665.0,1.014,851.672,510.0,4.0,3.0,1.0,1.0,1.0,2.0,1.0,,,,x,,,,,,,,,,,x
1552895837655,3736,8887,2787,6463,1336,1399,508458,34579,1,27,1552895836679.0,0.976,852.648,510.0,4.0,3.0,1.0,1.0,1.0,2.0,1.0,,,,x,,,,,,,,,,,x
1552895838658,3283,1531,2273,2427,1691,850,83500,4336,1,27,1552895837655.0,1.003,853.651,510.0,4.0,3.0,1.0,1.0,1.0,2.0,1.0,,,,x,,,,,,,,,,,x
1552895839640,45073,12177,11224,9969,4652,5924,71020,65112,1,27,1552895838658.0,0.982,854.633,510.0,4.0,3.0,1.0,1.0,1.0,2.0,1.0,,,,x,,,,,,,,,,,x
1552895840650,8834,3941,7889,13784,3534,2295,45729,74353,1,27,1552895839640.0,1.01,855.643,510.0,4.0,3.0,1.0,1.0,1.0,2.0,1.0,,,,x,,,,,,,,,,,x
1552895841645,28667,13964,9314,4783,5202,4938,228871,32736,1,27,1552895840650.0,0.995,856.638,510.0,4.0,3.0,1.0,1.0,1.0,2.0,1.0,,,,x,,,,,,,,,,,x
1552895842635,1798,3359,700,2261,905,436,14507,7733,1,27,1552895841645.0,0.99,857.628,515.0,4.0,3.0,1.0,1.0,1.0,2.0,1.0,,,,x,,,,,,,,,,,x
1552895843622,1913,10121,4416,3389,1713,1061,51583,18562,1,27,1552895842635.0,0.987,858.615,515.0,4.0,3.0,1.0,1.0,1.0,2.0,1.0,,,,x,,,,,,,,,,,x
1552895844621,11143,10899,19981,9810,5960,13570,120528,37479,1,27,1552895843622.0,0.999,859.614,515.0,4.0,3.0,1.0,1.0,1.0,2.0,1.0,,,,x,,,,,,,,,,,x
1552895845631,6694,6635,3097,7189,8551,2303,38993,38726,1,27,1552895844621.0,1.01,860.624,515.0,4.0,3.0,1.0,1.0,1.0,2.0,1.0,,,,x,,,,,,,,,,,x
1552895846614,2244,1188,2922,1981,682,814,40779,17054,1,27,1552895845631.0,0.983,861.607,515.0,4.0,3.0,1.0,1.0,1.0,2.0,1.0,,,,x,,,,,,,,,,,x
1552895847625,1693,24084,5528,9361,2747,5850,13381,22380,1,27,1552895846614.0,1.011,862.618,515.0,4.0,3.0,1.0,1.0,1.0,2.0,1.0,,,,x,,,,,,,,,,,x
1552895848595,17616,3218,4387,2784,4234,6308,5313,17555,1,27,1552895847625.0,0.97,863.588,520.0,3.0,4.0,1.0,1.0,1.0,2.0,1.0,,,,x,,,,,,,,,,,x
1552895849659,2012,2525,1436,1206,953,1250,84758,25998,1,27,1552895848595.0,1.064,864.652,520.0,3.0,4.0,1.0,1.0,1.0,2.0,1.0,,,,x,,,,,,,,,,,x
1552895850592,1214,3242,1239,510,1230,496,44531,35633,1,27,1552895849659.0,0.933,865.585,520.0,3.0,4.0,1.0,1.0,1.0,2.0,1.0,,,,x,,,,,,,,,,,x
1552895851594,9099,2058,2197,2977,2299,2727,92038,9568,1,27,1552895850592.0,1.002,866.587,520.0,3.0,4.0,1.0,1.0,1.0,2.0,1.0,,,,x,,,,,,,,,,,x
1552895852580,11438,7357,4283,17939,3176,5987,32460,12838,1,27,1552895851594.0,0.986,867.573,520.0,3.0,4.0,1.0,1.0,1.0,2.0,1.0,,,,x,,,,,,,,,,,x
1552895853582,1856,3894,1464,943,2007,721,37444,12682,1,27,1552895852580.0,1.002,868.575,520.0,3.0,4.0,1.0,1.0,1.0,2.0,1.0,,,,x,,,,,,,,,,,x
1552895854563,3282,2378,1894,1937,2868,3967,103627,16270,1,27,1552895853582.0,0.981,869.556,525.0,3.0,4.0,1.0,1.0,1.0,2.0,1.0,,,,x,,,,,,,,,,,x
1552895855577,1422,8750,2396,4403,980,2875,47605,7908,1,27,1552895854563.0,1.014,870.57,525.0,3.0,4.0,1.0,1.0,1.0,2.0,1.0,,,,x,,,,,,,,,,,x
1552895856571,3114,2294,4287,7514,3577,3468,23732,16095,1,27,1552895855577.0,0.994,871.564,525.0,3.0,4.0,1.0,1.0,1.0,2.0,1.0,,,,x,,,,,,,,,,,x
1552895857673,2587,11583,2459,3735,1203,3764,60329,19491,1,27,1552895856571.0,1.102,872.666,525.0,3.0,4.0,1.0,1.0,1.0,2.0,1.0,,,,x,,,,,,,,,,,x
1552895858568,17057,14145,5164,4531,3714,5094,777619,37374,1,27,1552895857673.0,0.895,873.561,525.0,3.0,4.0,1.0,1.0,1.0,2.0,1.0,,,,x,,,,,,,,,,,x
1552895859530,30282,5778,5550,6242,5152,6218,15765,9896,1,27,1552895858568.0,0.962,874.523,525.0,3.0,4.0,1.0,1.0,1.0,2.0,1.0,,,,x,,,,,,,,,,,x
1552895860537,25040,9698,6739,9402,5340,3301,100625,43844,1,27,1552895859530.0,1.007,875.53,530.0,3.0,4.0,1.0,1.0,1.0,2.0,1.0,,,,x,,,,,,,,,,,x
1552895861533,27933,11864,10454,51167,5423,2974,696265,98563,1,27,1552895860537.0,0.996,876.526,530.0,3.0,4.0,1.0,1.0,1.0,2.0,1.0,,,,x,,,,,,,,,,,x
1552895862537,4578,9373,2076,1841,1017,866,28611,49164,1,27,1552895861533.0,1.004,877.53,530.0,3.0,4.0,1.0,1.0,1.0,2.0,1.0,,,,x,,,,,,,,,,,x
1552895863523,8460,3549,9533,17350,2352,3820,669848,23076,1,27,1552895862537.0,0.986,878.516,530.0,3.0,4.0,1.0,1.0,1.0,2.0,1.0,,,,x,,,,,,,,,,,x
1552895864536,9185,5587,1800,3913,1299,2626,62530,27344,1,27,1552895863523.0,1.013,879.529,530.0,3.0,4.0,1.0,1.0,1.0,2.0,1.0,,,,x,,,,,,,,,,,x
1552895865648,19840,15563,14850,22813,14877,12681,134622,142050,1,27,1552895864536.0,1.112,880.641,530.0,3.0,4.0,1.0,1.0,1.0,2.0,1.0,,,,x,,,,,,,,,,,x
1552895866520,15231,12975,10748,13085,4400,4274,248504,10298,1,27,1552895865648.0,0.872,881.513,535.0,3.0,4.0,1.0,1.0,1.0,2.0,1.0,,,,x,,,,,,,,,,,x
1552895867504,9739,31809,2525,1441,2172,4042,229170,23431,1,27,1552895866520.0,0.984,882.497,535.0,3.0,4.0,1.0,1.0,1.0,2.0,1.0,,,,x,,,,,,,,,,,x
1552895868487,10570,5581,1459,4974,2925,2471,50929,23106,1,27,1552895867504.0,0.983,883.48,535.0,3.0,4.0,1.0,1.0,1.0,2.0,1.0,,,,x,,,,,,,,,,,x
1552895869488,4700,26955,2044,10381,2141,2689,234610,133583,1,27,1552895868487.0,1.001,884.481,535.0,3.0,4.0,1.0,1.0,1.0,2.0,1.0,,,,x,,,,,,,,,,,x
1552895870488,3964,19556,6738,20231,12661,5717,136935,41402,1,27,1552895869488.0,1.0,885.481,535.0,3.0,4.0,1.0,1.0,1.0,2.0,1.0,,,,x,,,,,,,,,,,x
1552895871490,1791,10973,2579,4972,3481,3645,21211,20378,1,27,1552895870488.0,1.002,886.483,535.0,3.0,4.0,1.0,1.0,1.0,2.0,1.0,,,,x,,,,,,,,,,,x
1552895872494,13708,7899,4304,3534,3007,4384,13815,30770,1,27,1552895871490.0,1.004,887.487,540.0,3.0,4.0,1.0,1.0,1.0,2.0,1.0,,,,x,,,,,,,,,,,x
1552895873633,2186,18186,4242,7664,6020,6789,24706,22682,1,27,1552895872494.0,1.139,888.626,540.0,3.0,4.0,1.0,1.0,1.0,2.0,1.0,,,,x,,,,,,,,,,,x
1552895874464,7918,6371,1923,4999,1214,2548,288648,63984,1,27,1552895873633.0,0.831,889.457,540.0,3.0,4.0,1.0,1.0,1.0,2.0,1.0,,,,x,,,,,,,,,,,x
1552895875480,12803,16044,9161,3171,17939,6560,54057,42497,1,27,1552895874464.0,1.016,890.473,540.0,3.0,4.0,1.0,1.0,1.0,2.0,1.0,,,,x,,,,,,,,,,,x
