timestamp,value,pid
1548831332554,83.0000000000,11
1548831333591,83.0000000000,11
1548831334568,82.0000000000,11
1548831335591,81.0000000000,11
1548831336565,81.0000000000,11
1548831337589,81.0000000000,11
1548831338565,81.0000000000,11
1548831339589,80.0000000000,11
1548831340563,80.0000000000,11
1548831341588,81.0000000000,11
1548831342562,80.0000000000,11
1548831343587,81.0000000000,11
1548831344562,82.0000000000,11
1548831345585,82.0000000000,11
1548831346560,80.0000000000,11
1548831347584,80.0000000000,11
1548831348559,80.0000000000,11
1548831349581,79.0000000000,11
1548831350557,80.0000000000,11
1548831351580,80.0000000000,11
1548831352555,81.0000000000,11
1548831353580,82.0000000000,11
1548831354554,83.0000000000,11
1548831355577,81.0000000000,11
1548831356554,81.0000000000,11
1548831357578,80.0000000000,11
1548831358551,80.0000000000,11
1548831359575,82.0000000000,11
1548831360599,82.0000000000,11
1548831361576,82.0000000000,11
1548831362907,82.0000000000,11
1548831363902,82.0000000000,11
1548831364901,83.0000000000,11
1548831365899,82.0000000000,11
1548831366896,83.0000000000,11
1548831367894,83.0000000000,11
1548831368890,83.0000000000,11
1548831369887,84.0000000000,11
1548831370885,84.0000000000,11
1548831371883,85.0000000000,11
1548831372881,86.0000000000,11
1548831373879,86.0000000000,11
1548831374876,87.0000000000,11
1548831376372,86.0000000000,11
1548831376871,85.0000000000,11
1548831377868,85.0000000000,11
1548831378866,85.0000000000,11
1548831379864,85.0000000000,11
1548831380861,86.0000000000,11
1548831381858,85.0000000000,11
1548831382855,86.0000000000,11
1548831383852,87.0000000000,11
1548831384851,88.0000000000,11
1548831385850,86.0000000000,11
1548831386846,86.0000000000,11
1548831387844,85.0000000000,11
1548831388842,82.0000000000,11
1548831389839,82.0000000000,11
1548831390835,82.0000000000,11
1548831391833,82.0000000000,11
1548831392831,83.0000000000,11
1548831393828,84.0000000000,11
1548831394826,84.0000000000,11
1548831395822,85.0000000000,11
1548831396821,86.0000000000,11
1548831397820,86.0000000000,11
1548831398817,85.0000000000,11
1548831399814,84.0000000000,11
1548831400812,84.0000000000,11
1548831401809,83.0000000000,11
1548831402807,82.0000000000,11
1548831403804,83.0000000000,11
1548831404800,83.0000000000,11
1548831405798,83.0000000000,11
1548831406797,82.0000000000,11
1548831407794,84.0000000000,11
1548831408790,85.0000000000,11
1548831409787,86.0000000000,11
1548831410786,85.0000000000,11
1548831411785,85.0000000000,11
1548831412781,85.0000000000,11
1548831413778,84.0000000000,11
1548831414776,85.0000000000,11
1548831415772,85.0000000000,11
1548831416772,85.0000000000,11
1548831417769,86.0000000000,11
1548831418765,86.0000000000,11
1548831419763,86.0000000000,11
1548831420762,86.0000000000,11
1548831421758,86.0000000000,11
1548831422755,86.0000000000,11
1548831423754,86.0000000000,11
1548831424751,86.0000000000,11
1548831425748,86.0000000000,11
1548831426747,87.0000000000,11
1548831427742,86.0000000000,11
1548831428741,86.0000000000,11
1548831429738,87.0000000000,11
1548831430736,86.0000000000,11
1548831431734,86.0000000000,11
1548831432730,85.0000000000,11
1548831433729,86.0000000000,11
1548831434726,86.0000000000,11
1548831435724,88.0000000000,11
1548831436720,89.0000000000,11
1548831437719,90.0000000000,11
1548831438716,91.0000000000,11
1548831439714,90.0000000000,11
1548831440710,90.0000000000,11
1548831441709,89.0000000000,11
1548831442706,88.0000000000,11
1548831443703,88.0000000000,11
1548831445199,88.0000000000,11
1548831445698,88.0000000000,11
1548831446697,90.0000000000,11
1548831447694,90.0000000000,11
1548831448690,90.0000000000,11
1548831449689,91.0000000000,11
1548831450687,90.0000000000,11
1548831451684,90.0000000000,11
1548831452682,90.0000000000,11
1548831454177,90.0000000000,11
1548831454675,90.0000000000,11
1548831455673,90.0000000000,11
1548831456672,90.0000000000,11
1548831457669,90.0000000000,11
1548831458667,90.0000000000,11
1548831459664,90.0000000000,11
1548831460662,91.0000000000,11
1548831461659,92.0000000000,11
1548831462655,92.0000000000,11
1548831463653,93.0000000000,11
1548831464651,94.0000000000,11
1548831465647,94.0000000000,11
1548831466647,94.0000000000,11
1548831467645,94.0000000000,11
1548831468641,96.0000000000,11
1548831469637,97.0000000000,11
1548831470636,98.0000000000,11
1548831471634,99.0000000000,11
1548831472631,101.0000000000,11
1548831473628,103.0000000000,11
1548831474626,105.0000000000,11
1548831475624,107.0000000000,11
1548831476621,108.0000000000,11
1548831477618,108.0000000000,11
1548831478616,108.0000000000,11
1548831479614,108.0000000000,11
1548831480611,107.0000000000,11
1548831481607,107.0000000000,11
1548831482607,107.0000000000,11
1548831483604,101.0000000000,11
1548831484601,100.0000000000,11
1548831485599,96.0000000000,11
1548831486597,94.0000000000,11
1548831487594,93.0000000000,11
1548831488591,93.0000000000,11
1548831489588,92.0000000000,11
1548831490587,90.0000000000,11
1548831491583,90.0000000000,11
1548831492581,89.0000000000,11
1548831493580,89.0000000000,11
1548831494576,89.0000000000,11
1548831495572,89.0000000000,11
1548831496572,88.0000000000,11
1548831497569,89.0000000000,11
1548831498565,89.0000000000,11
1548831499564,88.0000000000,11
1548831501060,88.0000000000,11
1548831502057,90.0000000000,11
1548831503054,90.0000000000,11
1548831504053,89.0000000000,11
1548831505050,89.0000000000,11
1548831506046,88.0000000000,11
1548831507045,87.0000000000,11
1548831508042,87.0000000000,11
1548831510037,86.0000000000,11
1548831511034,86.0000000000,11
1548831512031,87.0000000000,11
1548831513028,87.0000000000,11
1548831514027,87.0000000000,11
1548831515025,88.0000000000,11
1548831516022,88.0000000000,11
1548831517021,88.0000000000,11
1548831518017,87.0000000000,11
1548831519015,87.0000000000,11
1548831520011,88.0000000000,11
1548831521010,88.0000000000,11
1548831522008,90.0000000000,11
1548831523005,91.0000000000,11
1548831524002,90.0000000000,11
1548831524999,90.0000000000,11
1548831525998,89.0000000000,11
1548831526995,89.0000000000,11
1548831527993,88.0000000000,11
1548831528990,87.0000000000,11
1548831529988,88.0000000000,11
1548831530985,88.0000000000,11
1548831531983,87.0000000000,11
1548831532981,88.0000000000,11
1548831533978,88.0000000000,11
1548831534975,87.0000000000,11
1548831535973,87.0000000000,11
1548831536970,86.0000000000,11
1548831537966,86.0000000000,11
1548831538965,86.0000000000,11
1548831539963,85.0000000000,11
1548831540960,85.0000000000,11
1548831541961,87.0000000000,11
1548831543953,89.0000000000,11
1548831544950,91.0000000000,11
1548831545947,91.0000000000,11
1548831546945,91.0000000000,11
1548831547943,91.0000000000,11
1548831548941,92.0000000000,11
1548831549937,91.0000000000,11
1548831550934,90.0000000000,11
1548831551932,90.0000000000,11
1548831552929,89.0000000000,11
1548831553928,89.0000000000,11
1548831554926,90.0000000000,11
1548831555924,90.0000000000,11
1548831556921,89.0000000000,11
1548831557918,89.0000000000,11
1548831558916,90.0000000000,11
1548831559912,90.0000000000,11
1548831560909,90.0000000000,11
1548831561907,90.0000000000,11
1548831562905,90.0000000000,11
1548831563903,90.0000000000,11
1548831564901,91.0000000000,11
1548831565896,91.0000000000,11
1548831566895,90.0000000000,11
1548831567892,89.0000000000,11
1548831569389,90.0000000000,11
1548831569887,91.0000000000,11
1548831570885,91.0000000000,11
1548831571884,90.0000000000,11
1548831572880,89.0000000000,11
1548831573877,89.0000000000,11
1548831575374,89.0000000000,11
1548831575873,90.0000000000,11
1548831576871,90.0000000000,11
1548831577867,90.0000000000,11
1548831578864,90.0000000000,11
1548831579863,90.0000000000,11
1548831580861,90.0000000000,11
1548831581857,91.0000000000,11
1548831582856,91.0000000000,11
1548831583851,92.0000000000,11
1548831584850,92.0000000000,11
1548831585847,93.0000000000,11
1548831586845,93.0000000000,11
1548831587843,93.0000000000,11
1548831588840,93.0000000000,11
1548831589838,94.0000000000,11
1548831590835,95.0000000000,11
1548831591833,95.0000000000,11
1548831592829,97.0000000000,11
1548831593828,97.0000000000,11
1548831594826,96.0000000000,11
1548831595823,96.0000000000,11
1548831596820,96.0000000000,11
1548831597817,96.0000000000,11
1548831598815,96.0000000000,11
1548831599811,97.0000000000,11
1548831600811,97.0000000000,11
1548831601809,98.0000000000,11
1548831602804,97.0000000000,11
1548831603802,97.0000000000,11
1548831604800,97.0000000000,11
1548831605798,96.0000000000,11
1548831606793,96.0000000000,11
1548831607793,96.0000000000,11
1548831608791,97.0000000000,11
1548831609787,97.0000000000,11
1548831610786,97.0000000000,11
1548831611782,98.0000000000,11
1548831612780,98.0000000000,11
1548831613777,99.0000000000,11
1548831614775,99.0000000000,11
1548831615773,98.0000000000,11
1548831616770,97.0000000000,11
1548831617767,97.0000000000,11
1548831618765,97.0000000000,11
1548831619763,94.0000000000,11
1548831620759,93.0000000000,11
1548831621758,91.0000000000,11
1548831622754,92.0000000000,11
1548831623752,93.0000000000,11
1548831624749,93.0000000000,11
1548831625746,95.0000000000,11
1548831626745,95.0000000000,11
1548831627743,95.0000000000,11
1548831628740,96.0000000000,11
1548831629736,98.0000000000,11
1548831630735,98.0000000000,11
1548831631732,97.0000000000,11
1548831632729,98.0000000000,11
1548831633727,98.0000000000,11
1548831634724,99.0000000000,11
1548831635722,99.0000000000,11
1548831636720,99.0000000000,11
1548831637717,99.0000000000,11
1548831638715,98.0000000000,11
1548831639711,98.0000000000,11
1548831640710,97.0000000000,11
1548831641707,97.0000000000,11
1548831642705,96.0000000000,11
1548831643701,96.0000000000,11
1548831644701,94.0000000000,11
1548831645697,93.0000000000,11
1548831647192,92.0000000000,11
1548831647692,91.0000000000,11
1548831648689,91.0000000000,11
1548831649687,91.0000000000,11
1548831650685,92.0000000000,11
1548831651681,93.0000000000,11
1548831652680,92.0000000000,11
1548831653678,92.0000000000,11
1548831654675,93.0000000000,11
1548831655672,92.0000000000,11
1548831657168,90.0000000000,11
1548831657668,90.0000000000,11
1548831658665,90.0000000000,11
1548831659662,90.0000000000,11
1548831660660,89.0000000000,11
1548831661657,89.0000000000,11
1548831662655,90.0000000000,11
1548831663652,88.0000000000,11
1548831664650,88.0000000000,11
1548831665646,88.0000000000,11
1548831666645,88.0000000000,11
1548831667642,88.0000000000,11
1548831668640,88.0000000000,11
1548831669638,90.0000000000,11
1548831670634,90.0000000000,11
1548831671633,89.0000000000,11
1548831672629,88.0000000000,11
1548831673627,89.0000000000,11
1548831674624,90.0000000000,11
1548831675623,91.0000000000,11
1548831676620,91.0000000000,11
1548831677617,90.0000000000,11
1548831678614,89.0000000000,11
1548831679611,89.0000000000,11
1548831680610,90.0000000000,11
1548831681608,91.0000000000,11
1548831682604,92.0000000000,11
1548831683601,91.0000000000,11
1548831684600,90.0000000000,11
1548831685597,88.0000000000,11
1548831686594,89.0000000000,11
1548831687593,88.0000000000,11
1548831689088,87.0000000000,11
1548831690085,87.0000000000,11
1548831690585,86.0000000000,11
1548831692082,86.0000000000,11
1548831692579,86.0000000000,11
1548831693576,86.0000000000,11
1548831694575,86.0000000000,11
1548831696071,86.0000000000,11
1548831697068,87.0000000000,11
1548831698065,87.0000000000,11
1548831699064,89.0000000000,11
1548831700061,89.0000000000,11
1548831701059,90.0000000000,11
1548831702555,91.0000000000,11
1548831703054,90.0000000000,11
1548831704051,90.0000000000,11
1548831705048,90.0000000000,11
1548831706046,90.0000000000,11
1548831707044,91.0000000000,11
1548831708040,91.0000000000,11
1548831709038,91.0000000000,11
1548831710036,91.0000000000,11
1548831711034,90.0000000000,11
1548831712030,90.0000000000,11
1548831714026,88.0000000000,11
1548831715024,89.0000000000,11
1548831716020,90.0000000000,11
1548831717018,90.0000000000,11
1548831718016,89.0000000000,11
1548831719014,89.0000000000,11
1548831720011,88.0000000000,11
1548831721007,88.0000000000,11
1548831722005,89.0000000000,11
1548831723003,89.0000000000,11
1548831724001,90.0000000000,11
1548831724999,91.0000000000,11
1548831725996,91.0000000000,11
1548831726994,90.0000000000,11
1548831727991,89.0000000000,11
1548831728989,89.0000000000,11
1548831729985,88.0000000000,11
1548831730983,88.0000000000,11
1548831731981,89.0000000000,11
1548831732978,88.0000000000,11
1548831733975,89.0000000000,11
1548831734973,88.0000000000,11
1548831735970,88.0000000000,11
1548831736968,87.0000000000,11
1548831737966,87.0000000000,11
1548831738964,87.0000000000,11
1548831739961,86.0000000000,11
1548831740958,86.0000000000,11
1548831741956,87.0000000000,11
1548831742954,86.0000000000,11
1548831743951,86.0000000000,11
1548831744949,86.0000000000,11
1548831745946,86.0000000000,11
1548831746944,85.0000000000,11
1548831747941,84.0000000000,11
1548831748938,83.0000000000,11
1548831749936,84.0000000000,11
1548831750934,84.0000000000,11
1548831751930,84.0000000000,11
1548831752929,85.0000000000,11
1548831753926,86.0000000000,11
1548831755920,84.0000000000,11
1548831756918,84.0000000000,11
1548831757917,83.0000000000,11
1548831758914,84.0000000000,11
1548831759911,84.0000000000,11
1548831760908,84.0000000000,11
1548831761906,85.0000000000,11
1548831762903,86.0000000000,11
1548831763902,86.0000000000,11
1548831764899,86.0000000000,11
1548831765895,87.0000000000,11
1548831766893,88.0000000000,11
1548831767891,88.0000000000,11
1548831768889,89.0000000000,11
1548831769885,89.0000000000,11
1548831770883,89.0000000000,11
1548831771881,88.0000000000,11
1548831772878,89.0000000000,11
1548831773877,89.0000000000,11
1548831774874,89.0000000000,11
1548831775871,90.0000000000,11
1548831776869,91.0000000000,11
1548831777866,92.0000000000,11
1548831778864,92.0000000000,11
1548831779861,92.0000000000,11
1548831780858,92.0000000000,11
1548831781856,92.0000000000,11
1548831782854,91.0000000000,11
1548831783851,91.0000000000,11
1548831784848,90.0000000000,11
1548831785846,90.0000000000,11
1548831786844,90.0000000000,11
1548831787841,90.0000000000,11
1548831789338,90.0000000000,11
1548831789835,90.0000000000,11
1548831790834,89.0000000000,11
1548831791831,88.0000000000,11
1548831792829,88.0000000000,11
1548831793827,87.0000000000,11
1548831794823,86.0000000000,11
1548831795822,87.0000000000,11
1548831796819,87.0000000000,11
1548831797815,87.0000000000,11
1548831798813,87.0000000000,11
1548831799812,88.0000000000,11
1548831800809,88.0000000000,11
1548831801807,88.0000000000,11
1548831802804,88.0000000000,11
1548831803800,88.0000000000,11
1548831804799,89.0000000000,11
1548831805797,89.0000000000,11
1548831806794,89.0000000000,11
1548831807791,90.0000000000,11
1548831808788,91.0000000000,11
1548831809786,91.0000000000,11
1548831810784,91.0000000000,11
1548831811781,90.0000000000,11
1548831812779,89.0000000000,11
1548831813776,89.0000000000,11
1548831814774,89.0000000000,11
1548831815771,88.0000000000,11
1548831816768,88.0000000000,11
1548831817767,88.0000000000,11
1548831818764,87.0000000000,11
1548831819761,86.0000000000,11
1548831820759,85.0000000000,11
1548831821756,85.0000000000,11
1548831822754,84.0000000000,11
1548831823750,85.0000000000,11
1548831824749,85.0000000000,11
1548831825746,85.0000000000,11
1548831826743,86.0000000000,11
1548831827742,86.0000000000,11
1548831828739,86.0000000000,11
1548831829736,86.0000000000,11
1548831830734,86.0000000000,11
1548831831731,86.0000000000,11
1548831832729,86.0000000000,11
1548831833726,86.0000000000,11
1548831834724,86.0000000000,11
1548831835721,86.0000000000,11
1548831836719,86.0000000000,11
1548831837715,87.0000000000,11
1548831838714,88.0000000000,11
1548831839711,89.0000000000,11
1548831841207,89.0000000000,11
1548831841707,88.0000000000,11
1548831842704,88.0000000000,11
1548831843701,89.0000000000,11
1548831844698,89.0000000000,11
1548831845697,89.0000000000,11
1548831846694,89.0000000000,11
1548831847690,88.0000000000,11
1548831848688,86.0000000000,11
1548831849685,86.0000000000,11
1548831850684,86.0000000000,11
1548831851681,86.0000000000,11
1548831852679,87.0000000000,11
1548831853675,87.0000000000,11
1548831854674,88.0000000000,11
1548831855671,88.0000000000,11
1548831856668,88.0000000000,11
1548831857667,87.0000000000,11
1548831858663,88.0000000000,11
1548831859661,86.0000000000,11
1548831860659,86.0000000000,11
1548831861657,86.0000000000,11
1548831862654,86.0000000000,11
1548831863650,87.0000000000,11
1548831864649,87.0000000000,11
1548831865647,88.0000000000,11
1548831866644,88.0000000000,11
1548831867641,89.0000000000,11
1548831868639,89.0000000000,11
1548831869636,89.0000000000,11
1548831870634,89.0000000000,11
1548831871630,89.0000000000,11
1548831872629,90.0000000000,11
1548831873627,91.0000000000,11
1548831874624,91.0000000000,11
1548831875621,92.0000000000,11
1548831876618,94.0000000000,11
1548831877616,95.0000000000,11
1548831878614,93.0000000000,11
1548831879612,93.0000000000,11
1548831880609,93.0000000000,11
1548831881607,93.0000000000,11
1548831882604,92.0000000000,11
1548831883602,91.0000000000,11
1548831884599,91.0000000000,11
1548831885596,91.0000000000,11
1548831886594,91.0000000000,11
1548831887592,92.0000000000,11
1548831888589,93.0000000000,11
1548831889586,93.0000000000,11
1548831890584,93.0000000000,11
1548831891582,93.0000000000,11
1548831892579,92.0000000000,11
1548831894075,92.0000000000,11
1548831895072,91.0000000000,11
1548831896070,89.0000000000,11
1548831897068,88.0000000000,11
1548831898066,88.0000000000,11
1548831899064,87.0000000000,11
1548831900059,87.0000000000,11
1548831901058,89.0000000000,11
1548831902055,89.0000000000,11
1548831903053,89.0000000000,11
1548831904049,90.0000000000,11
1548831905048,89.0000000000,11
1548831906046,87.0000000000,11
1548831907041,85.0000000000,11
1548831908040,84.0000000000,11
1548831909037,83.0000000000,11
1548831910035,82.0000000000,11
1548831911032,82.0000000000,11
1548831912031,83.0000000000,11
1548831913027,85.0000000000,11
1548831914024,87.0000000000,11
1548831915022,86.0000000000,11
1548831916020,86.0000000000,11
1548831917017,85.0000000000,11
1548831918014,84.0000000000,11
1548831919012,81.0000000000,11
1548831920011,80.0000000000,11
1548831921008,79.0000000000,11
1548831922005,79.0000000000,11
1548831923003,79.0000000000,11
1548831923999,81.0000000000,11
1548831924998,85.0000000000,11
1548831925995,87.0000000000,11
1548831926992,90.0000000000,11
1548831927990,94.0000000000,11
1548831928987,97.0000000000,11
1548831929985,98.0000000000,11
1548831930982,101.0000000000,11
1548831931982,103.0000000000,11
1548831932977,103.0000000000,11
1548831933975,103.0000000000,11
1548831934973,102.0000000000,11
1548831935970,101.0000000000,11
1548831936967,101.0000000000,11
1548831937965,100.0000000000,11
1548831938962,100.0000000000,11
1548831939960,101.0000000000,11
1548831940959,101.0000000000,11
1548831941955,99.0000000000,11
1548831942953,99.0000000000,11
1548831943951,97.0000000000,11
1548831944948,96.0000000000,11
1548831945944,95.0000000000,11
1548831946941,95.0000000000,11
1548831947941,94.0000000000,11
1548831949936,95.0000000000,11
1548831950933,95.0000000000,11
1548831951931,95.0000000000,11
1548831952928,96.0000000000,11
1548831953924,97.0000000000,11
1548831954922,97.0000000000,11
1548831955921,97.0000000000,11
1548831956918,96.0000000000,11
1548831957915,96.0000000000,11
1548831958913,98.0000000000,11
1548831959910,98.0000000000,11
1548831960908,100.0000000000,11
1548831961905,100.0000000000,11
1548831962903,100.0000000000,11
1548831963901,99.0000000000,11
1548831964897,99.0000000000,11
1548831965895,99.0000000000,11
1548831966893,99.0000000000,11
1548831967890,101.0000000000,11
1548831968888,102.0000000000,11
1548831969885,103.0000000000,11
1548831970883,105.0000000000,11
1548831971880,105.0000000000,11
1548831972878,106.0000000000,11
1548831973876,106.0000000000,11
1548831974873,106.0000000000,11
1548831975870,107.0000000000,11
1548831976868,108.0000000000,11
1548831977866,108.0000000000,11
1548831978863,109.0000000000,11
1548831979860,109.0000000000,11
1548831980858,109.0000000000,11
1548831981856,109.0000000000,11
1548831982853,110.0000000000,11
1548831983849,111.0000000000,11
1548831984848,111.0000000000,11
1548831985846,111.0000000000,11
1548831986842,111.0000000000,11
1548831987841,111.0000000000,11
1548831988838,111.0000000000,11
1548831989835,110.0000000000,11
1548831990833,109.0000000000,11
1548831991831,109.0000000000,11
1548831992827,109.0000000000,11
1548831993825,108.0000000000,11
1548831994823,108.0000000000,11
1548831995821,109.0000000000,11
1548831996818,110.0000000000,11
1548831997816,110.0000000000,11
1548831998813,109.0000000000,11
1548831999811,108.0000000000,11
1548832000807,106.0000000000,11
1548832001805,105.0000000000,11
1548832002803,103.0000000000,11
1548832003801,102.0000000000,11
1548832004798,100.0000000000,11
1548832005795,100.0000000000,11
1548832006793,100.0000000000,11
1548832007791,99.0000000000,11
1548832008788,99.0000000000,11
1548832009785,99.0000000000,11
1548832010783,99.0000000000,11
1548832011781,100.0000000000,11
1548832012778,100.0000000000,11
1548832013776,99.0000000000,11
1548832014772,99.0000000000,11
1548832015771,100.0000000000,11
1548832016768,99.0000000000,11
1548832017766,98.0000000000,11
1548832018763,98.0000000000,11
1548832019760,98.0000000000,11
1548832020757,97.0000000000,11
1548832021756,96.0000000000,11
1548832022752,95.0000000000,11
1548832023751,94.0000000000,11
1548832024748,94.0000000000,11
1548832025746,96.0000000000,11
1548832026742,96.0000000000,11
1548832027740,96.0000000000,11
1548832028738,96.0000000000,11
1548832029735,97.0000000000,11
1548832030733,96.0000000000,11
1548832031730,94.0000000000,11
1548832032728,92.0000000000,11
1548832033725,92.0000000000,11
1548832034723,92.0000000000,11
1548832035721,92.0000000000,11
1548832036718,91.0000000000,11
1548832037715,92.0000000000,11
1548832038713,92.0000000000,11
1548832039710,91.0000000000,11
1548832040707,91.0000000000,11
1548832041706,90.0000000000,11
1548832042704,90.0000000000,11
1548832043700,90.0000000000,11
1548832044698,91.0000000000,11
1548832045695,92.0000000000,11
1548832046693,93.0000000000,11
1548832047690,93.0000000000,11
1548832048688,91.0000000000,11
1548832049685,91.0000000000,11
1548832050683,90.0000000000,11
1548832051681,89.0000000000,11
1548832053176,88.0000000000,11
1548832053675,87.0000000000,11
1548832054672,87.0000000000,11
1548832055671,87.0000000000,11
1548832056668,87.0000000000,11
1548832057666,88.0000000000,11
1548832058665,88.0000000000,11
1548832059661,90.0000000000,11
1548832060658,90.0000000000,11
1548832061656,89.0000000000,11
1548832062653,88.0000000000,11
1548832063650,88.0000000000,11
1548832064647,88.0000000000,11
1548832065645,88.0000000000,11
1548832066642,89.0000000000,11
1548832067641,88.0000000000,11
1548832068638,87.0000000000,11
1548832069636,87.0000000000,11
1548832070634,87.0000000000,11
1548832071631,87.0000000000,11
1548832072628,88.0000000000,11
1548832073625,88.0000000000,11
1548832074623,88.0000000000,11
1548832075621,88.0000000000,11
1548832076618,87.0000000000,11
1548832077614,88.0000000000,11
1548832078614,88.0000000000,11
1548832079610,88.0000000000,11
1548832080607,89.0000000000,11
1548832081606,90.0000000000,11
1548832082602,91.0000000000,11
1548832083601,89.0000000000,11
1548832084598,88.0000000000,11
1548832085596,88.0000000000,11
1548832086593,88.0000000000,11
1548832087589,88.0000000000,11
1548832088588,88.0000000000,11
1548832089585,88.0000000000,11
1548832091082,88.0000000000,11
1548832092079,88.0000000000,11
1548832093077,88.0000000000,11
1548832094074,86.0000000000,11
1548832095072,86.0000000000,11
1548832096070,86.0000000000,11
1548832097067,87.0000000000,11
1548832098064,87.0000000000,11
1548832099062,88.0000000000,11
1548832100060,87.0000000000,11
1548832101056,87.0000000000,11
1548832102054,87.0000000000,11
1548832103051,87.0000000000,11
1548832104049,87.0000000000,11
1548832105047,87.0000000000,11
1548832106044,87.0000000000,11
1548832107042,86.0000000000,11
1548832108039,86.0000000000,11
1548832109037,85.0000000000,11
1548832110034,86.0000000000,11
1548832111032,86.0000000000,11
1548832112029,88.0000000000,11
1548832113027,89.0000000000,11
1548832114024,89.0000000000,11
1548832115021,89.0000000000,11
1548832116019,89.0000000000,11
1548832117016,89.0000000000,11
1548832118014,91.0000000000,11
1548832119511,91.0000000000,11
1548832120009,92.0000000000,11
1548832121007,91.0000000000,11
1548832122004,92.0000000000,11
1548832123001,92.0000000000,11
1548832123998,90.0000000000,11
1548832124997,90.0000000000,11
1548832125994,90.0000000000,11
1548832126992,88.0000000000,11
1548832127990,89.0000000000,11
1548832128987,89.0000000000,11
1548832129985,88.0000000000,11
1548832130981,89.0000000000,11
1548832132477,89.0000000000,11
1548832132976,90.0000000000,11
1548832133975,90.0000000000,11
1548832135470,90.0000000000,11
1548832135970,92.0000000000,11
1548832136967,92.0000000000,11
1548832137964,92.0000000000,11
1548832138962,92.0000000000,11
1548832139960,92.0000000000,11
1548832140956,93.0000000000,11
1548832141954,94.0000000000,11
1548832142952,95.0000000000,11
1548832143950,95.0000000000,11
1548832144947,96.0000000000,11
1548832145944,97.0000000000,11
1548832146943,96.0000000000,11
1548832147940,95.0000000000,11
1548832148938,95.0000000000,11
1548832150434,95.0000000000,11
1548832150933,96.0000000000,11
1548832151929,97.0000000000,11
1548832152927,97.0000000000,11
1548832153925,96.0000000000,11
1548832154922,95.0000000000,11
1548832155919,93.0000000000,11
1548832156916,90.0000000000,11
1548832157915,89.0000000000,11
1548832158912,89.0000000000,11
1548832159910,89.0000000000,11
1548832160906,90.0000000000,11
1548832161905,90.0000000000,11
1548832162902,90.0000000000,11
1548832163898,90.0000000000,11
1548832164898,89.0000000000,11
1548832165894,89.0000000000,11
1548832166893,89.0000000000,11
1548832167889,89.0000000000,11
1548832169386,90.0000000000,11
1548832169885,89.0000000000,11
1548832170881,89.0000000000,11
1548832171880,89.0000000000,11
1548832172878,89.0000000000,11
1548832174373,90.0000000000,11
1548832174872,90.0000000000,11
1548832175870,93.0000000000,11
1548832176867,94.0000000000,11
1548832177863,94.0000000000,11
1548832178862,93.0000000000,11
1548832179859,93.0000000000,11
1548832180857,91.0000000000,11
1548832181855,91.0000000000,11
1548832182853,92.0000000000,11
1548832183849,92.0000000000,11
1548832184848,94.0000000000,11
1548832185844,95.0000000000,11
1548832186842,95.0000000000,11
1548832187840,94.0000000000,11
1548832188838,94.0000000000,11
1548832189835,93.0000000000,11
1548832190832,93.0000000000,11
1548832191830,95.0000000000,11
1548832192827,96.0000000000,11
1548832193825,97.0000000000,11
1548832194824,98.0000000000,11
1548832195819,97.0000000000,11
1548832196816,96.0000000000,11
1548832197815,96.0000000000,11
1548832198812,96.0000000000,11
1548832200307,96.0000000000,11
1548832201306,95.0000000000,11
1548832201805,96.0000000000,11
1548832202802,95.0000000000,11
1548832203799,94.0000000000,11
1548832204797,94.0000000000,11
1548832205794,95.0000000000,11
1548832206792,96.0000000000,11
1548832207790,96.0000000000,11
1548832208787,95.0000000000,11
1548832209785,95.0000000000,11
1548832210781,94.0000000000,11
1548832211780,94.0000000000,11
1548832212777,94.0000000000,11
1548832213775,94.0000000000,11
1548832214772,94.0000000000,11
1548832215770,95.0000000000,11
1548832216768,95.0000000000,11
1548832217764,95.0000000000,11
1548832218763,96.0000000000,11
1548832219759,96.0000000000,11
1548832220758,95.0000000000,11
1548832221755,94.0000000000,11
1548832222752,92.0000000000,11
1548832223750,91.0000000000,11
1548832224747,90.0000000000,11
1548832225745,90.0000000000,11
1548832226742,90.0000000000,11
1548832227740,89.0000000000,11
1548832228737,89.0000000000,11
1548832229735,89.0000000000,11
1548832230733,88.0000000000,11
1548832231729,87.0000000000,11
1548832232728,87.0000000000,11
1548832233725,86.0000000000,11
1548832235720,86.0000000000,11
1548832236718,86.0000000000,11
1548832237716,86.0000000000,11
1548832238713,86.0000000000,11
1548832239709,85.0000000000,11
1548832240708,85.0000000000,11
1548832241704,86.0000000000,11
1548832242702,86.0000000000,11
1548832243699,88.0000000000,11
1548832244698,90.0000000000,11
1548832245694,91.0000000000,11
1548832246692,91.0000000000,11
1548832247689,91.0000000000,11
1548832248687,90.0000000000,11
1548832249685,90.0000000000,11
1548832250682,91.0000000000,11
1548832251680,91.0000000000,11
1548832252677,90.0000000000,11
1548832253675,91.0000000000,11
1548832254672,91.0000000000,11
1548832255670,90.0000000000,11
1548832256667,91.0000000000,11
1548832257664,91.0000000000,11
1548832258662,90.0000000000,11
1548832259660,91.0000000000,11
1548832260658,91.0000000000,11
1548832261655,91.0000000000,11
1548832262652,92.0000000000,11
1548832263650,93.0000000000,11
1548832264646,93.0000000000,11
1548832265645,94.0000000000,11
1548832266642,94.0000000000,11
1548832267640,95.0000000000,11
1548832268637,94.0000000000,11
1548832269635,93.0000000000,11
1548832270632,93.0000000000,11
1548832271629,93.0000000000,11
1548832272627,93.0000000000,11
1548832273626,94.0000000000,11
1548832274623,95.0000000000,11
1548832275620,95.0000000000,11
1548832276618,95.0000000000,11
1548832277615,95.0000000000,11
1548832278612,96.0000000000,11
1548832279609,97.0000000000,11
1548832280607,97.0000000000,11
1548832281605,98.0000000000,11
1548832282602,98.0000000000,11
1548832283600,97.0000000000,11
1548832284597,97.0000000000,11
1548832286094,97.0000000000,11
1548832287092,98.0000000000,11
1548832288088,99.0000000000,11
1548832289087,101.0000000000,11
1548832290084,101.0000000000,11
1548832291081,101.0000000000,11
1548832292078,99.0000000000,11
1548832293076,98.0000000000,11
1548832294073,96.0000000000,11
1548832295071,96.0000000000,11
1548832296069,96.0000000000,11
1548832297066,96.0000000000,11
1548832298063,96.0000000000,11
1548832299061,96.0000000000,11
1548832300059,97.0000000000,11
1548832301055,97.0000000000,11
1548832302052,96.0000000000,11
1548832303050,94.0000000000,11
1548832304049,93.0000000000,11
1548832305046,93.0000000000,11
1548832306044,94.0000000000,11
1548832307041,95.0000000000,11
1548832308038,96.0000000000,11
1548832309035,96.0000000000,11
1548832310034,97.0000000000,11
1548832311032,95.0000000000,11
1548832312029,94.0000000000,11
1548832313027,93.0000000000,11
1548832314024,91.0000000000,11
1548832315021,92.0000000000,11
1548832316018,93.0000000000,11
1548832317016,94.0000000000,11
1548832318014,94.0000000000,11
1548832319012,95.0000000000,11
1548832320008,94.0000000000,11
1548832321007,94.0000000000,11
1548832322004,94.0000000000,11
1548832323002,94.0000000000,11
1548832324497,95.0000000000,11
1548832324996,95.0000000000,11
1548832325995,95.0000000000,11
1548832326992,94.0000000000,11
1548832327989,92.0000000000,11
1548832328987,92.0000000000,11
1548832330482,92.0000000000,11
1548832330981,92.0000000000,11
1548832331979,91.0000000000,11
1548832332977,89.0000000000,11
1548832333973,88.0000000000,11
1548832334971,87.0000000000,11
1548832335969,87.0000000000,11
1548832336966,87.0000000000,11
1548832337965,88.0000000000,11
1548832338962,88.0000000000,11
1548832339959,89.0000000000,11
1548832340956,88.0000000000,11
1548832341954,86.0000000000,11
1548832342952,85.0000000000,11
1548832343949,85.0000000000,11
1548832344947,85.0000000000,11
1548832345943,85.0000000000,11
1548832346942,85.0000000000,11
1548832347939,86.0000000000,11
1548832348937,87.0000000000,11
1548832349935,87.0000000000,11
1548832350930,89.0000000000,11
1548832351930,90.0000000000,11
1548832352927,90.0000000000,11
1548832353924,89.0000000000,11
1548832354921,89.0000000000,11
1548832355919,89.0000000000,11
1548832356917,90.0000000000,11
1548832357914,92.0000000000,11
1548832358910,93.0000000000,11
1548832359909,94.0000000000,11
1548832360907,95.0000000000,11
1548832361904,94.0000000000,11
1548832362901,94.0000000000,11
1548832363899,92.0000000000,11
1548832364896,91.0000000000,11
1548832365895,90.0000000000,11
1548832366892,89.0000000000,11
1548832367889,87.0000000000,11
1548832368886,88.0000000000,11
1548832369885,88.0000000000,11
1548832370882,88.0000000000,11
1548832371879,88.0000000000,11
1548832372877,89.0000000000,11
1548832374373,90.0000000000,11
1548832374872,90.0000000000,11
1548832375869,91.0000000000,11
1548832376867,91.0000000000,11
1548832377865,91.0000000000,11
1548832378861,91.0000000000,11
1548832379859,92.0000000000,11
1548832380856,92.0000000000,11
1548832381854,90.0000000000,11
1548832382852,90.0000000000,11
1548832383850,91.0000000000,11
1548832384846,91.0000000000,11
1548832385844,92.0000000000,11
1548832386842,92.0000000000,11
1548832387839,93.0000000000,11
1548832388837,93.0000000000,11
1548832389833,93.0000000000,11
1548832390832,94.0000000000,11
1548832391830,94.0000000000,11
1548832392827,93.0000000000,11
1548832393825,93.0000000000,11
1548832394821,92.0000000000,11
1548832395819,91.0000000000,11
1548832396816,92.0000000000,11
1548832397815,92.0000000000,11
1548832398811,92.0000000000,11
1548832399809,93.0000000000,11
1548832400807,93.0000000000,11
1548832401803,94.0000000000,11
1548832402802,95.0000000000,11
1548832403800,95.0000000000,11
1548832404796,95.0000000000,11
1548832405795,94.0000000000,11
1548832406792,94.0000000000,11
1548832407788,94.0000000000,11
1548832408787,94.0000000000,11
1548832409784,94.0000000000,11
1548832410782,94.0000000000,11
1548832411780,94.0000000000,11
1548832412776,93.0000000000,11
1548832413775,93.0000000000,11
1548832414772,92.0000000000,11
1548832415770,92.0000000000,11
1548832416766,91.0000000000,11
1548832417764,91.0000000000,11
1548832418762,91.0000000000,11
1548832419760,92.0000000000,11
1548832420756,92.0000000000,11
1548832421754,93.0000000000,11
1548832422752,93.0000000000,11
1548832423750,92.0000000000,11
1548832424747,92.0000000000,11
1548832425744,91.0000000000,11
1548832426742,91.0000000000,11
1548832427738,91.0000000000,11
1548832428737,92.0000000000,11
1548832429734,92.0000000000,11
1548832430732,92.0000000000,11
1548832431729,91.0000000000,11
1548832432727,91.0000000000,11
1548832433725,91.0000000000,11
1548832434721,92.0000000000,11
1548832435719,93.0000000000,11
1548832436716,94.0000000000,11
1548832438712,94.0000000000,11
1548832439710,94.0000000000,11
1548832440707,94.0000000000,11
1548832441703,95.0000000000,11
1548832442702,97.0000000000,11
1548832443700,98.0000000000,11
1548832444697,100.0000000000,11
1548832445693,100.0000000000,11
1548832446692,99.0000000000,11
1548832447689,99.0000000000,11
1548832448687,99.0000000000,11
1548832450182,100.0000000000,11
1548832450682,101.0000000000,11
1548832451680,100.0000000000,11
1548832452677,99.0000000000,11
1548832453674,100.0000000000,11
1548832454671,101.0000000000,11
1548832455669,102.0000000000,11
1548832456667,101.0000000000,11
1548832457665,99.0000000000,11
1548832458661,98.0000000000,11
1548832459659,98.0000000000,11
1548832460656,100.0000000000,11
1548832461656,100.0000000000,11
1548832462652,101.0000000000,11
1548832463649,101.0000000000,11
1548832464647,102.0000000000,11
1548832465645,101.0000000000,11
1548832466642,99.0000000000,11
1548832467639,99.0000000000,11
1548832468638,99.0000000000,11
1548832469635,99.0000000000,11
1548832470633,99.0000000000,11
1548832471628,99.0000000000,11
1548832472627,99.0000000000,11
1548832473625,99.0000000000,11
1548832474621,100.0000000000,11
1548832475619,99.0000000000,11
1548832476617,98.0000000000,11
1548832477614,96.0000000000,11
1548832478612,95.0000000000,11
1548832479610,95.0000000000,11
1548832481106,96.0000000000,11
1548832482104,97.0000000000,11
1548832483101,97.0000000000,11
1548832484098,96.0000000000,11
1548832485095,95.0000000000,11
1548832486092,94.0000000000,11
1548832487091,93.0000000000,11
1548832488089,93.0000000000,11
1548832489086,93.0000000000,11
1548832490083,93.0000000000,11
1548832491080,92.0000000000,11
1548832492077,92.0000000000,11
1548832493076,90.0000000000,11
1548832494074,89.0000000000,11
1548832495071,88.0000000000,11
1548832496068,89.0000000000,11
1548832497066,89.0000000000,11
1548832498064,88.0000000000,11
1548832499061,88.0000000000,11
1548832500058,88.0000000000,11
1548832501055,86.0000000000,11
1548832502054,85.0000000000,11
1548832503051,84.0000000000,11
1548832504049,84.0000000000,11
1548832505046,84.0000000000,11
1548832506042,84.0000000000,11
1548832507041,84.0000000000,11
1548832508039,85.0000000000,11
1548832509036,85.0000000000,11
1548832510033,85.0000000000,11
1548832511030,84.0000000000,11
1548832512029,84.0000000000,11
1548832513026,84.0000000000,11
1548832514024,82.0000000000,11
1548832515020,82.0000000000,11
1548832516019,82.0000000000,11
1548832517016,81.0000000000,11
1548832518013,82.0000000000,11
1548832519509,83.0000000000,11
1548832520008,82.0000000000,11
1548832521006,82.0000000000,11
1548832522003,83.0000000000,11
1548832523001,83.0000000000,11
1548832523998,82.0000000000,11
1548832524996,83.0000000000,11
1548832525993,82.0000000000,11
1548832526991,82.0000000000,11
1548832527988,82.0000000000,11
1548832528985,82.0000000000,11
1548832529984,82.0000000000,11
1548832530981,82.0000000000,11
1548832531978,82.0000000000,11
1548832532976,82.0000000000,11
1548832533972,83.0000000000,11
1548832534971,83.0000000000,11
1548832535968,84.0000000000,11
1548832536966,84.0000000000,11
1548832537963,84.0000000000,11
1548832538961,85.0000000000,11
1548832539958,84.0000000000,11
1548832540956,85.0000000000,11
1548832541954,85.0000000000,11
1548832542951,85.0000000000,11
1548832543948,86.0000000000,11
