timestamp,delta,lowAlpha,highAlpha,lowBeta,highBeta,lowGamma,middleGamma,theta,isValid,pid,new_timestamp,trans_time,new_trans_time
1552624327541,0,0,0,0,0,0,2,2,1,24,0.0,0.0,0.0
1552624328540,0,0,0,0,0,0,0,0,1,24,1552624327541.0,0.999,0.999
1552624329550,44181,45894,11075,26972,5051,3425,431816,83152,1,24,1552624328540.0,1.01,2.009
1552624330688,5673,34780,10883,17649,1814,2467,84599,243877,1,24,1552624329550.0,1.138,3.147
1552624331544,3506,4385,15615,5655,2854,3815,269641,38332,1,24,1552624330688.0,0.856,4.003
1552624332534,9877,11665,2959,4335,3739,2290,94351,24969,1,24,1552624331544.0,0.99,4.993
1552624333518,155,3039,2780,1368,342,582,12127,8442,1,24,1552624332534.0,0.984,5.977
1552624334518,11687,9282,3966,5556,1327,2168,30781,16589,1,24,1552624333518.0,1.0,6.977
1552624335526,4853,1059,3382,2839,594,1135,61384,16408,1,24,1552624334518.0,1.008,7.985
1552624336510,14637,55169,16647,34967,8027,8016,1840535,223428,1,24,1552624335526.0,0.984,8.969
1552624337510,5489,1023,1114,961,720,836,58157,6901,1,24,1552624336510.0,1.0,9.969
1552624338542,581,1147,1391,2046,413,556,4431,8825,1,24,1552624337510.0,1.032,11.001
1552624339494,4776,4022,3673,6424,2309,2643,6352,13642,1,24,1552624338542.0,0.952,11.953
1552624340503,4798,2191,4608,2391,1119,2143,8756,10964,1,24,1552624339494.0,1.009,12.962
1552624341483,9893,2252,3429,3631,2277,1509,1756,3499,1,24,1552624340503.0,0.98,13.942
1552624342499,4304,1382,2536,6136,2513,2535,29082,11924,1,24,1552624341483.0,1.016,14.958
1552624343522,5006,7002,2759,4553,730,821,28286,27957,1,24,1552624342499.0,1.023,15.981
1552624344485,4073,970,5558,2466,1721,1679,7333,10089,1,24,1552624343522.0,0.963,16.944
1552624345474,4845,10164,6192,6474,1170,1624,2720,4938,1,24,1552624344485.0,0.989,17.933
1552624346458,6282,14600,2108,7227,1294,999,2713,13768,1,24,1552624345474.0,0.984,18.917
1552624347475,7386,1975,3352,2964,1779,3216,4535,13367,1,24,1552624346458.0,1.017,19.934
1552624348469,5760,9425,3351,2938,1118,2548,12704,9040,1,24,1552624347475.0,0.994,20.928
1552624349446,3222,5472,6920,2249,2062,3375,7036,11739,1,24,1552624348469.0,0.977,21.905
1552624350468,11812,6813,2358,3216,2166,4969,7447,14373,1,24,1552624349446.0,1.022,22.927
1552624351525,5456,9862,3010,2609,1459,1742,13914,19887,1,24,1552624350468.0,1.057,23.984
1552624352453,4435,5801,1054,2406,95,123,124111,10722,1,24,1552624351525.0,0.928,24.912
1552624353444,5594,8089,3687,3255,1518,2631,4759,38131,1,24,1552624352453.0,0.991,25.903
1552624354459,2855,16656,3310,5389,5361,2610,28721,22883,1,24,1552624353444.0,1.015,26.918
1552624355426,7386,4431,7032,5158,3758,3666,165025,64667,1,24,1552624354459.0,0.967,27.885
1552624356437,12844,5189,6423,1943,2822,4834,956444,17190,1,24,1552624355426.0,1.011,28.896
1552624357434,14069,3019,4639,5562,635,610,102856,42463,1,24,1552624356437.0,0.997,29.893
1552624358414,7647,13118,3688,4291,2234,2241,7495,1737,1,24,1552624357434.0,0.98,30.873
1552624359490,4764,5792,5259,3244,950,1543,11233,2153,1,24,1552624358414.0,1.076,31.949
1552624360434,2961,364,7967,2187,3077,6382,10807,6916,1,24,1552624359490.0,0.944,32.893
1552624361407,4058,7468,2892,9793,983,913,27805,39094,1,24,1552624360434.0,0.973,33.866
1552624362409,646,2747,687,1562,307,448,36046,6595,1,24,1552624361407.0,1.002,34.868
1552624363425,13636,5346,4356,3130,2361,920,10774,4360,1,24,1552624362409.0,1.016,35.884
1552624364410,5302,3696,6643,5982,1234,1234,19919,7467,1,24,1552624363425.0,0.985,36.869
1552624365396,4781,1574,2439,4623,1234,976,4189,15815,1,24,1552624364410.0,0.986,37.855
1552624366397,5099,2686,1516,2181,3084,3791,8042,3761,1,24,1552624365396.0,1.001,38.856
1552624367497,2257,2007,3272,4091,1063,2449,5485,20598,1,24,1552624366397.0,1.1,39.956
1552624368389,1120,1515,3042,8650,1084,2982,2501,6709,1,24,1552624367497.0,0.892,40.848
1552624369384,3488,3197,2204,5902,434,360,82599,25762,1,24,1552624368389.0,0.995,41.843
1552624370374,13520,5627,5248,5887,783,2272,5751,4235,1,24,1552624369384.0,0.99,42.833
1552624371388,7163,15323,5859,6863,1610,2229,6713,7200,1,24,1552624370374.0,1.014,43.847
1552624372357,1871,11435,1494,3036,1279,1075,2945,5039,1,24,1552624371388.0,0.969,44.816
1552624373376,1555,5357,4935,2078,1629,2171,4018,6955,1,24,1552624372357.0,1.019,45.835
1552624374379,6655,5595,5044,2416,597,2053,6084,1872,1,24,1552624373376.0,1.003,46.838
1552624375476,15565,6636,2405,8217,1711,2991,5965,10809,1,24,1552624374379.0,1.097,47.935
1552624376366,1872,6253,3599,5762,1660,1778,6909,8971,1,24,1552624375476.0,0.89,48.825
1552624377350,11468,1358,13914,18025,3262,4957,224911,15398,1,24,1552624376366.0,0.984,49.809
1552624378341,1444,9784,7613,5576,2966,1761,9227,20458,1,24,1552624377350.0,0.991,50.8
1552624379351,3551,1885,5399,2484,1206,1401,27671,10023,1,24,1552624378341.0,1.01,51.81
1552624380337,4066,1944,3288,1711,878,1937,19383,3560,1,24,1552624379351.0,0.986,52.796
1552624381323,57072,65753,43941,67242,8456,18673,98988,188564,1,24,1552624380337.0,0.986,53.782
1552624382341,9711,9246,3138,3383,3068,3879,1893163,59040,1,24,1552624381323.0,1.018,54.8
1552624383515,28425,29420,10608,36741,14949,10497,392082,72137,1,24,1552624382341.0,1.174,55.974
1552624384312,6245,7052,8906,3085,9971,6561,147458,25475,1,24,1552624383515.0,0.797,56.771
1552624385317,77669,70569,40581,219300,17357,32348,724903,916509,1,24,1552624384312.0,1.005,57.776
1552624386300,30776,59419,41916,34495,30414,11053,1960079,130110,1,24,1552624385317.0,0.983,58.759
1552624387307,1185,1030,990,1434,1567,1913,79811,12165,1,24,1552624386300.0,1.007,59.766
1552624388392,6528,5485,9883,2882,6530,3153,121125,46224,1,24,1552624387307.0,1.085,60.851
1552624389313,1817,2304,7767,6068,2000,1114,7400,6218,1,24,1552624388392.0,0.921,61.772
1552624390291,3422,1452,4115,1400,1408,2954,11485,4235,1,24,1552624389313.0,0.978,62.75
1552624391400,7937,3908,1625,3288,614,240,63436,35858,1,24,1552624390291.0,1.109,63.859
1552624392276,10462,8430,4304,7218,3150,2212,51818,40230,1,24,1552624391400.0,0.876,64.735
1552624393287,16851,10125,6697,6506,3078,2151,13043,10441,1,24,1552624392276.0,1.011,65.746
1552624394285,17482,4827,4184,2699,2079,2459,12022,8192,1,24,1552624393287.0,0.998,66.744
1552624395270,40578,81182,11714,29534,2606,2946,23341,115700,1,24,1552624394285.0,0.985,67.729
1552624396329,3311,918,2243,3843,619,1457,304383,10530,1,24,1552624395270.0,1.059,68.788
1552624397271,25673,11287,7877,9393,4044,1634,76990,48749,1,24,1552624396329.0,0.942,69.73
1552624398255,720,2325,913,863,682,866,9209,3111,1,24,1552624397271.0,0.984,70.714
1552624399259,23243,46263,11013,20337,9314,14013,2382284,276090,1,24,1552624398255.0,1.004,71.718
1552624400260,17865,8467,4777,5253,4273,6991,937411,76653,1,24,1552624399259.0,1.001,72.719
1552624401271,7660,9782,9101,5064,4810,2089,27653,14054,1,24,1552624400260.0,1.011,73.73
1552624402245,4663,12220,2009,3528,516,562,383349,24336,1,24,1552624401271.0,0.974,74.704
1552624403250,6240,9932,1851,3219,701,1112,953869,82375,1,24,1552624402245.0,1.005,75.709
1552624404311,1947,3173,883,1108,481,132,320646,23567,1,24,1552624403250.0,1.061,76.77
1552624405257,1351,2862,1714,2578,2013,1248,783912,40520,1,24,1552624404311.0,0.946,77.716
1552624406235,35287,31816,24827,20171,11328,3290,158218,221671,1,24,1552624405257.0,0.978,78.694
1552624407220,4407,5940,2128,1291,1188,719,28881,8316,1,24,1552624406235.0,0.985,79.679
1552624408226,358,1010,973,1084,766,253,6779,1334,1,24,1552624407220.0,1.006,80.685
1552624409222,6918,19818,2763,8027,2573,1755,10248,4497,1,24,1552624408226.0,0.996,81.681
1552624410230,10666,7017,6877,5081,6027,6184,35532,18553,1,24,1552624409222.0,1.008,82.689
1552624411226,22705,70114,7138,18663,6159,4165,582282,215374,1,24,1552624410230.0,0.996,83.685
1552624412278,1899,2220,611,1850,312,335,72549,22208,1,24,1552624411226.0,1.052,84.737
1552624413205,649,12563,7440,3541,1465,2650,79970,9859,1,24,1552624412278.0,0.927,85.664
1552624414204,47735,4879,7310,4919,6625,7381,489087,57496,1,24,1552624413205.0,0.999,86.663
1552624415190,11268,25977,9551,17536,5023,4916,420251,43083,1,24,1552624414204.0,0.986,87.649
1552624416191,3186,3637,1019,6336,1907,4067,269530,55368,1,24,1552624415190.0,1.001,88.65
1552624417190,1902,674,2559,1089,2178,1514,107803,15465,1,24,1552624416191.0,0.999,89.649
1552624418182,2487,4616,5727,2415,5088,2171,350197,11328,1,24,1552624417190.0,0.992,90.641
1552624419190,7382,28347,7224,8823,5735,5920,235438,160267,1,24,1552624418182.0,1.008,91.649
1552624420288,2474,1102,990,543,477,1456,7501,1053,1,24,1552624419190.0,1.098,92.747
1552624421169,1090,2191,504,1009,783,401,1626,866,1,24,1552624420288.0,0.881,93.628
1552624422172,1911,19223,5284,3671,1058,2285,60729,5233,1,24,1552624421169.0,1.003,94.631
1552624423172,22758,6676,4302,11981,8233,2792,962616,12480,1,24,1552624422172.0,1.0,95.631
1552624424158,3437,14456,9453,3703,4908,6542,563143,26332,1,24,1552624423172.0,0.986,96.617
1552624425157,7054,1436,979,837,629,353,13138,2726,1,24,1552624424158.0,0.999,97.616
1552624426149,8898,9828,4430,9578,871,1267,45182,9942,1,24,1552624425157.0,0.992,98.608
1552624427144,20241,28994,5533,5778,1073,3795,145386,63967,1,24,1552624426149.0,0.995,99.603
1552624428307,1602,31770,2600,5862,1316,1856,61777,56399,1,24,1552624427144.0,1.163,100.766
1552624429131,8858,6029,3443,2348,2025,2460,44427,14729,1,24,1552624428307.0,0.824,101.59
1552624430134,16165,28985,12186,31599,8086,14006,226957,195753,1,24,1552624429131.0,1.003,102.593
1552624431136,27313,98793,56956,40201,8881,14749,1377502,92574,1,24,1552624430134.0,1.002,103.595
1552624432129,13928,3712,2933,3093,3145,3149,298207,9317,1,24,1552624431136.0,0.993,104.588
1552624433134,101726,155398,52438,127350,84121,126405,1249010,1048453,1,24,1552624432129.0,1.005,105.593
1552624434138,4805,38422,4275,12210,8357,10223,684787,110934,1,24,1552624433134.0,1.004,106.597
1552624435125,20538,132992,14664,17884,16157,9796,613744,281801,1,24,1552624434138.0,0.987,107.584
1552624436278,156010,147019,62226,154449,14946,30473,1526504,256554,1,24,1552624435125.0,1.153,108.737
1552624437115,43601,145928,8223,23375,4853,7081,1524542,58283,1,24,1552624436278.0,0.837,109.574
1552624438119,12581,23763,3428,9918,1883,999,85789,34167,1,24,1552624437115.0,1.004,110.578
1552624439130,93576,234211,35213,65284,12592,11932,3091116,88816,1,24,1552624438119.0,1.011,111.589
1552624440109,103172,94638,16546,17370,14168,10814,1603985,329080,1,24,1552624439130.0,0.979,112.568
1552624441128,26479,2487,11377,12916,11829,20662,899547,171743,1,24,1552624440109.0,1.019,113.587
1552624442107,37654,67126,7464,5319,2784,11468,1121501,150512,1,24,1552624441128.0,0.979,114.566
1552624443096,19397,25998,4955,5249,4226,5959,590439,238693,1,24,1552624442107.0,0.989,115.555
1552624444075,22542,27809,18412,22085,9778,5655,803674,87027,1,24,1552624443096.0,0.979,116.534
1552624445098,7534,26657,14176,15792,4577,4986,1194117,97981,1,24,1552624444075.0,1.023,117.557
1552624446065,71472,118776,16281,56607,17028,14642,1278924,234788,1,24,1552624445098.0,0.967,118.524
1552624447084,18673,34268,9716,5695,5853,7935,1130202,176068,1,24,1552624446065.0,1.019,119.543
1552624448083,82825,57285,23069,80243,4582,14184,1096170,339628,1,24,1552624447084.0,0.999,120.542
1552624449098,4817,8963,3749,7326,918,1564,797128,28702,1,24,1552624448083.0,1.015,121.557
1552624450073,2611,7222,18230,14132,6256,6353,390718,43024,1,24,1552624449098.0,0.975,122.532
1552624451077,87735,85759,11537,67228,14666,11541,378799,502120,1,24,1552624450073.0,1.004,123.536
1552624452043,6638,20807,3650,4067,3471,2108,91871,39000,1,24,1552624451077.0,0.966,124.502
1552624453042,6828,471,1789,1726,1329,1370,17045,8486,1,24,1552624452043.0,0.999,125.501
1552624454053,32326,52287,13672,16401,10335,22793,1099879,437754,1,24,1552624453042.0,1.011,126.512
1552624455033,61386,199750,44204,38846,23947,16312,1293997,272266,1,24,1552624454053.0,0.98,127.492
1552624456034,8562,4439,3969,3324,3035,3366,288344,30039,1,24,1552624455033.0,1.001,128.493
1552624457090,34982,109130,50100,81128,22766,45055,2026843,998159,1,24,1552624456034.0,1.056,129.549
1552624458018,34113,20743,12602,13981,2473,6600,893138,47762,1,24,1552624457090.0,0.928,130.477
1552624459027,10084,2779,1149,6199,1293,1517,41918,50417,1,24,1552624458018.0,1.009,131.486
1552624460040,52227,166410,48614,43522,42323,46867,2560577,385821,1,24,1552624459027.0,1.013,132.499
1552624461026,23536,62175,17792,14759,14507,11851,563141,139926,1,24,1552624460040.0,0.986,133.485
1552624462017,19872,5300,5126,3780,11859,6579,1556864,125917,1,24,1552624461026.0,0.991,134.476
1552624463015,5946,5931,7634,15757,6994,4862,506134,103743,1,24,1552624462017.0,0.998,135.474
1552624463996,1283,3205,1213,1949,156,737,423674,69586,1,24,1552624463015.0,0.981,136.455
1552624465093,16270,22852,2053,6575,1761,1364,997612,38717,1,24,1552624463996.0,1.097,137.552
1552624466009,58494,70739,19987,25578,2936,6770,617224,170528,1,24,1552624465093.0,0.916,138.468
1552624466991,59197,146977,26195,33517,46372,31290,3179613,631711,1,24,1552624466009.0,0.982,139.45
1552624468010,21096,103275,24616,36765,9958,8668,1012242,69396,1,24,1552624466991.0,1.019,140.469
1552624468983,27775,20963,4511,39013,4196,3301,1046329,68294,1,24,1552624468010.0,0.973,141.442
1552624469976,3551,6098,4092,6526,5058,1998,988539,63332,1,24,1552624468983.0,0.993,142.435
1552624470975,153508,75795,33586,18020,22010,14939,1188979,77336,1,24,1552624469976.0,0.999,143.434
1552624471984,134471,113877,9223,78813,28634,27096,2066715,99427,1,24,1552624470975.0,1.009,144.443
1552624473128,55195,96898,20224,83459,14714,18484,1141199,769391,1,24,1552624471984.0,1.144,145.587
1552624473968,7470,10028,4778,2714,1271,2210,315200,28353,1,24,1552624473128.0,0.84,146.427
1552624474955,10578,32205,5811,7025,846,1861,726324,82668,1,24,1552624473968.0,0.987,147.414
1552624475978,6653,6876,1639,2924,1287,1482,197086,19329,1,24,1552624474955.0,1.023,148.437
1552624476975,2549,29220,4051,2510,745,1421,359158,35907,1,24,1552624475978.0,0.997,149.434
1552624477958,18203,40480,9563,7384,4163,3855,293032,79712,1,24,1552624476975.0,0.983,150.417
1552624478962,33215,67619,19294,107900,33234,14877,2957097,64863,1,24,1552624477958.0,1.004,151.421
1552624479973,15364,30751,17217,10123,5931,8175,146983,19165,1,24,1552624478962.0,1.011,152.432
1552624481073,5542,6087,13744,4649,6093,6469,63460,26307,1,24,1552624479973.0,1.1,153.532
1552624481950,20373,14634,11164,8154,3785,18272,203136,26053,1,24,1552624481073.0,0.877,154.409
1552624482934,106124,54225,33169,75178,22446,20776,858244,181719,1,24,1552624481950.0,0.984,155.393
1552624483938,87346,240818,74455,63033,47908,23387,630821,165020,1,24,1552624482934.0,1.004,156.397
1552624484937,6234,12383,5441,8509,2940,1914,251219,13012,1,24,1552624483938.0,0.999,157.396
1552624485955,19354,57090,6463,13698,13633,8509,258548,32834,1,24,1552624484937.0,1.018,158.414
1552624486926,8998,8072,4301,3974,4014,1067,705477,60166,1,24,1552624485955.0,0.971,159.385
1552624487930,34743,6084,3731,6655,1513,3136,1164036,73960,1,24,1552624486926.0,1.004,160.389
1552624489002,4988,36024,5519,7542,2677,3621,1023611,39951,1,24,1552624487930.0,1.072,161.461
1552624489899,17561,17827,1797,6778,1438,996,1236643,28512,1,24,1552624489002.0,0.897,162.358
1552624490921,24938,8386,23409,84149,7455,16784,884938,92272,1,24,1552624489899.0,1.022,163.38
1552624491906,91278,176541,42530,42628,19559,26375,610329,432697,1,24,1552624490921.0,0.985,164.365
1552624492903,8456,13330,5616,4269,1662,2078,603914,54896,1,24,1552624491906.0,0.997,165.362
1552624493907,47762,40032,17648,56952,5323,9807,1543322,132563,1,24,1552624492903.0,1.004,166.366
1552624494871,26615,3049,4732,5047,3919,6959,33515,53548,1,24,1552624493907.0,0.964,167.33
1552624495879,1012757,89159,169765,672453,73057,153387,3485808,1437099,1,24,1552624494871.0,1.008,168.338
1552624497051,4440,1491,2368,2502,1177,1431,32810,26533,1,24,1552624495879.0,1.172,169.51
1552624497862,13231,18504,2383,13488,6042,5042,566960,311013,1,24,1552624497051.0,0.811,170.321
1552624498883,12774,17903,6011,4928,3507,4325,98693,56663,1,24,1552624497862.0,1.021,171.342
1552624499874,8212,12683,6966,5667,1419,1892,179530,140097,1,24,1552624498883.0,0.991,172.333
1552624500872,70233,104470,23770,5077,19611,12566,1951939,138617,1,24,1552624499874.0,0.998,173.331
1552624501888,5653,15593,2347,4150,2748,3783,377893,12419,1,24,1552624500872.0,1.016,174.347
1552624502859,9763,17995,13813,33703,3639,7206,1173715,177966,1,24,1552624501888.0,0.971,175.318
1552624503863,17704,25668,8324,11579,1622,1881,1412995,163653,1,24,1552624502859.0,1.004,176.322
1552624504862,111950,31182,41261,27664,8241,13671,325752,232937,1,24,1552624503863.0,0.999,177.321
1552624505832,5544,26357,20514,10483,11811,3627,1188629,82682,1,24,1552624504862.0,0.97,178.291
1552624506843,6529,9442,881,1072,424,979,197395,26973,1,24,1552624505832.0,1.011,179.302
1552624507849,2815,3336,1265,814,287,542,233281,13634,1,24,1552624506843.0,1.006,180.308
1552624508831,36054,75186,12791,31244,3837,8157,799959,239983,1,24,1552624507849.0,0.982,181.29
1552624509886,63863,60286,27267,117072,11491,38264,2074229,668288,1,24,1552624508831.0,1.055,182.345
1552624510824,307678,377072,199336,172147,115552,158917,3057260,2947856,1,24,1552624509886.0,0.938,183.283
1552624511805,29468,21403,10140,11052,4349,2633,1248781,156867,1,24,1552624510824.0,0.981,184.264
1552624512825,22003,6359,11860,11888,8944,5525,167188,30324,1,24,1552624511805.0,1.02,185.284
1552624513811,49580,31345,8516,18628,22462,2282,1202239,266925,1,24,1552624512825.0,0.986,186.27
1552624514811,11628,15524,8564,16687,2242,2056,642309,124716,1,24,1552624513811.0,1.0,187.27
1552624515814,29192,21765,7693,19700,11028,6066,542065,44132,1,24,1552624514811.0,1.003,188.273
1552624516816,4498,21912,6440,3579,512,1391,275208,53542,1,24,1552624515814.0,1.002,189.275
1552624517912,4971,205094,16412,24678,2833,6926,344408,233724,1,24,1552624516816.0,1.096,190.371
1552624518806,28893,60597,12501,40210,3254,3529,1078049,102002,1,24,1552624517912.0,0.894,191.265
1552624519808,66721,39455,6541,20508,2932,5292,2220139,41940,1,24,1552624518806.0,1.002,192.267
1552624520772,76417,83043,21385,52466,6704,27025,326267,511468,1,24,1552624519808.0,0.964,193.231
1552624521792,4731,2669,2884,4982,1244,902,928168,47955,1,24,1552624520772.0,1.02,194.251
1552624522827,1784,5125,2037,1523,627,999,117480,49328,1,24,1552624521792.0,1.035,195.286
1552624523778,11444,54170,12313,14122,7926,9980,477745,194809,1,24,1552624522827.0,0.951,196.237
1552624524764,17771,9518,7245,6319,1297,3525,552703,30561,1,24,1552624523778.0,0.986,197.223
1552624525879,9955,11347,12186,17899,4353,8495,511463,41133,1,24,1552624524764.0,1.115,198.338
1552624526753,8911,8385,14781,31545,2670,4974,1890075,95144,1,24,1552624525879.0,0.874,199.212
1552624527759,5832,10702,1794,3440,823,1884,242463,20014,1,24,1552624526753.0,1.006,200.218
1552624528741,59123,56974,28740,32888,22460,16677,1558379,544413,1,24,1552624527759.0,0.982,201.2
1552624529737,78395,63768,62811,22920,14072,34923,2526323,839042,1,24,1552624528741.0,0.996,202.196
1552624530765,11673,34284,6558,23993,1121,2362,105280,59724,1,24,1552624529737.0,1.028,203.224
1552624531727,8260,9435,6221,5507,711,952,75782,28350,1,24,1552624530765.0,0.962,204.186
1552624532728,39674,84937,20701,12433,4109,19388,1042051,228638,1,24,1552624531727.0,1.001,205.187
1552624533896,4456,6586,1335,1970,893,680,75947,39870,1,24,1552624532728.0,1.168,206.355
1552624534735,6545,24087,5967,9281,6446,10429,431714,77086,1,24,1552624533896.0,0.839,207.194
1552624535726,186706,610328,82357,77202,55718,70684,2345667,677082,1,24,1552624534735.0,0.991,208.185
1552624536722,6681,8542,5829,5378,4163,1771,164172,47661,1,24,1552624535726.0,0.996,209.181
1552624537706,11010,20397,31323,20589,6803,3027,370188,208093,1,24,1552624536722.0,0.984,210.165
1552624538736,114195,122216,35126,60676,10457,25757,757659,431306,1,24,1552624537706.0,1.03,211.195
1552624539709,70944,96798,44721,63397,8761,13504,2634527,925792,1,24,1552624538736.0,0.973,212.168
1552624540710,33224,22227,6633,59598,5441,1753,549243,263551,1,24,1552624539709.0,1.001,213.169
1552624541696,41792,16431,5395,30387,1576,4061,1932042,84016,1,24,1552624540710.0,0.986,214.155
1552624542716,4028,3557,2137,1592,541,1208,33382,6323,1,24,1552624541696.0,1.02,215.175
1552624543698,45934,36021,18495,8917,4601,4930,1101209,406837,1,24,1552624542716.0,0.982,216.157
1552624544703,21125,46680,31548,51926,7155,10190,812573,139368,1,24,1552624543698.0,1.005,217.162
1552624545688,14142,38646,52162,58389,8663,18131,1567740,449292,1,24,1552624544703.0,0.985,218.147
1552624546688,623836,131646,266627,117011,46986,115412,983443,1876234,1,24,1552624545688.0,1.0,219.147
1552624547669,85253,126850,32518,80283,30671,15206,702026,201038,1,24,1552624546688.0,0.981,220.128
1552624548677,12679,67085,5683,11345,13840,13866,644330,75865,1,24,1552624547669.0,1.008,221.136
1552624549677,21112,4932,8179,8627,2949,10245,1085567,139793,1,24,1552624548677.0,1.0,222.136
1552624550660,24829,34528,11326,49745,13432,7691,2387614,144628,1,24,1552624549677.0,0.983,223.119
1552624551666,72280,208230,43185,89649,13158,20453,786913,377496,1,24,1552624550660.0,1.006,224.125
1552624552652,36136,10300,13751,10182,4991,4831,639388,33796,1,24,1552624551666.0,0.986,225.111
1552624553650,1445,2303,1071,5941,311,273,106221,10737,1,24,1552624552652.0,0.998,226.109
1552624554664,37884,42925,12701,19324,3800,7553,2005705,243716,1,24,1552624553650.0,1.014,227.123
1552624555639,1412,3226,1234,3280,403,930,316711,17584,1,24,1552624554664.0,0.975,228.098
1552624556646,14142,35874,8631,29253,12554,5054,482211,311315,1,24,1552624555639.0,1.007,229.105
1552624557644,9328,52419,11835,7905,4020,11855,671942,62144,1,24,1552624556646.0,0.998,230.103
1552624558648,151185,43184,33394,90650,7534,8185,496608,493272,1,24,1552624557644.0,1.004,231.107
1552624559633,19173,72117,16872,59296,3090,8623,1196715,204216,1,24,1552624558648.0,0.985,232.092
1552624560631,122556,23550,39226,78164,2809,5067,909827,421033,1,24,1552624559633.0,0.998,233.09
1552624561623,211065,51216,142653,175120,8247,28441,1718899,121917,1,24,1552624560631.0,0.992,234.082
1552624562637,123959,65235,73068,40368,20635,22279,1682127,236887,1,24,1552624561623.0,1.014,235.096
1552624563629,10079,28514,3227,9079,854,2932,1234439,72741,1,24,1552624562637.0,0.992,236.088
1552624564606,14524,10573,4699,10965,2068,1053,923069,68771,1,24,1552624563629.0,0.977,237.065
1552624565606,10909,4719,8206,7123,4333,9341,1225403,29783,1,24,1552624564606.0,1.0,238.065
1552624566605,7625,5283,4341,6929,4029,5002,188712,76722,1,24,1552624565606.0,0.999,239.064
1552624567611,27873,4514,7198,3772,7885,6829,854293,166587,1,24,1552624566605.0,1.006,240.07
1552624568592,10209,8715,2516,2747,663,514,1289203,18322,1,24,1552624567611.0,0.981,241.051
1552624569603,8747,3868,2118,4524,2788,2884,93634,17707,1,24,1552624568592.0,1.011,242.062
1552624570602,74449,266319,24620,35279,19648,26554,883576,290659,1,24,1552624569603.0,0.999,243.061
1552624571569,7749,9903,5130,10623,5696,5783,801804,32197,1,24,1552624570602.0,0.967,244.028
1552624572574,20846,34756,8129,5256,2928,4850,303055,26202,1,24,1552624571569.0,1.005,245.033
1552624573591,17579,13175,13102,16078,6261,10069,1142616,47640,1,24,1552624572574.0,1.017,246.05
1552624574557,22378,57760,35231,20418,5068,14034,1449355,179417,1,24,1552624573591.0,0.966,247.016
1552624575617,12189,4803,11170,13253,2942,8510,292447,62126,1,24,1552624574557.0,1.06,248.076
1552624576582,11853,22945,17146,22432,2524,1985,39186,96313,1,24,1552624575617.0,0.965,249.041
1552624577570,8307,8640,1316,2647,1237,2464,833026,12200,1,24,1552624576582.0,0.988,250.029
1552624578553,5525,1801,1487,2562,1400,970,80157,25308,1,24,1552624577570.0,0.983,251.012
1552624579552,20578,28773,6334,5816,4801,7179,206942,140669,1,24,1552624578553.0,0.999,252.011
1552624580552,13251,14945,3715,8609,2495,4741,327243,104933,1,24,1552624579552.0,1.0,253.011
1552624581541,25854,65852,12771,20199,3548,4602,992282,47048,1,24,1552624580552.0,0.989,254.0
1552624582546,11896,7389,6971,8436,5304,6306,550069,287209,1,24,1552624581541.0,1.005,255.005
1552624583528,1878,2950,1399,3199,483,1482,77169,7629,1,24,1552624582546.0,0.982,255.987
1552624584529,34669,18589,28887,24181,4735,6462,704648,169742,1,24,1552624583528.0,1.001,256.988
1552624585534,6814,13137,2256,4560,248,504,1046761,41043,1,24,1552624584529.0,1.005,257.993
1552624586518,1045,2131,2447,2449,313,398,277451,7687,1,24,1552624585534.0,0.984,258.977
1552624587532,10512,234747,49041,58837,10164,10268,1294633,914724,1,24,1552624586518.0,1.014,259.991
1552624588519,6451,12232,13760,16482,2265,8622,3960074,57999,1,24,1552624587532.0,0.987,260.978
1552624589502,20238,16206,12293,12560,1607,7537,162485,53034,1,24,1552624588519.0,0.983,261.961
1552624590507,15517,103238,13958,22501,8515,5874,1155909,221129,1,24,1552624589502.0,1.005,262.966
1552624591512,2410,24903,6809,3376,2235,2337,279882,139405,1,24,1552624590507.0,1.005,263.971
1552624592511,33128,55285,29150,49478,24133,12592,1462614,466848,1,24,1552624591512.0,0.999,264.97
1552624593494,39164,350032,40741,16748,12612,37103,2077977,516590,1,24,1552624592511.0,0.983,265.953
1552624594485,101601,31211,46288,9736,10548,15766,1484368,248802,1,24,1552624593494.0,0.991,266.944
1552624595498,3248,15952,3410,483,1325,4264,467392,4399,1,24,1552624594485.0,1.013,267.957
1552624596488,37377,1697,17553,48674,9378,7665,1543600,176401,1,24,1552624595498.0,0.99,268.947
1552624597491,8653,31149,4966,8561,6161,3048,513856,67215,1,24,1552624596488.0,1.003,269.95
1552624598480,12491,23862,12663,6930,3002,4180,619024,56372,1,24,1552624597491.0,0.989,270.939
1552624599492,40686,52396,12605,6697,22733,9952,1983449,385581,1,24,1552624598480.0,1.012,271.951
1552624600473,3939,18486,2440,7439,1621,1481,112328,47652,1,24,1552624599492.0,0.981,272.932
1552624601463,5341,12014,8226,8556,1301,5442,368677,53031,1,24,1552624600473.0,0.99,273.922
1552624602469,4421,42025,9538,9747,2633,4505,744870,38623,1,24,1552624601463.0,1.006,274.928
1552624603445,30228,27398,22503,28279,6857,9318,595813,222828,1,24,1552624602469.0,0.976,275.904
1552624604453,72564,20833,40471,60865,11611,16480,1298440,56742,1,24,1552624603445.0,1.008,276.912
1552624605433,19052,1761,7896,17556,3354,3986,1055611,66574,1,24,1552624604453.0,0.98,277.892
1552624606436,15118,10063,21426,24744,3317,4217,2183299,174575,1,24,1552624605433.0,1.003,278.895
1552624607437,19738,28404,20205,15024,5003,9131,2268087,234949,1,24,1552624606436.0,1.001,279.896
1552624608419,14332,18911,16369,33098,4960,3981,1659798,367399,1,24,1552624607437.0,0.982,280.878
1552624609444,18792,17724,2788,9879,2550,2568,457479,58218,1,24,1552624608419.0,1.025,281.903
1552624610426,93051,27687,63683,29852,16441,28838,822143,28680,1,24,1552624609444.0,0.982,282.885
1552624611428,1784,4588,2694,3588,811,1254,964879,13843,1,24,1552624610426.0,1.002,283.887
1552624612428,1475,3088,1913,6415,558,641,147371,10891,1,24,1552624611428.0,1.0,284.887
1552624613415,47028,47981,17788,25743,16720,5860,1937975,97831,1,24,1552624612428.0,0.987,285.874
1552624614416,56033,110183,34599,71255,15811,30320,946826,214816,1,24,1552624613415.0,1.001,286.875
1552624615418,11818,5458,5776,5112,4036,11919,563570,14734,1,24,1552624614416.0,1.002,287.877
1552624616404,99507,15271,26852,26688,17111,17989,1029614,347969,1,24,1552624615418.0,0.986,288.863
1552624617406,16263,8574,10249,8659,8582,8945,1088892,157134,1,24,1552624616404.0,1.002,289.865
1552624618388,55122,140915,48977,38619,11805,11734,1847305,670706,1,24,1552624617406.0,0.982,290.847
1552624619410,163396,103623,249552,142448,63303,91915,1080401,883662,1,24,1552624618388.0,1.022,291.869
1552624620376,168593,342935,50758,51681,43339,50046,756464,1178444,1,24,1552624619410.0,0.966,292.835
1552624621398,43739,26347,8162,14819,6699,5824,440360,128006,1,24,1552624620376.0,1.022,293.857
1552624622416,5349,14302,8522,12795,2216,5780,1857087,97174,1,24,1552624621398.0,1.018,294.875
1552624623380,36787,62219,9586,8905,5533,6729,533490,137788,1,24,1552624622416.0,0.964,295.839
1552624624372,15772,13733,6109,7429,6599,3665,230532,126831,1,24,1552624623380.0,0.992,296.831
1552624625368,6554,2737,4045,3214,846,1704,17304,22555,1,24,1552624624372.0,0.996,297.827
1552624626372,7032,11624,6943,7771,3188,2430,525681,10279,1,24,1552624625368.0,1.004,298.831
1552624627382,5605,6936,5772,2556,448,1423,164725,51590,1,24,1552624626372.0,1.01,299.841
1552624628343,9670,33145,8571,4955,1744,2252,26572,21023,1,24,1552624627382.0,0.961,300.802
1552624629346,15702,54758,5212,11950,2423,2284,169691,80343,1,24,1552624628343.0,1.003,301.805
1552624630363,4068,9464,2554,2141,304,1358,74644,65264,1,24,1552624629346.0,1.017,302.822
1552624631349,5577,3916,9179,8006,3396,3653,98523,32854,1,24,1552624630363.0,0.986,303.808
1552624632352,4088,6433,7064,12944,1841,2626,125619,49473,1,24,1552624631349.0,1.003,304.811
1552624633352,3887,4096,3714,3258,1767,4049,62148,53457,1,24,1552624632352.0,1.0,305.811
1552624634337,61586,96092,10928,16944,4122,3455,96390,99404,1,24,1552624633352.0,0.985,306.796
1552624635337,19629,24255,10731,8267,4633,6517,1541775,148379,1,24,1552624634337.0,1.0,307.796
1552624636345,1656,3767,632,652,386,634,11165,9852,1,24,1552624635337.0,1.008,308.804
1552624637313,12772,2955,5282,4593,2786,2584,25321,12677,1,24,1552624636345.0,0.968,309.772
1552624638327,8880,7034,7614,5621,4717,7869,9257,48359,1,24,1552624637313.0,1.014,310.786
1552624639332,4136,3255,992,2740,351,659,3238,3770,1,24,1552624638327.0,1.005,311.791
1552624640303,65448,46782,13666,24868,4457,4096,265268,179359,1,24,1552624639332.0,0.971,312.762
1552624641320,66453,54635,7105,82180,2186,6704,1754173,168870,1,24,1552624640303.0,1.017,313.779
1552624642318,7524,15383,5324,5783,2215,2400,890214,19025,1,24,1552624641320.0,0.998,314.777
1552624643284,11192,4999,7197,6097,2211,3718,597624,97442,1,24,1552624642318.0,0.966,315.743
1552624644297,5946,11354,2297,3946,476,2489,91709,35319,1,24,1552624643284.0,1.013,316.756
1552624645273,4864,21143,8708,3774,7881,9813,59131,64887,1,24,1552624644297.0,0.976,317.732
1552624646276,288107,84102,130763,64012,37399,22290,1580291,440304,1,24,1552624645273.0,1.003,318.735
1552624647297,8860,1800,1760,5422,3041,1723,764723,28746,1,24,1552624646276.0,1.021,319.756
1552624648279,27435,19085,6707,7603,4604,3889,862257,44099,1,24,1552624647297.0,0.982,320.738
1552624649265,9218,14322,4854,12050,3132,3870,326180,57538,1,24,1552624648279.0,0.986,321.724
1552624650267,30432,41228,13139,13356,18777,24930,395221,360631,1,24,1552624649265.0,1.002,322.726
1552624651268,40586,34479,18510,31681,7429,18377,618290,77462,1,24,1552624650267.0,1.001,323.727
1552624652256,8507,6113,2837,3753,1037,1548,210243,34193,1,24,1552624651268.0,0.988,324.715
1552624653258,133924,112413,37538,34821,16704,56633,913879,163649,1,24,1552624652256.0,1.002,325.717
1552624654264,7679,5827,8644,9788,832,1610,154918,54631,1,24,1552624653258.0,1.006,326.723
1552624655246,5174,3876,3560,3506,382,2636,775700,8744,1,24,1552624654264.0,0.982,327.705
1552624656266,21360,18984,5893,18270,2562,4695,2876482,33851,1,24,1552624655246.0,1.02,328.725
1552624657246,4999,5194,2553,3616,141,842,169407,6226,1,24,1552624656266.0,0.98,329.705
1552624658235,20379,34949,37809,9616,9500,12817,1351841,423528,1,24,1552624657246.0,0.989,330.694
1552624659237,56417,9491,41342,39848,3489,4007,870672,197741,1,24,1552624658235.0,1.002,331.696
1552624660237,8002,12916,6513,14435,1596,2868,132628,30731,1,24,1552624659237.0,1.0,332.696
1552624661229,9876,7511,4628,8596,1258,3487,1192675,17805,1,24,1552624660237.0,0.992,333.688
1552624662225,31385,36873,4550,15036,2645,5013,385945,131457,1,24,1552624661229.0,0.996,334.684
1552624663227,37009,15811,19904,7197,6177,5682,294404,70678,1,24,1552624662225.0,1.002,335.686
1552624664229,15086,6327,19268,17097,7521,9058,258850,101959,1,24,1552624663227.0,1.002,336.688
1552624665196,17564,3194,16182,18520,3834,5610,2129437,73534,1,24,1552624664229.0,0.967,337.655
1552624666213,8934,18276,3915,3003,1079,864,461579,17295,1,24,1552624665196.0,1.017,338.672
1552624667217,6559,7039,5972,5798,2465,3514,238808,55810,1,24,1552624666213.0,1.004,339.676
1552624668183,117933,163458,77350,126051,15210,28689,806743,112568,1,24,1552624667217.0,0.966,340.642
1552624669220,29564,22408,9078,10388,2409,2319,2930220,111141,1,24,1552624668183.0,1.037,341.679
1552624670205,34575,6792,4845,12491,4286,4575,949043,32888,1,24,1552624669220.0,0.985,342.664
1552624671206,5926,16689,2534,3231,511,1741,912748,56652,1,24,1552624670205.0,1.001,343.665
1552624672173,78857,6947,71011,93948,18560,18547,1688190,290429,1,24,1552624671206.0,0.967,344.632
1552624673196,15991,902,3869,10373,691,960,912044,29648,1,24,1552624672173.0,1.023,345.655
1552624674162,4676,2764,1607,1361,416,1104,72012,20282,1,24,1552624673196.0,0.966,346.621
1552624675167,31859,42150,11697,12176,2949,3384,699745,186866,1,24,1552624674162.0,1.005,347.626
1552624676177,9472,8236,6141,4491,608,794,811456,9548,1,24,1552624675167.0,1.01,348.636
1552624677150,1768,1827,2778,5133,1939,919,136858,5593,1,24,1552624676177.0,0.973,349.609
1552624678173,21802,19556,14074,6489,2905,2958,1393510,78406,1,24,1552624677150.0,1.023,350.632
1552624679156,65734,25468,16297,29458,1649,4110,693448,187787,1,24,1552624678173.0,0.983,351.615
1552624680156,16589,233151,48893,111284,12893,40137,2544108,560783,1,24,1552624679156.0,1.0,352.615
1552624681145,211314,120192,24216,90644,18333,13838,766022,129388,1,24,1552624680156.0,0.989,353.604
1552624682146,23516,10758,5202,6166,1999,2367,468974,52137,1,24,1552624681145.0,1.001,354.605
1552624683148,5203,6718,1354,1583,948,792,148062,10614,1,24,1552624682146.0,1.002,355.607
1552624684130,4048,684,1995,3337,924,895,91249,72295,1,24,1552624683148.0,0.982,356.589
1552624685135,3358,456,2746,2257,1438,1405,875458,11628,1,24,1552624684130.0,1.005,357.594
1552624686122,9601,9595,9545,9072,1240,3014,1234278,110085,1,24,1552624685135.0,0.987,358.581
1552624687115,19897,13552,3466,2630,862,1255,35537,74381,1,24,1552624686122.0,0.993,359.574
1552624688125,11042,12839,15396,7881,5863,4967,1563385,123427,1,24,1552624687115.0,1.01,360.584
1552624689124,7843,9448,11321,9403,5658,10924,937733,133428,1,24,1552624688125.0,0.999,361.583
1552624690121,23230,404,28426,51078,31744,29225,1641861,196901,1,24,1552624689124.0,0.997,362.58
1552624691093,5295,2568,1501,1687,676,1064,250795,4192,1,24,1552624690121.0,0.972,363.552
1552624692098,6916,12820,3180,2283,2663,4745,455018,67750,1,24,1552624691093.0,1.005,364.557
1552624693101,90018,143707,16539,19304,14078,23376,793553,979328,1,24,1552624692098.0,1.003,365.56
1552624694098,11011,15165,4440,3879,1202,1151,551209,26424,1,24,1552624693101.0,0.997,366.557
1552624695104,11179,17873,5647,13837,1951,4026,383466,155183,1,24,1552624694098.0,1.006,367.563
1552624696105,51376,43826,6881,17081,3624,8359,850385,68953,1,24,1552624695104.0,1.001,368.564
1552624697089,28490,26959,23679,6794,10457,20551,2180515,62797,1,24,1552624696105.0,0.984,369.548
1552624698080,23540,19868,10418,19027,3452,6111,98198,84900,1,24,1552624697089.0,0.991,370.539
1552624699095,7561,36264,15126,23692,18104,9242,2022330,115085,1,24,1552624698080.0,1.015,371.554
1552624700063,13812,5776,4795,6742,4214,2776,604925,67035,1,24,1552624699095.0,0.968,372.522
1552624701081,2202,5188,8962,10041,2648,3732,58438,26869,1,24,1552624700063.0,1.018,373.54
1552624702081,62126,33525,26005,53397,27007,12080,2473163,558387,1,24,1552624701081.0,1.0,374.54
1552624703056,2244,3855,1820,1973,1386,1387,775112,61000,1,24,1552624702081.0,0.975,375.515
1552624704072,108036,69667,18218,45771,20270,27341,1599187,794868,1,24,1552624703056.0,1.016,376.531
1552624705039,26643,6834,4930,7251,4317,2689,1067031,50659,1,24,1552624704072.0,0.967,377.498
1552624706040,350495,68214,53242,198646,15726,41882,2504902,508699,1,24,1552624705039.0,1.001,378.499
1552624707041,16185,44381,8304,2772,4131,2087,487046,77056,1,24,1552624706040.0,1.001,379.5
1552624708029,10852,4739,5480,13207,4199,6138,2620349,40487,1,24,1552624707041.0,0.988,380.488
1552624709028,7081,21930,14050,11727,2008,3786,878077,129525,1,24,1552624708029.0,0.999,381.487
1552624710047,1701,2387,1510,1865,934,1348,58416,31920,1,24,1552624709028.0,1.019,382.506
1552624711032,201658,92884,31768,40124,17592,40801,1038524,156162,1,24,1552624710047.0,0.985,383.491
1552624712034,16113,25085,7796,7468,4900,5016,978252,45757,1,24,1552624711032.0,1.002,384.493
1552624713017,2819,4829,5930,3927,4048,5226,633823,51053,1,24,1552624712034.0,0.983,385.476
1552624714002,44860,41728,52750,41851,2346,12156,1139821,48286,1,24,1552624713017.0,0.985,386.461
1552624715022,13549,1475,7882,6035,1569,4826,1082589,53548,1,24,1552624714002.0,1.02,387.481
1552624716016,7479,1971,1109,1451,216,216,592813,7695,1,24,1552624715022.0,0.994,388.475
1552624716993,29506,45890,35982,16513,2319,2435,1441239,235985,1,24,1552624716016.0,0.977,389.452
1552624718016,70415,56239,34700,49372,15732,5836,973829,125139,1,24,1552624716993.0,1.023,390.475
1552624719015,24127,60452,20023,30087,27764,9561,1368709,257850,1,24,1552624718016.0,0.999,391.474
1552624719982,74760,22538,18552,69920,4010,1653,470843,211512,1,24,1552624719015.0,0.967,392.441
1552624721005,10737,17300,7427,8686,1128,2022,272429,65185,1,24,1552624719982.0,1.023,393.464
1552624721994,63143,89388,21234,21487,7350,24045,1607384,192615,1,24,1552624721005.0,0.989,394.453
1552624722988,3015,499,3395,2689,1811,1369,122179,24139,1,24,1552624721994.0,0.994,395.447
1552624723977,36059,37301,10897,20010,5940,5334,1150470,39624,1,24,1552624722988.0,0.989,396.436
1552624724973,7198,5256,8443,42052,3229,7216,479959,92054,1,24,1552624723977.0,0.996,397.432
1552624725978,35136,9226,18492,32757,6787,10562,2000899,65898,1,24,1552624724973.0,1.005,398.437
1552624726978,21011,27568,7630,8153,9278,16148,726040,68456,1,24,1552624725978.0,1.0,399.437
1552624727963,21670,18437,16091,19164,2388,6979,557501,318339,1,24,1552624726978.0,0.985,400.422
1552624728966,12280,9214,10049,8058,2459,12283,896786,179872,1,24,1552624727963.0,1.003,401.425
1552624729951,11228,17206,10299,14789,7446,3927,700440,190787,1,24,1552624728966.0,0.985,402.41
1552624730945,36896,29942,17684,17351,4155,4246,852211,66365,1,24,1552624729951.0,0.994,403.404
1552624731960,11651,38036,7310,18149,4066,4808,1675267,80649,1,24,1552624730945.0,1.015,404.419
1552624732955,27906,84275,41367,86048,5440,10690,1931224,171072,1,24,1552624731960.0,0.995,405.414
1552624733924,25522,65022,22439,61875,8215,10049,1130624,375386,1,24,1552624732955.0,0.969,406.383
1552624734922,9134,19806,7278,16439,1814,3967,859962,78795,1,24,1552624733924.0,0.998,407.381
1552624735932,25322,28116,34579,70057,18559,34047,1379798,396963,1,24,1552624734922.0,1.01,408.391
1552624736932,8133,785,2805,4109,904,1087,172632,28828,1,24,1552624735932.0,1.0,409.391
1552624737913,16126,17129,8733,5825,2860,11212,566315,70954,1,24,1552624736932.0,0.981,410.372
1552624738936,79745,57387,45830,52869,28937,24237,2580360,262604,1,24,1552624737913.0,1.023,411.395
1552624739902,4778,22628,21320,17887,7093,10083,809593,192706,1,24,1552624738936.0,0.966,412.361
1552624740961,40886,59816,45500,66090,28964,22725,2406307,131563,1,24,1552624739902.0,1.059,413.42
1552624741930,7918,14305,3132,2064,5450,9788,395542,44208,1,24,1552624740961.0,0.969,414.389
1552624742891,16061,31667,11045,21926,2201,3417,2100987,74120,1,24,1552624741930.0,0.961,415.35
1552624743909,66326,20726,22907,40267,4718,9533,643591,85251,1,24,1552624742891.0,1.018,416.368
1552624744894,45137,40468,18220,25803,10177,38177,897563,78782,1,24,1552624743909.0,0.985,417.353
1552624745881,23446,28020,20246,37220,5852,13347,1331657,48037,1,24,1552624744894.0,0.987,418.34
1552624746900,2758,6386,6680,3055,1613,4497,282042,36708,1,24,1552624745881.0,1.019,419.359
1552624747884,13360,5324,5492,6057,901,3145,142254,58116,1,24,1552624746900.0,0.984,420.343
1552624748910,35023,97279,45968,10354,8878,9268,1175749,206988,1,24,1552624747884.0,1.026,421.369
1552624749871,2823,6446,2048,2535,506,435,52309,17717,1,24,1552624748910.0,0.961,422.33
1552624750872,15260,12331,9258,16696,6589,7542,1470321,64249,1,24,1552624749871.0,1.001,423.331
1552624751858,55213,20448,8458,16801,8257,5511,906105,102137,1,24,1552624750872.0,0.986,424.317
1552624752863,24037,64465,12278,15511,9307,4214,854222,312222,1,24,1552624751858.0,1.005,425.322
1552624753847,8936,20601,3208,2375,2353,4534,315257,15733,1,24,1552624752863.0,0.984,426.306
1552624754864,47337,30472,26637,51009,14448,14885,1218442,373344,1,24,1552624753847.0,1.017,427.323
1552624755848,5595,4276,6600,4034,1106,1037,260339,8091,1,24,1552624754864.0,0.984,428.307
1552624756854,13061,24510,7213,4697,646,3214,440427,178451,1,24,1552624755848.0,1.006,429.313
1552624757870,3866,1334,696,1061,2178,1145,29514,5999,1,24,1552624756854.0,1.016,430.329
1552624758839,26665,51765,20216,7225,5115,11020,459080,567126,1,24,1552624757870.0,0.969,431.298
1552624759846,18519,20747,16097,37052,9246,18629,1234323,316485,1,24,1552624758839.0,1.007,432.305
1552624760840,39649,116646,49534,47475,28736,30950,1410247,228482,1,24,1552624759846.0,0.994,433.299
1552624761831,24302,52151,18404,6060,20306,14811,558569,303051,1,24,1552624760840.0,0.991,434.29
1552624762825,20534,22302,36813,19667,29244,15220,1704988,395860,1,24,1552624761831.0,0.994,435.284
1552624763821,26422,36929,4061,7388,2030,3718,1098026,81924,1,24,1552624762825.0,0.996,436.28
1552624764814,27415,42159,7245,24199,3549,4893,819855,75017,1,24,1552624763821.0,0.993,437.273
1552624765816,18252,202395,16362,21576,17850,16742,1915184,614115,1,24,1552624764814.0,1.002,438.275
1552624766825,14081,35257,12614,30941,5657,8311,645658,181982,1,24,1552624765816.0,1.009,439.284
1552624767786,3360,4233,2918,3104,1520,890,95261,48458,1,24,1552624766825.0,0.961,440.245
1552624768806,15557,38054,10159,39412,12069,3754,1089840,170062,1,24,1552624767786.0,1.02,441.265
1552624769810,21622,117546,6729,9399,7960,7275,1267722,107790,1,24,1552624768806.0,1.004,442.269
1552624770785,71673,13472,5097,11173,3845,3002,571624,58399,1,24,1552624769810.0,0.975,443.244
1552624771778,31284,60996,21251,21197,6737,6783,380748,193143,1,24,1552624770785.0,0.993,444.237
1552624772797,1638,2251,365,915,173,215,102425,3586,1,24,1552624771778.0,1.019,445.256
1552624773781,8110,11142,6551,8376,3989,6004,40636,10942,1,24,1552624772797.0,0.984,446.24
1552624774789,5772,6002,18637,27529,1071,4720,149101,84921,1,24,1552624773781.0,1.008,447.248
1552624775793,17231,9730,10910,2389,3165,7242,1069946,17857,1,24,1552624774789.0,1.004,448.252
1552624776773,18233,41168,10535,17816,10902,13823,388628,125936,1,24,1552624775793.0,0.98,449.232
1552624777759,4458,15921,7116,5299,2166,1525,59243,44274,1,24,1552624776773.0,0.986,450.218
1552624778777,8236,9691,3457,6609,1911,2238,56198,24430,1,24,1552624777759.0,1.018,451.236
1552624779743,2200,5170,1131,1260,334,353,199197,25495,1,24,1552624778777.0,0.966,452.202
1552624780747,1456,877,1177,1924,1564,876,60686,24069,1,24,1552624779743.0,1.004,453.206
1552624781753,148574,65448,49183,59080,18522,17387,782400,170866,1,24,1552624780747.0,1.006,454.212
1552624782731,3786,10983,5748,7424,1408,7373,44495,56528,1,24,1552624781753.0,0.978,455.19
1552624783740,67323,81326,16107,20915,10754,9404,496332,82161,1,24,1552624782731.0,1.009,456.199
1552624784753,36496,59028,22652,19727,9689,12384,2802463,107179,1,24,1552624783740.0,1.013,457.212
1552624785742,15910,7531,1718,4865,3635,2685,610679,65725,1,24,1552624784753.0,0.989,458.201
1552624786734,4873,53800,8228,12022,5998,5738,884101,197521,1,24,1552624785742.0,0.992,459.193
1552624787765,34485,9333,3099,10097,5571,8254,342626,106610,1,24,1552624786734.0,1.031,460.224
1552624788733,9767,51664,10546,43753,26360,9421,420092,180970,1,24,1552624787765.0,0.968,461.192
1552624789730,8923,32275,12288,8734,5611,15443,1109262,146374,1,24,1552624788733.0,0.997,462.189
1552624790697,31887,94727,15913,31807,5762,3250,925100,491855,1,24,1552624789730.0,0.967,463.156
1552624791697,3968,7309,2535,6242,2523,4546,787222,21403,1,24,1552624790697.0,1.0,464.156
1552624792703,7164,45658,11322,15868,11174,9969,2131675,554987,1,24,1552624791697.0,1.006,465.162
1552624793710,25196,26707,11858,7921,8974,10675,236137,62238,1,24,1552624792703.0,1.007,466.169
1552624794703,126973,59749,49237,71213,29416,26275,822915,296401,1,24,1552624793710.0,0.993,467.162
1552624795693,21985,43215,26826,47389,41540,20093,1247816,273807,1,24,1552624794703.0,0.99,468.152
1552624796693,11902,18783,4309,3149,10592,10309,423876,144350,1,24,1552624795693.0,1.0,469.152
1552624797699,6996,9751,6343,7239,4484,4576,1043346,82211,1,24,1552624796693.0,1.006,470.158
1552624798695,57485,284812,13790,27022,15350,11632,878908,185276,1,24,1552624797699.0,0.996,471.154
1552624799680,615,2779,638,1255,414,397,21379,12123,1,24,1552624798695.0,0.985,472.139
1552624800667,5293,3057,3635,5859,1973,1226,500931,33833,1,24,1552624799680.0,0.987,473.126
1552624801670,1481,2741,3007,4257,6492,5127,27924,15042,1,24,1552624800667.0,1.003,474.129
1552624802667,5740,23409,6599,5800,5336,5460,644717,113639,1,24,1552624801670.0,0.997,475.126
1552624803673,64073,171179,58333,81428,46422,20273,919171,423914,1,24,1552624802667.0,1.006,476.132
1552624804655,296357,149260,25600,92257,41749,31493,973953,966495,1,24,1552624803673.0,0.982,477.114
1552624805657,17189,233574,6762,29583,17436,24260,381917,129401,1,24,1552624804655.0,1.002,478.116
1552624806649,8867,14584,6316,12523,4814,1524,246240,91433,1,24,1552624805657.0,0.992,479.108
1552624807629,7536,5215,4376,4657,1845,2114,784151,71861,1,24,1552624806649.0,0.98,480.088
1552624808630,5150,16377,5537,6663,3312,2871,630994,66179,1,24,1552624807629.0,1.001,481.089
1552624809652,54019,32804,30147,103063,13563,11016,640980,601875,1,24,1552624808630.0,1.022,482.111
1552624810617,853,28349,1401,1332,1911,1242,112209,39474,1,24,1552624809652.0,0.965,483.076
1552624811632,2035,2541,1918,5045,1207,3033,113110,8379,1,24,1552624810617.0,1.015,484.091
1552624812637,103777,552275,37807,134124,59875,97863,2583190,316569,1,24,1552624811632.0,1.005,485.096
1552624813629,10920,14295,4720,8320,2220,4694,592352,36535,1,24,1552624812637.0,0.992,486.088
1552624814611,107183,94843,24921,14586,61824,16371,1529014,175146,1,24,1552624813629.0,0.982,487.07
1552624815636,130892,38460,35391,255948,8007,33867,1597333,381019,1,24,1552624814611.0,1.025,488.095
1552624816595,36928,110912,21285,51603,3837,10949,418631,354483,1,24,1552624815636.0,0.959,489.054
1552624817604,25658,18370,13815,26217,1454,3214,1188432,105264,1,24,1552624816595.0,1.009,490.063
1552624818601,8674,22341,10438,20489,1767,2647,2112314,50000,1,24,1552624817604.0,0.997,491.06
1552624819585,6512,5371,2869,8028,437,1371,234013,9240,1,24,1552624818601.0,0.984,492.044
1552624820592,4100,3041,2970,3074,457,836,1064018,7977,1,24,1552624819585.0,1.007,493.051
1552624821589,20887,10170,2594,3060,680,1358,1333919,18070,1,24,1552624820592.0,0.997,494.048
1552624822592,11728,23331,5703,14500,1768,5073,150287,32137,1,24,1552624821589.0,1.003,495.051
1552624823575,54443,66361,7153,11265,10733,8858,210654,47526,1,24,1552624822592.0,0.983,496.034
1552624824576,18250,58349,9165,7888,1327,1783,157866,70825,1,24,1552624823575.0,1.001,497.035
1552624825561,50378,71883,30153,59171,16762,34097,1452566,699228,1,24,1552624824576.0,0.985,498.02
1552624826566,23417,37825,17375,35763,1277,4360,947245,12858,1,24,1552624825561.0,1.005,499.025
1552624827567,12149,3619,3191,13508,2128,3748,1076286,36982,1,24,1552624826566.0,1.001,500.026
1552624828552,165813,71808,27945,81475,19281,23990,1277563,812876,1,24,1552624827567.0,0.985,501.011
1552624829562,3676,7103,1487,2893,269,258,263261,11645,1,24,1552624828552.0,1.01,502.021
1552624830557,26773,42981,36901,31778,8024,7405,828007,32727,1,24,1552624829562.0,0.995,503.016
1552624831545,15553,38806,7937,6939,1169,1782,918023,99099,1,24,1552624830557.0,0.988,504.004
1552624832560,19020,10502,13268,29473,1933,4803,1249636,83983,1,24,1552624831545.0,1.015,505.019
1552624833543,30073,44538,11657,19851,1922,2472,353398,58923,1,24,1552624832560.0,0.983,506.002
1552624834574,41411,7837,7233,54104,2808,4987,1370048,100613,1,24,1552624833543.0,1.031,507.033
1552624835547,12753,58199,8809,9425,3488,4611,1010115,91943,1,24,1552624834574.0,0.973,508.006
1552624836535,6403,1142,3261,2405,1563,2447,63923,31318,1,24,1552624835547.0,0.988,508.994
1552624837517,2503,1629,2261,4477,1184,997,120112,13789,1,24,1552624836535.0,0.982,509.976
1552624838520,3483,1930,6081,5910,1964,1266,1179504,7016,1,24,1552624837517.0,1.003,510.979
1552624839506,23433,45271,6923,25020,19542,16259,403785,295388,1,24,1552624838520.0,0.986,511.965
1552624840509,6381,10276,3902,7503,5065,3442,209138,19517,1,24,1552624839506.0,1.003,512.968
1552624841525,22117,35645,8760,10964,2260,4146,1444494,47879,1,24,1552624840509.0,1.016,513.984
1552624842511,14646,11626,3063,14075,3270,4573,215478,41609,1,24,1552624841525.0,0.986,514.97
1552624843516,15587,20948,8419,18132,3057,2994,665467,110833,1,24,1552624842511.0,1.005,515.975
1552624844481,7370,14386,4500,761,10431,2466,578795,28307,1,24,1552624843516.0,0.965,516.94
1552624845485,35156,93163,35638,9232,6910,11808,257513,271937,1,24,1552624844481.0,1.004,517.944
1552624846500,107401,23553,21499,63893,15271,23155,436647,67616,1,24,1552624845485.0,1.015,518.959
1552624847476,5204,54074,41349,91575,13232,17317,545266,153470,1,24,1552624846500.0,0.976,519.935
1552624848490,18556,73771,20505,18182,2691,6997,777056,153931,1,24,1552624847476.0,1.014,520.949
1552624849475,22131,25620,11899,10757,3980,12900,1135684,269292,1,24,1552624848490.0,0.985,521.934
1552624850474,23247,23487,7840,38675,3281,7624,1408827,146420,1,24,1552624849475.0,0.999,522.933
1552624851478,58932,18908,16803,20167,6317,19523,1773986,212660,1,24,1552624850474.0,1.004,523.937
1552624852479,3940,12273,3219,2708,1258,746,149039,58708,1,24,1552624851478.0,1.001,524.938
1552624853453,6180,23529,11156,6253,3744,6308,995009,71849,1,24,1552624852479.0,0.974,525.912
1552624854449,3597,10568,7019,9600,4861,4914,475341,24712,1,24,1552624853453.0,0.996,526.908
1552624855452,18788,24491,15352,33261,4012,7547,624538,79094,1,24,1552624854449.0,1.003,527.911
1552624856464,4632,3338,4341,4548,1643,1399,744057,37742,1,24,1552624855452.0,1.012,528.923
1552624857439,6569,11568,5301,4162,6119,2805,1266548,22265,1,24,1552624856464.0,0.975,529.898
1552624858444,1824,7617,1207,1815,843,1613,57963,33564,1,24,1552624857439.0,1.005,530.903
1552624859447,11376,45805,3531,6313,3718,8012,232777,148107,1,24,1552624858444.0,1.003,531.906
1552624860436,129495,37507,12964,72438,23853,26633,545465,503030,1,24,1552624859447.0,0.989,532.895
1552624861447,5541,28676,22115,35392,6430,3883,162613,216294,1,24,1552624860436.0,1.011,533.906
1552624862423,14212,80422,11511,10062,4903,4423,613492,79291,1,24,1552624861447.0,0.976,534.882
1552624863419,21141,48078,15542,12706,10014,6929,1435651,137398,1,24,1552624862423.0,0.996,535.878
1552624864418,12432,14992,5417,2107,5406,6424,899414,35728,1,24,1552624863419.0,0.999,536.877
1552624865426,22697,28263,7246,5420,26362,17897,784055,80703,1,24,1552624864418.0,1.008,537.885
1552624866406,4176,23104,8655,10962,3071,4198,957758,59607,1,24,1552624865426.0,0.98,538.865
1552624867391,35451,30120,7363,7061,2333,6625,1281074,70973,1,24,1552624866406.0,0.985,539.85
1552624868408,24247,17850,4512,11924,4602,5243,341454,51803,1,24,1552624867391.0,1.017,540.867
1552624869395,5064,935,7166,23753,3331,3540,2451146,58233,1,24,1552624868408.0,0.987,541.854
1552624870378,7442,44913,10057,7602,2784,3105,223889,179221,1,24,1552624869395.0,0.983,542.837
1552624871400,12619,12343,3801,4650,801,1616,1083240,112988,1,24,1552624870378.0,1.022,543.859
1552624872405,3418,51868,5261,15960,3995,4796,965642,97529,1,24,1552624871400.0,1.005,544.864
1552624873374,16474,39690,19962,13830,8435,18665,341132,1229428,1,24,1552624872405.0,0.969,545.833
1552624874391,25891,40705,6385,13151,4925,7015,482488,115772,1,24,1552624873374.0,1.017,546.85
1552624875390,50696,54944,20451,14838,6500,7252,2494291,212869,1,24,1552624874391.0,0.999,547.849
1552624876359,11835,20433,12503,21238,428,2104,270946,78627,1,24,1552624875390.0,0.969,548.818
1552624877375,2681,2278,1093,1265,310,255,236642,3168,1,24,1552624876359.0,1.016,549.834
1552624878380,17120,31039,10256,32974,2551,5215,1161002,58615,1,24,1552624877375.0,1.005,550.839
1552624879348,40779,25348,14782,11014,7733,7061,444367,89285,1,24,1552624878380.0,0.968,551.807
1552624880364,35529,35873,26306,8068,10207,21643,658057,91827,1,24,1552624879348.0,1.016,552.823
1552624881380,3942,24339,3318,2416,4763,2647,604866,54307,1,24,1552624880364.0,1.016,553.839
1552624882351,12749,6015,7162,27960,3333,4127,860246,127187,1,24,1552624881380.0,0.971,554.81
1552624883338,20133,29947,13260,17017,14956,28319,373198,106978,1,24,1552624882351.0,0.987,555.797
1552624884339,3498,8555,3669,3058,6012,3364,114427,24143,1,24,1552624883338.0,1.001,556.798
1552624885340,19635,26514,7854,9126,2730,4025,1227746,51198,1,24,1552624884339.0,1.001,557.799
1552624886330,75156,40822,16626,14728,8661,26988,640162,202073,1,24,1552624885340.0,0.99,558.789
1552624887310,48708,17559,5245,9629,2606,4370,425897,57230,1,24,1552624886330.0,0.98,559.769
1552624888311,24848,13054,17032,101469,9594,18090,1201953,97314,1,24,1552624887310.0,1.001,560.77
1552624889314,6066,2507,18172,39053,20676,34717,1265650,69890,1,24,1552624888311.0,1.003,561.773
1552624890300,4183,10107,2918,2883,1304,795,158762,48509,1,24,1552624889314.0,0.986,562.759
1552624891304,5260,5882,3233,9441,668,1323,102916,105550,1,24,1552624890300.0,1.004,563.763
1552624892311,28061,64321,14485,16021,13797,15520,621613,450829,1,24,1552624891304.0,1.007,564.77
1552624893308,10140,30371,12712,18304,8705,5474,69512,147774,1,24,1552624892311.0,0.997,565.767
1552624894312,8872,8788,5325,16487,4559,8661,649527,36709,1,24,1552624893308.0,1.004,566.771
1552624895293,18854,1252,8947,23123,2894,6946,1559002,38231,1,24,1552624894312.0,0.981,567.752
1552624896279,51128,116878,23030,20697,11300,25597,1288201,221006,1,24,1552624895293.0,0.986,568.738
1552624897280,23285,5637,3352,3720,1526,2034,381582,30306,1,24,1552624896279.0,1.001,569.739
1552624898283,2539,2696,1992,1601,965,1332,273333,17420,1,24,1552624897280.0,1.003,570.742
1552624899284,15265,18786,4317,14253,4650,4367,1007939,68186,1,24,1552624898283.0,1.001,571.743
1552624900286,29425,31592,11949,11331,4945,4737,277406,113708,1,24,1552624899284.0,1.002,572.745
1552624901272,17554,41726,10450,8557,6034,5170,210477,120286,1,24,1552624900286.0,0.986,573.731
1552624902271,10799,3722,3217,5872,2612,2476,874834,37439,1,24,1552624901272.0,0.999,574.73
1552624903260,18834,4431,12054,27244,11145,10254,293556,1061747,1,24,1552624902271.0,0.989,575.719
1552624904262,41852,12187,5294,14136,2305,6263,1128937,119929,1,24,1552624903260.0,1.002,576.721
1552624905266,29984,38782,4322,4630,2861,2669,284550,77149,1,24,1552624904262.0,1.004,577.725
1552624906305,28914,71771,72525,51874,10854,28602,477791,285293,1,24,1552624905266.0,1.039,578.764
1552624907231,17498,1875,13693,5648,13539,17979,277514,171717,1,24,1552624906305.0,0.926,579.69
