results/alternatives/0/confidence,results/alternatives/0/transcript,results/alternatives/0/words/0/confidence,reult/alternative/0/word/0/endTime,startTime,results/alternatives/0/words/0/word,results/channelTag,results/languageCode,reult/reultEndTime,p29,seconds,arousal,valence,p30,seconds2,arousal2,valence2
0.70072514,"and we'll start now so it isn't their third 338,000 Koreans now aged 25 to 34 is now unemployed so I think that the increased number of refugees that came to Korea will",0.91283858,0.5,0.3,and,29,en-us,21.157869,,5.0,3.0,3.333,,5.0,3.0,3.333
0.70072514,,0.55424887,0.9,0.5,we'll,29,en-us,21.157869,,5.0,3.0,3.333,,5.0,3.0,3.333
0.70072514,,0.72843915,1.6,0.9,start,29,en-us,21.157869,,5.0,3.0,3.333,,5.0,3.0,3.333
0.70072514,,0.71178502,2.3,1.8,now,29,en-us,21.157869,,5.0,3.0,3.333,,5.0,3.0,3.333
0.70072514,,0.57489032,3.6,3.0,so,29,en-us,21.157869,,5.0,3.0,3.333,,5.0,3.0,3.333
0.70072514,,0.91283858,4.1,3.9,it,29,en-us,21.157869,,5.0,3.0,3.333,,5.0,3.0,3.333
0.70072514,,0.75018746,4.5,4.1,isn't,29,en-us,21.157869,,5.0,3.0,3.333,,5.0,3.0,3.333
0.70072514,,0.71321779,5.0,4.5,their,29,en-us,21.157869,,5.0,3.0,3.333,,5.0,3.0,3.333
0.70072514,,0.68801504,5.9,5.6,third,29,en-us,21.157869,,10.0,3.0,3.333,,10.0,3.0,3.0
0.70072514,,0.91283858,8.3,6.4,"338,000",29,en-us,21.157869,,10.0,3.0,3.333,,10.0,3.0,3.0
0.70072514,,0.74871266,8.9,8.3,Koreans,29,en-us,21.157869,,10.0,3.0,3.333,,10.0,3.0,3.0
0.70072514,,0.58702147,9.3,8.9,now,29,en-us,21.157869,,10.0,3.0,3.333,,10.0,3.0,3.0
0.70072514,,0.60946411,9.8,9.3,aged,29,en-us,21.157869,,10.0,3.0,3.333,,10.0,3.0,3.0
0.70072514,,0.67513019,10.9,10.0,25,29,en-us,21.157869,,10.0,3.0,3.333,,10.0,3.0,3.0
0.70072514,,0.50716352,11.2,10.9,to,29,en-us,21.157869,,15.0,3.333,3.0,,15.0,3.0,3.0
0.70072514,,0.71122235,12.0,11.2,34,29,en-us,21.157869,,15.0,3.333,3.0,,15.0,3.0,3.0
0.70072514,,0.91283858,12.2,12.0,is,29,en-us,21.157869,,15.0,3.333,3.0,,15.0,3.0,3.0
0.70072514,,0.60946423,12.6,12.2,now,29,en-us,21.157869,,15.0,3.333,3.0,,15.0,3.0,3.0
0.70072514,,0.55180836,13.7,12.9,unemployed,29,en-us,21.157869,,15.0,3.333,3.0,,15.0,3.0,3.0
0.70072514,,0.7487126,14.2,14.0,so,29,en-us,21.157869,,15.0,3.333,3.0,,15.0,3.0,3.0
0.70072514,,0.55961287,14.3,14.2,I,29,en-us,21.157869,,15.0,3.333,3.0,,15.0,3.0,3.0
0.70072514,,0.70081228,14.7,14.3,think,29,en-us,21.157869,,15.0,3.333,3.0,,15.0,3.0,3.0
0.70072514,,0.66221297,15.2,14.7,that,29,en-us,21.157869,,15.0,3.333,3.0,,15.0,3.0,3.0
0.70072514,,0.60946417,16.0,15.5,the,29,en-us,21.157869,,15.0,3.333,3.0,,15.0,3.0,3.0
0.70072514,,0.91283858,16.4,16.1,increased,29,en-us,21.157869,,20.0,3.333,3.0,,20.0,3.0,3.0
0.70072514,,0.71634585,16.8,16.4,number,29,en-us,21.157869,,20.0,3.333,3.0,,20.0,3.0,3.0
0.70072514,,0.463828,17.2,16.8,of,29,en-us,21.157869,,20.0,3.333,3.0,,20.0,3.0,3.0
0.70072514,,0.91283858,18.2,17.6,refugees,29,en-us,21.157869,,20.0,3.333,3.0,,20.0,3.0,3.0
0.70072514,,0.4758389,18.6,18.2,that,29,en-us,21.157869,,20.0,3.333,3.0,,20.0,3.0,3.0
0.70072514,,0.68091595,18.9,18.6,came,29,en-us,21.157869,,20.0,3.333,3.0,,20.0,3.0,3.0
0.70072514,,0.91283858,19.1,18.9,to,29,en-us,21.157869,,20.0,3.333,3.0,,20.0,3.0,3.0
0.70072514,,0.67207772,19.7,19.1,Korea,29,en-us,21.157869,,20.0,3.333,3.0,,20.0,3.0,3.0
0.70072514,,0.72346878,20.5,20.0,will,29,en-us,21.157869,,20.0,3.333,3.0,,20.0,3.0,3.0
0.89386016, will affect more the unemployment of Koreans then it is now so it is already hard for Koreans to find jobs but now the refugee will make the employment of work harder,0.91283858,22.5,22.2,will,29,en-us,39.699819,,25.0,3.0,3.0,,25.0,3.0,3.0
0.89386016,,0.91283858,23.1,22.5,affect,29,en-us,39.699819,,25.0,3.0,3.0,,25.0,3.0,3.0
0.89386016,,0.91283858,23.4,23.1,more,29,en-us,39.699819,,25.0,3.0,3.0,,25.0,3.0,3.0
0.89386016,,0.91283858,23.6,23.4,the,29,en-us,39.699819,,25.0,3.0,3.0,,25.0,3.0,3.0
0.89386016,,0.91283858,24.3,23.6,unemployment,29,en-us,39.699819,,25.0,3.0,3.0,,25.0,3.0,3.0
0.89386016,,0.91283858,24.4,24.3,of,29,en-us,39.699819,,25.0,3.0,3.0,,25.0,3.0,3.0
0.89386016,,0.78669226,25.1,24.4,Koreans,29,en-us,39.699819,,25.0,3.0,3.0,,25.0,3.0,3.0
0.89386016,,0.91283858,27.2,26.6,then,29,en-us,39.699819,,25.0,3.0,3.0,,25.0,3.0,3.0
0.89386016,,0.91283858,27.3,27.2,it,29,en-us,39.699819,,25.0,3.0,3.0,,25.0,3.0,3.0
0.89386016,,0.91283858,27.5,27.3,is,29,en-us,39.699819,,25.0,3.0,3.0,,25.0,3.0,3.0
0.89386016,,0.880005,27.9,27.5,now,29,en-us,39.699819,,25.0,3.0,3.0,,25.0,3.0,3.0
0.89386016,,0.90262824,28.3,28.0,so,29,en-us,39.699819,,30.0,3.0,3.0,,30.0,2.667,3.0
0.89386016,,0.91283858,28.6,28.4,it,29,en-us,39.699819,,30.0,3.0,3.0,,30.0,2.667,3.0
0.89386016,,0.91283858,28.7,28.6,is,29,en-us,39.699819,,30.0,3.0,3.0,,30.0,2.667,3.0
0.89386016,,0.88547719,29.1,28.7,already,29,en-us,39.699819,,30.0,3.0,3.0,,30.0,2.667,3.0
0.89386016,,0.91283858,29.5,29.1,hard,29,en-us,39.699819,,30.0,3.0,3.0,,30.0,2.667,3.0
0.89386016,,0.91283858,29.7,29.5,for,29,en-us,39.699819,,30.0,3.0,3.0,,30.0,2.667,3.0
0.89386016,,0.91283858,30.2,29.7,Koreans,29,en-us,39.699819,,30.0,3.0,3.0,,30.0,2.667,3.0
0.89386016,,0.91283858,30.3,30.2,to,29,en-us,39.699819,,30.0,3.0,3.0,,30.0,2.667,3.0
0.89386016,,0.91283858,30.6,30.3,find,29,en-us,39.699819,,30.0,3.0,3.0,,30.0,2.667,3.0
0.89386016,,0.91283858,31.1,30.6,jobs,29,en-us,39.699819,,30.0,3.0,3.0,,30.0,2.667,3.0
0.89386016,,0.89990294,32.6,32.3,but,29,en-us,39.699819,,30.0,3.0,3.0,,30.0,2.667,3.0
0.89386016,,0.91283858,32.9,32.6,now,29,en-us,39.699819,,30.0,3.0,3.0,,30.0,2.667,3.0
0.89386016,,0.91283858,33.0,32.9,the,29,en-us,39.699819,,30.0,3.0,3.0,,30.0,2.667,3.0
0.89386016,,0.91283858,34.0,33.0,refugee,29,en-us,39.699819,,30.0,3.0,3.0,,30.0,2.667,3.0
0.89386016,,0.91283858,34.6,34.1,will,29,en-us,39.699819,,35.0,3.0,3.0,,35.0,2.667,3.0
0.89386016,,0.91283858,35.1,34.7,make,29,en-us,39.699819,,35.0,3.0,3.0,,35.0,2.667,3.0
0.89386016,,0.85530478,35.6,35.1,the,29,en-us,39.699819,,35.0,3.0,3.0,,35.0,2.667,3.0
0.89386016,,0.91283858,37.1,36.2,employment,29,en-us,39.699819,,35.0,3.0,3.0,,35.0,2.667,3.0
0.89386016,,0.78669161,37.3,37.1,of,29,en-us,39.699819,,35.0,3.0,3.0,,35.0,2.667,3.0
0.89386016,,0.72653419,37.7,37.3,work,29,en-us,39.699819,,35.0,3.0,3.0,,35.0,2.667,3.0
0.89386016,,0.88500786,38.2,37.7,harder,29,en-us,39.699819,,35.0,3.0,3.0,,35.0,2.667,3.0
0.82553679, but in my opinion Korea has been registered as the UN who accept refugees and there also and I think it's their responsibility to accept refugees and what the,0.91283858,45.6,45.0,but,30,en-us,70.760091,,40.0,3.333,3.333,,40.0,2.667,3.0
0.82553679,,0.91283858,47.0,46.3,in,30,en-us,70.760091,,45.0,3.0,3.333,,45.0,2.667,3.0
0.82553679,,0.91283858,48.8,48.1,my,30,en-us,70.760091,,45.0,3.0,3.333,,45.0,2.667,3.0
0.82553679,,0.91283858,49.8,49.3,opinion,30,en-us,70.760091,,45.0,3.0,3.333,,45.0,2.667,3.0
0.82553679,,0.91283858,51.7,51.4,Korea,30,en-us,70.760091,,50.0,3.0,3.333,,50.0,3.0,2.667
0.82553679,,0.91283858,52.2,51.7,has,30,en-us,70.760091,,50.0,3.0,3.333,,50.0,3.0,2.667
0.82553679,,0.91283858,52.4,52.3,been,30,en-us,70.760091,,50.0,3.0,3.333,,50.0,3.0,2.667
0.82553679,,0.91283858,52.9,52.4,registered,30,en-us,70.760091,,50.0,3.0,3.333,,50.0,3.0,2.667
0.82553679,,0.91283858,53.1,52.9,as,30,en-us,70.760091,,50.0,3.0,3.333,,50.0,3.0,2.667
0.82553679,,0.91283858,53.2,53.1,the,30,en-us,70.760091,,50.0,3.0,3.333,,50.0,3.0,2.667
0.82553679,,0.91283858,53.6,53.2,UN,30,en-us,70.760091,,50.0,3.0,3.333,,50.0,3.0,2.667
0.82553679,,0.91283858,54.1,53.6,who,30,en-us,70.760091,,50.0,3.0,3.333,,50.0,3.0,2.667
0.82553679,,0.91283858,54.8,54.1,accept,30,en-us,70.760091,,50.0,3.0,3.333,,50.0,3.0,2.667
0.82553679,,0.91283858,55.7,55.0,refugees,30,en-us,70.760091,,50.0,3.0,3.333,,50.0,3.0,2.667
0.82553679,,0.91283858,57.2,56.4,and,30,en-us,70.760091,,55.0,2.667,3.0,,55.0,2.667,2.667
0.82553679,,0.72462344,59.0,58.8,there,30,en-us,70.760091,,55.0,2.667,3.0,,55.0,2.667,2.667
0.82553679,,0.7488237,59.7,59.0,also,30,en-us,70.760091,,55.0,2.667,3.0,,55.0,2.667,2.667
0.82553679,,0.77288973,61.5,61.0,and,30,en-us,70.760091,,55.0,2.667,3.0,,55.0,2.667,2.667
0.82553679,,0.88694519,61.7,61.6,I,30,en-us,70.760091,,55.0,2.667,3.0,,55.0,2.667,2.667
0.82553679,,0.77161312,61.9,61.7,think,30,en-us,70.760091,,55.0,2.667,3.0,,55.0,2.667,2.667
0.82553679,,0.91283858,62.1,61.9,it's,30,en-us,70.760091,,55.0,2.667,3.0,,55.0,2.667,2.667
0.82553679,,0.91283858,62.4,62.1,their,30,en-us,70.760091,,55.0,2.667,3.0,,55.0,2.667,2.667
0.82553679,,0.72996241,63.5,62.4,responsibility,30,en-us,70.760091,,55.0,2.667,3.0,,55.0,2.667,2.667
0.82553679,,0.72377521,64.7,64.4,to,30,en-us,70.760091,,60.0,2.667,3.0,,60.0,2.667,2.667
0.82553679,,0.75674134,65.2,64.8,accept,30,en-us,70.760091,,60.0,2.667,3.0,,60.0,2.667,2.667
0.82553679,,0.71998352,67.1,66.5,refugees,30,en-us,70.760091,,60.0,2.667,3.0,,60.0,2.667,2.667
0.82553679,,0.72310537,68.7,67.8,and,30,en-us,70.760091,,60.0,2.667,3.0,,60.0,2.667,2.667
0.82553679,,0.38663036,69.4,69.2,what,30,en-us,70.760091,,65.0,2.667,3.0,,65.0,2.667,2.667
0.82553679,,0.47721466,69.9,69.4,the,30,en-us,70.760091,,65.0,2.667,3.0,,65.0,2.667,2.667
0.80207902, I think they can do like rather than work or office jobs they can relax labor employment so yeah so I think,0.91283858,73.5,73.2,I,30,en-us,96.718822,,65.0,2.667,3.0,,65.0,2.667,2.667
0.80207902,,0.91283858,74.0,73.5,think,30,en-us,96.718822,,65.0,2.667,3.0,,65.0,2.667,2.667
0.80207902,,0.91283858,74.1,74.0,they,30,en-us,96.718822,,65.0,2.667,3.0,,65.0,2.667,2.667
0.80207902,,0.91283858,76.2,76.0,can,30,en-us,96.718822,,70.0,2.667,3.0,,70.0,2.667,2.667
0.80207902,,0.91283858,76.5,76.2,do,30,en-us,96.718822,,70.0,2.667,3.0,,70.0,2.667,2.667
0.80207902,,0.91283858,77.1,76.5,like,30,en-us,96.718822,,70.0,2.667,3.0,,70.0,2.667,2.667
0.80207902,,0.91283858,78.6,78.4,rather,30,en-us,96.718822,,70.0,2.667,3.0,,70.0,2.667,2.667
0.80207902,,0.91283858,79.0,78.6,than,30,en-us,96.718822,,70.0,2.667,3.0,,70.0,2.667,2.667
0.80207902,,0.71616477,80.4,79.7,work,30,en-us,96.718822,,70.0,2.667,3.0,,70.0,2.667,2.667
0.80207902,,0.72500378,81.1,80.7,or,30,en-us,96.718822,,75.0,2.667,3.0,,75.0,2.667,2.667
0.80207902,,0.72767341,81.9,81.2,office,30,en-us,96.718822,,75.0,2.667,3.0,,75.0,2.667,2.667
0.80207902,,0.8605985,83.1,82.5,jobs,30,en-us,96.718822,,75.0,2.667,3.0,,75.0,2.667,2.667
0.80207902,,0.91283858,83.2,83.1,they,30,en-us,96.718822,,75.0,2.667,3.0,,75.0,2.667,2.667
0.80207902,,0.91283858,83.4,83.2,can,30,en-us,96.718822,,75.0,2.667,3.0,,75.0,2.667,2.667
0.80207902,,0.71426219,83.8,83.4,relax,30,en-us,96.718822,,75.0,2.667,3.0,,75.0,2.667,2.667
0.80207902,,0.71645314,85.2,84.7,labor,30,en-us,96.718822,,75.0,2.667,3.0,,75.0,2.667,2.667
0.80207902,,0.64642799,86.4,85.8,employment,30,en-us,96.718822,,75.0,2.667,3.0,,75.0,2.667,2.667
0.80207902,,0.67871809,91.0,90.5,so,30,en-us,96.718822,,80.0,2.667,3.0,,80.0,2.667,2.667
0.80207902,,0.6980443,94.2,93.9,yeah,30,en-us,96.718822,,85.0,2.667,3.0,,85.0,2.667,2.667
0.80207902,,0.68623209,94.7,94.2,so,30,en-us,96.718822,,85.0,2.667,3.0,,85.0,2.667,2.667
0.80207902,,0.69804424,94.8,94.7,I,30,en-us,96.718822,,85.0,2.667,3.0,,85.0,2.667,2.667
0.80207902,,0.64973027,95.5,94.8,think,30,en-us,96.718822,,85.0,2.667,3.0,,85.0,2.667,2.667
0.84260035, yeah so I think it's fine,0.81437463,94.2,94.0,yeah,30,en-us,99.254558,,85.0,2.667,3.0,,85.0,2.667,2.667
0.84260035,,0.81437403,94.8,94.2,so,30,en-us,99.254558,,85.0,2.667,3.0,,85.0,2.667,2.667
0.84260035,,0.85067391,94.9,94.8,I,30,en-us,99.254558,,85.0,2.667,3.0,,85.0,2.667,2.667
0.84260035,,0.85872638,95.5,94.9,think,30,en-us,99.254558,,85.0,2.667,3.0,,85.0,2.667,2.667
0.84260035,,0.85872638,95.5,95.5,it's,30,en-us,99.254558,,85.0,2.667,3.0,,85.0,2.667,2.667
0.84260035,,0.85872638,95.5,95.5,fine,30,en-us,99.254558,,85.0,2.667,3.0,,85.0,2.667,2.667
0.91283864, but I think they can reconsider their decision because nowadays because of the war the infinite number of refugees increase like,0.91283858,110.8,110.5,but,29,en-us,125.203267,,90.0,2.667,3.0,,90.0,3.0,2.667
0.91283864,,0.91283858,111.0,110.8,I,29,en-us,125.203267,,95.0,2.667,3.0,,95.0,3.0,2.667
0.91283864,,0.91283858,111.4,111.0,think,29,en-us,125.203267,,100.0,2.667,3.0,,100.0,3.333,3.0
0.91283864,,0.91283858,111.7,111.4,they,29,en-us,125.203267,,100.0,2.667,3.0,,100.0,3.333,3.0
0.91283864,,0.91283858,112.1,111.7,can,29,en-us,125.203267,,100.0,2.667,3.0,,100.0,3.333,3.0
0.91283864,,0.91283858,112.9,112.1,reconsider,29,en-us,125.203267,,100.0,2.667,3.0,,100.0,3.333,3.0
0.91283864,,0.91283858,113.5,112.9,their,29,en-us,125.203267,,100.0,2.667,3.0,,100.0,3.333,3.0
0.91283864,,0.91283858,114.6,113.8,decision,29,en-us,125.203267,,100.0,2.667,3.0,,100.0,3.333,3.0
0.91283864,,0.91283858,115.8,115.0,because,29,en-us,125.203267,,105.0,2.667,3.0,,105.0,3.0,3.0
0.91283864,,0.91283858,117.4,116.6,nowadays,29,en-us,125.203267,,105.0,2.667,3.0,,105.0,3.0,3.0
0.91283864,,0.91283858,117.8,117.4,because,29,en-us,125.203267,,105.0,2.667,3.0,,105.0,3.0,3.0
0.91283864,,0.91283858,117.9,117.8,of,29,en-us,125.203267,,105.0,2.667,3.0,,105.0,3.0,3.0
0.91283864,,0.91283858,118.0,117.9,the,29,en-us,125.203267,,105.0,2.667,3.0,,105.0,3.0,3.0
0.91283864,,0.91283858,118.6,118.0,war,29,en-us,125.203267,,105.0,2.667,3.0,,105.0,3.0,3.0
0.91283864,,0.91283858,118.9,118.8,the,29,en-us,125.203267,,105.0,2.667,3.0,,105.0,3.0,3.0
0.91283864,,0.91283858,119.4,118.9,infinite,29,en-us,125.203267,,105.0,2.667,3.0,,105.0,3.0,3.0
0.91283864,,0.91283858,119.8,119.4,number,29,en-us,125.203267,,110.0,3.333,3.0,,110.0,3.0,3.0
0.91283864,,0.91283858,119.9,119.8,of,29,en-us,125.203267,,110.0,3.333,3.0,,110.0,3.0,3.0
0.91283864,,0.91283858,120.4,119.9,refugees,29,en-us,125.203267,,110.0,3.333,3.0,,110.0,3.0,3.0
0.91283864,,0.91283858,121.3,120.4,increase,29,en-us,125.203267,,110.0,3.333,3.0,,110.0,3.0,3.0
0.91283864,,0.91283858,122.4,121.9,like,29,en-us,125.203267,,110.0,3.333,3.0,,110.0,3.0,3.0
0.78576803, 552 that came to Jeju Island for the I saw Asylum so I think the government should reconsider their decision to accept because they have to think about the Korean first I think so that the they can make the country more,0.91141599,128.1,126.2,552,29,en-us,153.908211,,115.0,2.667,3.0,,115.0,3.0,3.0
0.78576803,,0.66544676,129.0,128.5,that,29,en-us,153.908211,,115.0,2.667,3.0,,115.0,3.0,3.0
0.78576803,,0.91283858,129.4,129.0,came,29,en-us,153.908211,,115.0,2.667,3.0,,115.0,3.0,3.0
0.78576803,,0.91283858,129.6,129.4,to,29,en-us,153.908211,,115.0,2.667,3.0,,115.0,3.0,3.0
0.78576803,,0.85105896,129.9,129.6,Jeju,29,en-us,153.908211,,115.0,2.667,3.0,,115.0,3.0,3.0
0.78576803,,0.70034403,130.3,129.9,Island,29,en-us,153.908211,,120.0,3.333,3.0,,120.0,3.0,3.0
0.78576803,,0.72122991,130.5,130.3,for,29,en-us,153.908211,,120.0,3.333,3.0,,120.0,3.0,3.0
0.78576803,,0.69880211,131.0,130.5,the,29,en-us,153.908211,,120.0,3.333,3.0,,120.0,3.0,3.0
0.78576803,,0.66544688,131.1,131.0,I,29,en-us,153.908211,,120.0,3.333,3.0,,120.0,3.0,3.0
0.78576803,,0.72556442,131.5,131.1,saw,29,en-us,153.908211,,120.0,3.333,3.0,,120.0,3.0,3.0
0.78576803,,0.91283858,132.3,131.6,Asylum,29,en-us,153.908211,,120.0,3.333,3.0,,120.0,3.0,3.0
0.78576803,,0.72050345,133.8,133.0,so,29,en-us,153.908211,,120.0,3.333,3.0,,120.0,3.0,3.0
0.78576803,,0.7390933,134.9,134.8,I,29,en-us,153.908211,,120.0,3.333,3.0,,120.0,3.0,3.0
0.78576803,,0.83566564,135.2,134.9,think,29,en-us,153.908211,,120.0,3.333,3.0,,120.0,3.0,3.0
0.78576803,,0.91283858,135.3,135.2,the,29,en-us,153.908211,,120.0,3.333,3.0,,120.0,3.0,3.0
0.78576803,,0.76051491,135.9,135.3,government,29,en-us,153.908211,,120.0,3.333,3.0,,120.0,3.0,3.0
0.78576803,,0.70949966,136.2,135.9,should,29,en-us,153.908211,,125.0,3.333,3.0,,125.0,3.0,3.0
0.78576803,,0.72677058,137.0,136.2,reconsider,29,en-us,153.908211,,125.0,3.333,3.0,,125.0,3.0,3.0
0.78576803,,0.76051491,137.5,137.0,their,29,en-us,153.908211,,125.0,3.333,3.0,,125.0,3.0,3.0
0.78576803,,0.69744927,138.2,137.7,decision,29,en-us,153.908211,,125.0,3.333,3.0,,125.0,3.0,3.0
0.78576803,,0.91283858,138.3,138.2,to,29,en-us,153.908211,,125.0,3.333,3.0,,125.0,3.0,3.0
0.78576803,,0.72004056,138.9,138.3,accept,29,en-us,153.908211,,125.0,3.333,3.0,,125.0,3.0,3.0
0.78576803,,0.73470962,139.6,139.2,because,29,en-us,153.908211,,125.0,3.333,3.0,,125.0,3.0,3.0
0.78576803,,0.78678596,139.8,139.6,they,29,en-us,153.908211,,125.0,3.333,3.0,,125.0,3.0,3.0
0.78576803,,0.7390933,140.4,139.8,have,29,en-us,153.908211,,125.0,3.333,3.0,,125.0,3.0,3.0
0.78576803,,0.71948445,141.0,140.4,to,29,en-us,153.908211,,125.0,3.333,3.0,,125.0,3.0,3.0
0.78576803,,0.8800391,143.6,143.4,think,29,en-us,153.908211,,130.0,3.333,3.0,,130.0,3.0,3.0
0.78576803,,0.70660442,144.3,143.6,about,29,en-us,153.908211,,130.0,3.333,3.0,,130.0,3.0,3.0
0.78576803,,0.91283858,145.0,144.9,the,29,en-us,153.908211,,130.0,3.333,3.0,,130.0,3.0,3.0
0.78576803,,0.91283858,145.4,145.0,Korean,29,en-us,153.908211,,130.0,3.333,3.0,,130.0,3.0,3.0
0.78576803,,0.87239736,145.8,145.4,first,29,en-us,153.908211,,130.0,3.333,3.0,,130.0,3.0,3.0
0.78576803,,0.78678638,145.9,145.8,I,29,en-us,153.908211,,130.0,3.333,3.0,,130.0,3.0,3.0
0.78576803,,0.72177404,146.4,145.9,think,29,en-us,153.908211,,130.0,3.333,3.0,,130.0,3.0,3.0
0.78576803,,0.89161301,146.9,146.7,so,29,en-us,153.908211,,135.0,3.333,3.0,,135.0,3.0,3.0
0.78576803,,0.7021175,147.3,146.9,that,29,en-us,153.908211,,135.0,3.333,3.0,,135.0,3.0,3.0
0.78576803,,0.6962527,147.8,147.3,the,29,en-us,153.908211,,135.0,3.333,3.0,,135.0,3.0,3.0
0.78576803,,0.76786697,148.1,147.9,they,29,en-us,153.908211,,135.0,3.333,3.0,,135.0,3.0,3.0
0.78576803,,0.76582861,148.6,148.1,can,29,en-us,153.908211,,135.0,3.333,3.0,,135.0,3.0,3.0
0.78576803,,0.9110043,149.8,149.4,make,29,en-us,153.908211,,135.0,3.333,3.0,,135.0,3.0,3.0
0.78576803,,0.72556442,150.1,149.8,the,29,en-us,153.908211,,135.0,3.333,3.0,,135.0,3.0,3.0
0.78576803,,0.91283858,151.4,150.9,country,29,en-us,153.908211,,135.0,3.333,3.0,,135.0,3.0,3.0
0.78576803,,0.68226486,152.1,151.4,more,29,en-us,153.908211,,135.0,3.333,3.0,,135.0,3.0,3.0
0.83626211, wow in your area of the table,0.91283858,158.3,157.7,wow,29,en-us,164.291703,,140.0,2.667,3.0,,140.0,3.0,3.0
0.83626211,,0.91283858,159.5,159.0,in,29,en-us,164.291703,,145.0,2.667,3.0,,145.0,3.0,3.0
0.83626211,,0.91283858,159.6,159.5,your,29,en-us,164.291703,,145.0,2.667,3.0,,145.0,3.0,3.0
0.83626211,,0.91283858,159.8,159.6,area,29,en-us,164.291703,,145.0,2.667,3.0,,145.0,3.0,3.0
0.83626211,,0.91283858,160.1,159.8,of,29,en-us,164.291703,,145.0,2.667,3.0,,145.0,3.0,3.0
0.83626211,,0.91283858,160.5,160.1,the,29,en-us,164.291703,,145.0,2.667,3.0,,145.0,3.0,3.0
0.83626211,,0.37680331,161.9,161.3,table,29,en-us,164.291703,,145.0,2.667,3.0,,145.0,3.0,3.0
0.85573733, I'm just curious that where do you think the refugee should be taking them,0.91283858,166.4,166.2,I'm,30,en-us,172.720773,,150.0,2.667,3.0,,150.0,3.0,3.0
0.85573733,,0.91283858,166.8,166.4,just,30,en-us,172.720773,,150.0,2.667,3.0,,150.0,3.0,3.0
0.85573733,,0.91283858,167.5,167.0,curious,30,en-us,172.720773,,150.0,2.667,3.0,,150.0,3.0,3.0
0.85573733,,0.91283858,168.1,167.5,that,30,en-us,172.720773,,150.0,2.667,3.0,,150.0,3.0,3.0
0.85573733,,0.91283858,169.2,169.0,where,30,en-us,172.720773,,155.0,3.0,3.0,,155.0,2.667,3.0
0.85573733,,0.91283858,169.3,169.2,do,30,en-us,172.720773,,155.0,3.0,3.0,,155.0,2.667,3.0
0.85573733,,0.91283858,169.4,169.3,you,30,en-us,172.720773,,155.0,3.0,3.0,,155.0,2.667,3.0
0.85573733,,0.91283858,169.9,169.4,think,30,en-us,172.720773,,155.0,3.0,3.0,,155.0,2.667,3.0
0.85573733,,0.91283858,170.1,169.9,the,30,en-us,172.720773,,155.0,3.0,3.0,,155.0,2.667,3.0
0.85573733,,0.87768477,170.5,170.1,refugee,30,en-us,172.720773,,155.0,3.0,3.0,,155.0,2.667,3.0
0.85573733,,0.88844347,170.8,170.5,should,30,en-us,172.720773,,155.0,3.0,3.0,,155.0,2.667,3.0
0.85573733,,0.91283858,171.2,170.8,be,30,en-us,172.720773,,155.0,3.0,3.0,,155.0,2.667,3.0
0.85573733,,0.4731124,171.9,171.5,taking,30,en-us,172.720773,,155.0,3.0,3.0,,155.0,2.667,3.0
0.85573733,,0.61269772,172.3,171.9,them,30,en-us,172.720773,,155.0,3.0,3.0,,155.0,2.667,3.0
0.89682877, well I mean where do you think the remedy should be taken if it's not pretty cool yeah you like you want to just shoot him asleep I don't have any friends but I think,0.91283858,174.5,174.4,well,30,en-us,189.498733,,160.0,3.0,3.0,,160.0,2.667,3.0
0.89682877,,0.91283858,174.6,174.5,I,30,en-us,189.498733,,160.0,3.0,3.0,,160.0,2.667,3.0
0.89682877,,0.91283858,174.9,174.6,mean,30,en-us,189.498733,,160.0,3.0,3.0,,160.0,2.667,3.0
0.89682877,,0.91283858,175.0,174.9,where,30,en-us,189.498733,,160.0,3.0,3.0,,160.0,2.667,3.0
0.89682877,,0.91283858,175.1,175.0,do,30,en-us,189.498733,,160.0,3.0,3.0,,160.0,2.667,3.0
0.89682877,,0.91283858,175.2,175.1,you,30,en-us,189.498733,,160.0,3.0,3.0,,160.0,2.667,3.0
0.89682877,,0.91283858,175.4,175.2,think,30,en-us,189.498733,,160.0,3.0,3.0,,160.0,2.667,3.0
0.89682877,,0.91283858,175.5,175.4,the,30,en-us,189.498733,,160.0,3.0,3.0,,160.0,2.667,3.0
0.89682877,,0.91283858,175.9,175.5,remedy,30,en-us,189.498733,,160.0,3.0,3.0,,160.0,2.667,3.0
0.89682877,,0.91283858,176.0,175.9,should,30,en-us,189.498733,,160.0,3.0,3.0,,160.0,2.667,3.0
0.89682877,,0.91283858,176.2,176.0,be,30,en-us,189.498733,,160.0,3.0,3.0,,160.0,2.667,3.0
0.89682877,,0.91283858,176.5,176.2,taken,30,en-us,189.498733,,160.0,3.0,3.0,,160.0,2.667,3.0
0.89682877,,0.91283858,176.7,176.5,if,30,en-us,189.498733,,160.0,3.0,3.0,,160.0,2.667,3.0
0.89682877,,0.91283858,176.9,176.7,it's,30,en-us,189.498733,,160.0,3.0,3.0,,160.0,2.667,3.0
0.89682877,,0.91283858,177.2,176.9,not,30,en-us,189.498733,,160.0,3.0,3.0,,160.0,2.667,3.0
0.89682877,,0.91283858,177.5,177.2,pretty,30,en-us,189.498733,,160.0,3.0,3.0,,160.0,2.667,3.0
0.89682877,,0.91283858,177.8,177.5,cool,30,en-us,189.498733,,160.0,3.0,3.0,,160.0,2.667,3.0
0.89682877,,0.91283858,178.7,178.4,yeah,30,en-us,189.498733,,160.0,3.0,3.0,,160.0,2.667,3.0
0.89682877,,0.91283858,179.1,178.7,you,30,en-us,189.498733,,160.0,3.0,3.0,,160.0,2.667,3.0
0.89682877,,0.91283858,180.0,179.7,like,30,en-us,189.498733,,165.0,3.0,3.0,,165.0,3.0,3.0
0.89682877,,0.91283858,180.1,180.0,you,30,en-us,189.498733,,165.0,3.0,3.0,,165.0,3.0,3.0
0.89682877,,0.91283858,180.5,180.1,want,30,en-us,189.498733,,165.0,3.0,3.0,,165.0,3.0,3.0
0.89682877,,0.91283858,180.7,180.5,to,30,en-us,189.498733,,165.0,3.0,3.0,,165.0,3.0,3.0
0.89682877,,0.91283858,181.2,180.7,just,30,en-us,189.498733,,165.0,3.0,3.0,,165.0,3.0,3.0
0.89682877,,0.91283858,182.4,182.1,shoot,30,en-us,189.498733,,165.0,3.0,3.0,,165.0,3.0,3.0
0.89682877,,0.91283858,182.7,182.4,him,30,en-us,189.498733,,165.0,3.0,3.0,,165.0,3.0,3.0
0.89682877,,0.7234543,183.2,182.8,asleep,30,en-us,189.498733,,165.0,3.0,3.0,,165.0,3.0,3.0
0.89682877,,0.91283858,184.8,184.7,I,30,en-us,189.498733,,165.0,3.0,3.0,,165.0,3.0,3.0
0.89682877,,0.91283858,185.1,184.8,don't,30,en-us,189.498733,,165.0,3.0,3.0,,165.0,3.0,3.0
0.89682877,,0.86680818,185.3,185.1,have,30,en-us,189.498733,,170.0,3.0,3.0,,170.0,3.333,3.333
0.89682877,,0.91283858,185.5,185.3,any,30,en-us,189.498733,,170.0,3.0,3.0,,170.0,3.333,3.333
0.89682877,,0.91283858,186.2,185.8,friends,30,en-us,189.498733,,170.0,3.0,3.0,,170.0,3.333,3.333
0.89682877,,0.74204177,186.7,186.2,but,30,en-us,189.498733,,170.0,3.0,3.0,,170.0,3.333,3.333
0.89682877,,0.75871259,187.1,186.9,I,30,en-us,189.498733,,170.0,3.0,3.0,,170.0,3.333,3.333
0.89682877,,0.91283858,187.8,187.1,think,30,en-us,189.498733,,170.0,3.0,3.0,,170.0,3.333,3.333
0.67131352, I mean they still have heart this children like no you have solution,0.91283858,190.3,190.2,I,30,en-us,197.787486,,170.0,3.0,3.0,,170.0,3.333,3.333
0.67131352,,0.91283858,190.5,190.3,mean,30,en-us,197.787486,,170.0,3.0,3.0,,170.0,3.333,3.333
0.67131352,,0.64327306,190.6,190.5,they,30,en-us,197.787486,,170.0,3.0,3.0,,170.0,3.333,3.333
0.67131352,,0.7260533,190.9,190.6,still,30,en-us,197.787486,,170.0,3.0,3.0,,170.0,3.333,3.333
0.67131352,,0.48867539,191.1,190.9,have,30,en-us,197.787486,,170.0,3.0,3.0,,170.0,3.333,3.333
0.67131352,,0.57195371,192.9,192.3,heart,30,en-us,197.787486,,175.0,3.0,3.0,,175.0,3.0,3.333
0.67131352,,0.59240198,193.7,193.4,this,30,en-us,197.787486,,175.0,3.0,3.0,,175.0,3.0,3.333
0.67131352,,0.81577271,194.1,193.7,children,30,en-us,197.787486,,175.0,3.0,3.0,,175.0,3.0,3.333
0.67131352,,0.35821807,195.5,195.2,like,30,en-us,197.787486,,175.0,3.0,3.0,,175.0,3.0,3.333
0.67131352,,0.73755097,195.6,195.5,no,30,en-us,197.787486,,175.0,3.0,3.0,,175.0,3.0,3.333
0.67131352,,0.91283858,195.7,195.6,you,30,en-us,197.787486,,175.0,3.0,3.0,,175.0,3.0,3.333
0.67131352,,0.34962153,196.0,195.7,have,30,en-us,197.787486,,175.0,3.0,3.0,,175.0,3.0,3.333
0.67131352,,0.70503956,196.6,196.0,solution,30,en-us,197.787486,,175.0,3.0,3.0,,175.0,3.0,3.333
0.91283864, I think their own country so she'll provide the solution like they,0.91283858,201.2,201.1,I,30,en-us,208.29125,,180.0,3.0,3.0,,180.0,3.0,3.333
0.91283864,,0.91283858,201.7,201.2,think,30,en-us,208.29125,,180.0,3.0,3.0,,180.0,3.0,3.333
0.91283864,,0.91283858,202.0,201.7,their,30,en-us,208.29125,,180.0,3.0,3.0,,180.0,3.0,3.333
0.91283864,,0.91283858,202.6,202.0,own,30,en-us,208.29125,,180.0,3.0,3.0,,180.0,3.0,3.333
0.91283864,,0.91283858,203.6,203.1,country,30,en-us,208.29125,,185.0,3.333,3.333,,185.0,3.333,3.667
0.91283864,,0.91283858,204.0,203.6,so,30,en-us,208.29125,,185.0,3.333,3.333,,185.0,3.333,3.667
0.91283864,,0.91283858,204.3,204.0,she'll,30,en-us,208.29125,,185.0,3.333,3.333,,185.0,3.333,3.667
0.91283864,,0.91283858,204.8,204.3,provide,30,en-us,208.29125,,185.0,3.333,3.333,,185.0,3.333,3.667
0.91283864,,0.91283858,204.8,204.8,the,30,en-us,208.29125,,185.0,3.333,3.333,,185.0,3.333,3.667
0.91283864,,0.91283858,205.5,204.8,solution,30,en-us,208.29125,,185.0,3.333,3.333,,185.0,3.333,3.667
0.91283864,,0.91283858,206.1,205.6,like,30,en-us,208.29125,,185.0,3.333,3.333,,185.0,3.333,3.667
0.91283864,,0.91283858,207.8,207.1,they,30,en-us,208.29125,,185.0,3.333,3.333,,185.0,3.333,3.667
0.75658113, profile like a shelter for for the citizens,0.55478346,209.8,209.0,profile,29,en-us,215.497554,,190.0,3.667,3.667,,190.0,3.667,3.667
0.75658113,,0.85082877,210.7,210.2,like,29,en-us,215.497554,,190.0,3.667,3.667,,190.0,3.667,3.667
0.75658113,,0.91283858,210.8,210.7,a,29,en-us,215.497554,,190.0,3.667,3.667,,190.0,3.667,3.667
0.75658113,,0.70161253,211.7,210.8,shelter,29,en-us,215.497554,,190.0,3.667,3.667,,190.0,3.667,3.667
0.75658113,,0.88100135,212.3,212.0,for,29,en-us,215.497554,,190.0,3.667,3.667,,190.0,3.667,3.667
0.75658113,,0.70161259,212.6,212.4,for,29,en-us,215.497554,,190.0,3.667,3.667,,190.0,3.667,3.667
0.75658113,,0.67986125,213.4,212.6,the,29,en-us,215.497554,,190.0,3.667,3.667,,190.0,3.667,3.667
0.75658113,,0.77011079,215.1,214.3,citizens,29,en-us,215.497554,,195.0,3.333,3.333,,195.0,3.667,3.667
0.87703443, like a safe shelter and so that they do not come to order another another country yeah I think that will be,0.91283858,216.6,216.4,like,30,en-us,225.770797,,195.0,3.333,3.333,,195.0,3.667,3.667
0.87703443,,0.91283858,216.7,216.6,a,30,en-us,225.770797,,195.0,3.333,3.333,,195.0,3.667,3.667
0.87703443,,0.91283858,217.1,216.7,safe,30,en-us,225.770797,,195.0,3.333,3.333,,195.0,3.667,3.667
0.87703443,,0.91283858,217.7,217.1,shelter,30,en-us,225.770797,,195.0,3.333,3.333,,195.0,3.667,3.667
0.87703443,,0.91283858,218.0,217.9,and,30,en-us,225.770797,,195.0,3.333,3.333,,195.0,3.667,3.667
0.87703443,,0.91283858,218.1,218.0,so,30,en-us,225.770797,,195.0,3.333,3.333,,195.0,3.667,3.667
0.87703443,,0.91283858,218.4,218.1,that,30,en-us,225.770797,,195.0,3.333,3.333,,195.0,3.667,3.667
0.87703443,,0.91283858,218.8,218.4,they,30,en-us,225.770797,,195.0,3.333,3.333,,195.0,3.667,3.667
0.87703443,,0.91283858,219.4,219.2,do,30,en-us,225.770797,,195.0,3.333,3.333,,195.0,3.667,3.667
0.87703443,,0.91283858,219.8,219.4,not,30,en-us,225.770797,,200.0,3.333,3.333,,200.0,3.0,3.0
0.87703443,,0.91283858,220.1,219.8,come,30,en-us,225.770797,,200.0,3.333,3.333,,200.0,3.0,3.0
0.87703443,,0.91283858,220.2,220.1,to,30,en-us,225.770797,,200.0,3.333,3.333,,200.0,3.0,3.0
0.87703443,,0.72111392,220.4,220.2,order,30,en-us,225.770797,,200.0,3.333,3.333,,200.0,3.0,3.0
0.87703443,,0.91283858,221.0,220.5,another,30,en-us,225.770797,,200.0,3.333,3.333,,200.0,3.0,3.0
0.87703443,,0.78406936,221.4,221.0,another,30,en-us,225.770797,,200.0,3.333,3.333,,200.0,3.0,3.0
0.87703443,,0.88828254,222.1,221.4,country,30,en-us,225.770797,,200.0,3.333,3.333,,200.0,3.0,3.0
0.87703443,,0.74061686,223.1,222.6,yeah,30,en-us,225.770797,,200.0,3.333,3.333,,200.0,3.0,3.0
0.87703443,,0.87971628,223.7,223.6,I,30,en-us,225.770797,,200.0,3.333,3.333,,200.0,3.0,3.0
0.87703443,,0.89638329,224.0,223.7,think,30,en-us,225.770797,,200.0,3.333,3.333,,200.0,3.0,3.0
0.87703443,,0.91283858,224.2,224.0,that,30,en-us,225.770797,,200.0,3.333,3.333,,200.0,3.0,3.0
0.87703443,,0.87366712,224.4,224.2,will,30,en-us,225.770797,,200.0,3.333,3.333,,200.0,3.0,3.0
0.87703443,,0.73116952,224.8,224.4,be,30,en-us,225.770797,,205.0,3.333,3.0,,205.0,3.0,3.0
0.69104391, I like yourself if there's like you know that countries do it under or I can't imagine what it would be but I recently read that Korea has like their birth rate is getting lower and lower and lower and so like and they there are the number of foreigners,0.91283858,226.9,226.8,I,30,en-us,256.53039,,205.0,3.333,3.0,,205.0,3.0,3.0
0.69104391,,0.91283858,227.2,226.9,like,30,en-us,256.53039,,205.0,3.333,3.0,,205.0,3.0,3.0
0.69104391,,0.91283858,227.5,227.2,yourself,30,en-us,256.53039,,205.0,3.333,3.0,,205.0,3.0,3.0
0.69104391,,0.91283858,230.1,230.0,if,30,en-us,256.53039,,205.0,3.333,3.0,,205.0,3.0,3.0
0.69104391,,0.7289331,230.6,230.1,there's,30,en-us,256.53039,,205.0,3.333,3.0,,205.0,3.0,3.0
0.69104391,,0.70128208,231.0,230.6,like,30,en-us,256.53039,,205.0,3.333,3.0,,205.0,3.0,3.0
0.69104391,,0.91283858,231.2,231.1,you,30,en-us,256.53039,,205.0,3.333,3.0,,205.0,3.0,3.0
0.69104391,,0.58776915,231.4,231.2,know,30,en-us,256.53039,,205.0,3.333,3.0,,205.0,3.0,3.0
0.69104391,,0.65804535,231.7,231.4,that,30,en-us,256.53039,,205.0,3.333,3.0,,205.0,3.0,3.0
0.69104391,,0.64139003,232.1,231.7,countries,30,en-us,256.53039,,210.0,3.333,3.0,,210.0,2.667,2.667
0.69104391,,0.91283858,232.2,232.1,do,30,en-us,256.53039,,210.0,3.333,3.0,,210.0,2.667,2.667
0.69104391,,0.58776915,232.4,232.2,it,30,en-us,256.53039,,210.0,3.333,3.0,,210.0,2.667,2.667
0.69104391,,0.71772736,232.8,232.5,under,30,en-us,256.53039,,210.0,3.333,3.0,,210.0,2.667,2.667
0.69104391,,0.52735168,233.2,232.8,or,30,en-us,256.53039,,210.0,3.333,3.0,,210.0,2.667,2.667
0.69104391,,0.43486249,235.3,235.2,I,30,en-us,256.53039,,210.0,3.333,3.0,,210.0,2.667,2.667
0.69104391,,0.91283858,235.5,235.3,can't,30,en-us,256.53039,,210.0,3.333,3.0,,210.0,2.667,2.667
0.69104391,,0.55355465,235.9,235.5,imagine,30,en-us,256.53039,,210.0,3.333,3.0,,210.0,2.667,2.667
0.69104391,,0.91283858,236.0,235.9,what,30,en-us,256.53039,,210.0,3.333,3.0,,210.0,2.667,2.667
0.69104391,,0.71048635,236.1,236.0,it,30,en-us,256.53039,,210.0,3.333,3.0,,210.0,2.667,2.667
0.69104391,,0.91283858,237.3,237.2,would,30,en-us,256.53039,,215.0,3.0,3.0,,215.0,2.667,2.667
0.69104391,,0.54201931,237.6,237.3,be,30,en-us,256.53039,,215.0,3.0,3.0,,215.0,2.667,2.667
0.69104391,,0.52753788,238.7,238.2,but,30,en-us,256.53039,,215.0,3.0,3.0,,215.0,2.667,2.667
0.69104391,,0.43486249,240.3,240.1,I,30,en-us,256.53039,,215.0,3.0,3.0,,215.0,2.667,2.667
0.69104391,,0.61505502,241.0,240.3,recently,30,en-us,256.53039,,215.0,3.0,3.0,,215.0,2.667,2.667
0.69104391,,0.72447598,241.2,241.0,read,30,en-us,256.53039,,215.0,3.0,3.0,,215.0,2.667,2.667
0.69104391,,0.54557407,241.6,241.2,that,30,en-us,256.53039,,215.0,3.0,3.0,,215.0,2.667,2.667
0.69104391,,0.87651271,242.0,241.6,Korea,30,en-us,256.53039,,215.0,3.0,3.0,,215.0,2.667,2.667
0.69104391,,0.56295061,242.3,242.0,has,30,en-us,256.53039,,215.0,3.0,3.0,,215.0,2.667,2.667
0.69104391,,0.69817698,242.9,242.3,like,30,en-us,256.53039,,220.0,3.0,3.0,,220.0,2.667,2.667
0.69104391,,0.65804535,244.1,243.7,their,30,en-us,256.53039,,220.0,3.0,3.0,,220.0,2.667,2.667
0.69104391,,0.77694178,244.6,244.1,birth,30,en-us,256.53039,,220.0,3.0,3.0,,220.0,2.667,2.667
0.69104391,,0.56295061,244.9,244.6,rate,30,en-us,256.53039,,220.0,3.0,3.0,,220.0,2.667,2.667
0.69104391,,0.71048635,245.0,244.9,is,30,en-us,256.53039,,220.0,3.0,3.0,,220.0,2.667,2.667
0.69104391,,0.61455894,245.4,245.0,getting,30,en-us,256.53039,,220.0,3.0,3.0,,220.0,2.667,2.667
0.69104391,,0.91283858,245.7,245.4,lower,30,en-us,256.53039,,220.0,3.0,3.0,,220.0,2.667,2.667
0.69104391,,0.69567972,245.9,245.7,and,30,en-us,256.53039,,220.0,3.0,3.0,,220.0,2.667,2.667
0.69104391,,0.55355465,246.1,245.9,lower,30,en-us,256.53039,,220.0,3.0,3.0,,220.0,2.667,2.667
0.69104391,,0.91283858,246.2,246.1,and,30,en-us,256.53039,,220.0,3.0,3.0,,220.0,2.667,2.667
0.69104391,,0.51317781,246.6,246.2,lower,30,en-us,256.53039,,220.0,3.0,3.0,,220.0,2.667,2.667
0.69104391,,0.60358268,248.2,247.3,and,30,en-us,256.53039,,220.0,3.0,3.0,,220.0,2.667,2.667
0.69104391,,0.65804535,248.9,248.4,so,30,en-us,256.53039,,225.0,3.333,3.333,,225.0,2.667,3.0
0.69104391,,0.71048635,249.4,248.9,like,30,en-us,256.53039,,225.0,3.333,3.333,,225.0,2.667,3.0
0.69104391,,0.62438661,250.9,250.1,and,30,en-us,256.53039,,225.0,3.333,3.333,,225.0,2.667,3.0
0.69104391,,0.55355465,251.7,251.0,they,30,en-us,256.53039,,225.0,3.333,3.333,,225.0,2.667,3.0
0.69104391,,0.72219276,252.8,252.5,there,30,en-us,256.53039,,225.0,3.333,3.333,,225.0,2.667,3.0
0.69104391,,0.55456764,253.1,252.8,are,30,en-us,256.53039,,225.0,3.333,3.333,,225.0,2.667,3.0
0.69104391,,0.39876217,253.7,253.6,the,30,en-us,256.53039,,230.0,3.667,3.667,,230.0,3.667,3.667
0.69104391,,0.91283858,254.0,253.7,number,30,en-us,256.53039,,230.0,3.667,3.667,,230.0,3.667,3.667
0.69104391,,0.54105675,254.4,254.0,of,30,en-us,256.53039,,230.0,3.667,3.667,,230.0,3.667,3.667
0.69104391,,0.76977259,256.3,255.8,foreigners,30,en-us,256.53039,,230.0,3.667,3.667,,230.0,3.667,3.667
0.90433609, living here is also there's a showing of Ingress Ingress right so it's like I think Korea should start accepting that they are should be more exposed to International I mean like other other other people other everyone at this Korean guess like they start,0.91283858,256.8,256.6,living,30,en-us,286.488167,,230.0,3.667,3.667,,230.0,3.667,3.667
0.90433609,,0.91283858,256.9,256.8,here,30,en-us,286.488167,,230.0,3.667,3.667,,230.0,3.667,3.667
0.90433609,,0.91283858,257.0,256.9,is,30,en-us,286.488167,,230.0,3.667,3.667,,230.0,3.667,3.667
0.90433609,,0.91283858,257.6,257.0,also,30,en-us,286.488167,,230.0,3.667,3.667,,230.0,3.667,3.667
0.90433609,,0.91283858,258.1,257.6,there's,30,en-us,286.488167,,230.0,3.667,3.667,,230.0,3.667,3.667
0.90433609,,0.91283858,258.1,258.1,a,30,en-us,286.488167,,230.0,3.667,3.667,,230.0,3.667,3.667
0.90433609,,0.91283858,258.4,258.1,showing,30,en-us,286.488167,,230.0,3.667,3.667,,230.0,3.667,3.667
0.90433609,,0.91283858,258.6,258.4,of,30,en-us,286.488167,,235.0,3.333,3.333,,235.0,3.333,3.667
0.90433609,,0.91283858,259.2,258.6,Ingress,30,en-us,286.488167,,235.0,3.333,3.333,,235.0,3.333,3.667
0.90433609,,0.91283858,260.1,259.8,Ingress,30,en-us,286.488167,,235.0,3.333,3.333,,235.0,3.333,3.667
0.90433609,,0.91283858,260.7,260.1,right,30,en-us,286.488167,,235.0,3.333,3.333,,235.0,3.333,3.667
0.90433609,,0.91283858,261.5,260.9,so,30,en-us,286.488167,,235.0,3.333,3.333,,235.0,3.333,3.667
0.90433609,,0.91283858,261.9,261.7,it's,30,en-us,286.488167,,235.0,3.333,3.333,,235.0,3.333,3.667
0.90433609,,0.91283858,262.4,261.9,like,30,en-us,286.488167,,235.0,3.333,3.333,,235.0,3.333,3.667
0.90433609,,0.91283858,262.7,262.6,I,30,en-us,286.488167,,235.0,3.333,3.333,,235.0,3.333,3.667
0.90433609,,0.91283858,263.1,262.7,think,30,en-us,286.488167,,235.0,3.333,3.333,,235.0,3.333,3.667
0.90433609,,0.91283858,264.3,264.0,Korea,30,en-us,286.488167,,240.0,2.667,3.0,,240.0,3.0,3.333
0.90433609,,0.91283858,264.8,264.3,should,30,en-us,286.488167,,240.0,2.667,3.0,,240.0,3.0,3.333
0.90433609,,0.91283858,265.5,264.8,start,30,en-us,286.488167,,240.0,2.667,3.0,,240.0,3.0,3.333
0.90433609,,0.91283858,266.1,265.6,accepting,30,en-us,286.488167,,240.0,2.667,3.0,,240.0,3.0,3.333
0.90433609,,0.91283858,266.5,266.1,that,30,en-us,286.488167,,240.0,2.667,3.0,,240.0,3.0,3.333
0.90433609,,0.91283858,267.5,267.4,they,30,en-us,286.488167,,240.0,2.667,3.0,,240.0,3.0,3.333
0.90433609,,0.91283858,267.8,267.5,are,30,en-us,286.488167,,240.0,2.667,3.0,,240.0,3.0,3.333
0.90433609,,0.91283858,268.1,267.8,should,30,en-us,286.488167,,240.0,2.667,3.0,,240.0,3.0,3.333
0.90433609,,0.91283858,268.2,268.1,be,30,en-us,286.488167,,240.0,2.667,3.0,,240.0,3.0,3.333
0.90433609,,0.91283858,268.4,268.2,more,30,en-us,286.488167,,240.0,2.667,3.0,,240.0,3.0,3.333
0.90433609,,0.91283858,268.8,268.4,exposed,30,en-us,286.488167,,240.0,2.667,3.0,,240.0,3.0,3.333
0.90433609,,0.91283858,269.2,268.8,to,30,en-us,286.488167,,245.0,3.333,3.0,,245.0,3.333,3.0
0.90433609,,0.91283858,271.4,270.4,International,30,en-us,286.488167,,245.0,3.333,3.0,,245.0,3.333,3.0
0.90433609,,0.91283858,272.6,272.5,I,30,en-us,286.488167,,245.0,3.333,3.0,,245.0,3.333,3.0
0.90433609,,0.91283858,272.8,272.6,mean,30,en-us,286.488167,,245.0,3.333,3.0,,245.0,3.333,3.0
0.90433609,,0.91283858,273.1,272.8,like,30,en-us,286.488167,,245.0,3.333,3.0,,245.0,3.333,3.0
0.90433609,,0.91283858,273.7,273.1,other,30,en-us,286.488167,,245.0,3.333,3.0,,245.0,3.333,3.0
0.90433609,,0.91283858,277.1,276.4,other,30,en-us,286.488167,,250.0,2.667,3.0,,250.0,3.333,3.333
0.90433609,,0.91283858,279.7,279.0,other,30,en-us,286.488167,,250.0,2.667,3.0,,250.0,3.333,3.333
0.90433609,,0.91283858,280.3,279.8,people,30,en-us,286.488167,,255.0,2.667,3.0,,255.0,3.0,3.0
0.90433609,,0.91283858,281.1,280.7,other,30,en-us,286.488167,,255.0,2.667,3.0,,255.0,3.0,3.0
0.90433609,,0.91283858,281.6,281.1,everyone,30,en-us,286.488167,,255.0,2.667,3.0,,255.0,3.0,3.0
0.90433609,,0.91283858,281.7,281.6,at,30,en-us,286.488167,,255.0,2.667,3.0,,255.0,3.0,3.0
0.90433609,,0.91283858,282.1,281.7,this,30,en-us,286.488167,,255.0,2.667,3.0,,255.0,3.0,3.0
0.90433609,,0.91283858,282.7,282.3,Korean,30,en-us,286.488167,,255.0,2.667,3.0,,255.0,3.0,3.0
0.90433609,,0.75652379,283.0,282.7,guess,30,en-us,286.488167,,255.0,2.667,3.0,,255.0,3.0,3.0
0.90433609,,0.88340133,283.6,283.1,like,30,en-us,286.488167,,255.0,2.667,3.0,,255.0,3.0,3.0
0.90433609,,0.79376101,285.2,284.2,they,30,en-us,286.488167,,255.0,2.667,3.0,,255.0,3.0,3.0
0.90433609,,0.83506829,286.0,285.3,start,30,en-us,286.488167,,260.0,2.667,3.0,,260.0,3.0,3.0
0.82293081, interest in Korean and also during which also curious one of the their destination for Refugee and that and also because of this issue actually like the the other parts of the world like the other countries see Korea is like resist or semicolon come here yeah so yeah I mean it's not good for Korea,0.91283858,287.2,286.5,interest,30,en-us,316.506082,,260.0,2.667,3.0,,260.0,3.0,3.0
0.82293081,,0.91283858,288.1,287.4,in,30,en-us,316.506082,,260.0,2.667,3.0,,260.0,3.0,3.0
0.82293081,,0.91283858,288.5,288.1,Korean,30,en-us,316.506082,,260.0,2.667,3.0,,260.0,3.0,3.0
0.82293081,,0.91283858,288.9,288.5,and,30,en-us,316.506082,,260.0,2.667,3.0,,260.0,3.0,3.0
0.82293081,,0.91283858,289.2,289.0,also,30,en-us,316.506082,,260.0,2.667,3.0,,260.0,3.0,3.0
0.82293081,,0.91283858,289.6,289.2,during,30,en-us,316.506082,,260.0,2.667,3.0,,260.0,3.0,3.0
0.82293081,,0.91283858,289.7,289.6,which,30,en-us,316.506082,,260.0,2.667,3.0,,260.0,3.0,3.0
0.82293081,,0.91283858,290.3,289.7,also,30,en-us,316.506082,,260.0,2.667,3.0,,260.0,3.0,3.0
0.82293081,,0.91283858,291.7,290.9,curious,30,en-us,316.506082,,265.0,2.667,3.0,,265.0,3.0,3.0
0.82293081,,0.91283858,292.0,291.7,one,30,en-us,316.506082,,265.0,2.667,3.0,,265.0,3.0,3.0
0.82293081,,0.91283858,292.3,292.0,of,30,en-us,316.506082,,265.0,2.667,3.0,,265.0,3.0,3.0
0.82293081,,0.91283858,292.9,292.3,the,30,en-us,316.506082,,265.0,2.667,3.0,,265.0,3.0,3.0
0.82293081,,0.91283858,293.6,293.2,their,30,en-us,316.506082,,265.0,2.667,3.0,,265.0,3.0,3.0
0.82293081,,0.91283858,294.5,293.6,destination,30,en-us,316.506082,,265.0,2.667,3.0,,265.0,3.0,3.0
0.82293081,,0.91283858,296.3,296.0,for,30,en-us,316.506082,,270.0,2.667,3.0,,270.0,3.0,3.0
0.82293081,,0.72588187,297.2,296.5,Refugee,30,en-us,316.506082,,270.0,2.667,3.0,,270.0,3.0,3.0
0.82293081,,0.91283858,298.4,297.9,and,30,en-us,316.506082,,270.0,2.667,3.0,,270.0,3.0,3.0
0.82293081,,0.76501137,298.8,298.4,that,30,en-us,316.506082,,270.0,2.667,3.0,,270.0,3.0,3.0
0.82293081,,0.91283858,299.1,298.8,and,30,en-us,316.506082,,270.0,2.667,3.0,,270.0,3.0,3.0
0.82293081,,0.91283858,299.3,299.1,also,30,en-us,316.506082,,270.0,2.667,3.0,,270.0,3.0,3.0
0.82293081,,0.85209727,299.7,299.3,because,30,en-us,316.506082,,270.0,2.667,3.0,,270.0,3.0,3.0
0.82293081,,0.89215779,299.8,299.7,of,30,en-us,316.506082,,270.0,2.667,3.0,,270.0,3.0,3.0
0.82293081,,0.76692319,300.2,299.8,this,30,en-us,316.506082,,270.0,2.667,3.0,,270.0,3.0,3.0
0.82293081,,0.76356214,300.7,300.2,issue,30,en-us,316.506082,,270.0,2.667,3.0,,270.0,3.0,3.0
0.82293081,,0.75968021,301.1,300.7,actually,30,en-us,316.506082,,275.0,2.667,3.0,,275.0,3.0,3.0
0.82293081,,0.77576321,301.8,301.1,like,30,en-us,316.506082,,275.0,2.667,3.0,,275.0,3.0,3.0
0.82293081,,0.91283858,302.5,302.1,the,30,en-us,316.506082,,275.0,2.667,3.0,,275.0,3.0,3.0
0.82293081,,0.72897196,302.9,302.7,the,30,en-us,316.506082,,275.0,2.667,3.0,,275.0,3.0,3.0
0.82293081,,0.89215761,303.2,302.9,other,30,en-us,316.506082,,275.0,2.667,3.0,,275.0,3.0,3.0
0.82293081,,0.91283858,303.4,303.2,parts,30,en-us,316.506082,,275.0,2.667,3.0,,275.0,3.0,3.0
0.82293081,,0.74625957,303.5,303.4,of,30,en-us,316.506082,,275.0,2.667,3.0,,275.0,3.0,3.0
0.82293081,,0.91283858,303.6,303.5,the,30,en-us,316.506082,,275.0,2.667,3.0,,275.0,3.0,3.0
0.82293081,,0.77025086,303.9,303.6,world,30,en-us,316.506082,,275.0,2.667,3.0,,275.0,3.0,3.0
0.82293081,,0.76186919,304.1,303.9,like,30,en-us,316.506082,,275.0,2.667,3.0,,275.0,3.0,3.0
0.82293081,,0.72577715,304.4,304.3,the,30,en-us,316.506082,,275.0,2.667,3.0,,275.0,3.0,3.0
0.82293081,,0.91283858,304.6,304.4,other,30,en-us,316.506082,,275.0,2.667,3.0,,275.0,3.0,3.0
0.82293081,,0.91283858,305.1,304.6,countries,30,en-us,316.506082,,275.0,2.667,3.0,,275.0,3.0,3.0
0.82293081,,0.91283858,305.3,305.1,see,30,en-us,316.506082,,275.0,2.667,3.0,,275.0,3.0,3.0
0.82293081,,0.91283858,305.7,305.3,Korea,30,en-us,316.506082,,275.0,2.667,3.0,,275.0,3.0,3.0
0.82293081,,0.91283858,306.0,305.7,is,30,en-us,316.506082,,275.0,2.667,3.0,,275.0,3.0,3.0
0.82293081,,0.84747916,306.5,306.0,like,30,en-us,316.506082,,275.0,2.667,3.0,,275.0,3.0,3.0
0.82293081,,0.91283858,307.1,306.5,resist,30,en-us,316.506082,,275.0,2.667,3.0,,275.0,3.0,3.0
0.82293081,,0.91283858,307.5,307.3,or,30,en-us,316.506082,,280.0,2.667,3.0,,280.0,3.0,3.0
0.82293081,,0.72334534,308.1,307.5,semicolon,30,en-us,316.506082,,280.0,2.667,3.0,,280.0,3.0,3.0
0.82293081,,0.60185724,308.5,308.3,come,30,en-us,316.506082,,280.0,2.667,3.0,,280.0,3.0,3.0
0.82293081,,0.54874742,308.9,308.5,here,30,en-us,316.506082,,280.0,2.667,3.0,,280.0,3.0,3.0
0.82293081,,0.6671772,310.0,309.5,yeah,30,en-us,316.506082,,280.0,2.667,3.0,,280.0,3.0,3.0
0.82293081,,0.62558275,310.5,310.0,so,30,en-us,316.506082,,280.0,2.667,3.0,,280.0,3.0,3.0
0.82293081,,0.6314472,312.5,312.1,yeah,30,en-us,316.506082,,280.0,2.667,3.0,,280.0,3.0,3.0
0.82293081,,0.52051789,312.5,312.5,I,30,en-us,316.506082,,280.0,2.667,3.0,,280.0,3.0,3.0
0.82293081,,0.7286545,312.8,312.5,mean,30,en-us,316.506082,,280.0,2.667,3.0,,280.0,3.0,3.0
0.82293081,,0.91283858,313.0,312.8,it's,30,en-us,316.506082,,285.0,2.667,3.0,,285.0,3.0,3.0
0.82293081,,0.5993973,313.4,313.0,not,30,en-us,316.506082,,285.0,2.667,3.0,,285.0,3.0,3.0
0.82293081,,0.72114849,314.1,313.7,good,30,en-us,316.506082,,285.0,2.667,3.0,,285.0,3.0,3.0
0.82293081,,0.5993973,315.8,315.5,for,30,en-us,316.506082,,285.0,2.667,3.0,,285.0,3.0,3.0
0.82293081,,0.87070137,316.3,315.9,Korea,30,en-us,316.506082,,285.0,2.667,3.0,,285.0,3.0,3.0
0.78377354, I'm like that International outside of their country like you say that there are already many foreigners that the already live here in Korea it's still a little but it increased little by little hey and now it with the number of refugees I think they're already a lot of foreigners and Koreans I think it's normal for,0.71856415,316.9,316.8,I'm,30,en-us,346.483905,,285.0,2.667,3.0,,285.0,3.0,3.0
0.78377354,,0.84922278,317.2,316.9,like,30,en-us,346.483905,,285.0,2.667,3.0,,285.0,3.0,3.0
0.78377354,,0.75180787,317.6,317.2,that,30,en-us,346.483905,,285.0,2.667,3.0,,285.0,3.0,3.0
0.78377354,,0.7625525,319.6,319.1,International,30,en-us,346.483905,,290.0,2.667,3.0,,290.0,3.0,3.0
0.78377354,,0.83390874,321.0,320.3,outside,30,en-us,346.483905,,290.0,2.667,3.0,,290.0,3.0,3.0
0.78377354,,0.91283858,321.5,321.3,of,30,en-us,346.483905,,290.0,2.667,3.0,,290.0,3.0,3.0
0.78377354,,0.91283858,321.6,321.5,their,30,en-us,346.483905,,290.0,2.667,3.0,,290.0,3.0,3.0
0.78377354,,0.72681737,322.2,321.6,country,30,en-us,346.483905,,290.0,2.667,3.0,,290.0,3.0,3.0
0.78377354,,0.91283858,324.5,324.2,like,30,en-us,346.483905,,295.0,2.667,3.0,,295.0,3.333,3.0
0.78377354,,0.87642783,324.6,324.5,you,30,en-us,346.483905,,295.0,2.667,3.0,,295.0,3.333,3.0
0.78377354,,0.80961478,325.0,324.6,say,30,en-us,346.483905,,295.0,2.667,3.0,,295.0,3.333,3.0
0.78377354,,0.71496874,325.8,325.0,that,30,en-us,346.483905,,295.0,2.667,3.0,,295.0,3.333,3.0
0.78377354,,0.74223542,327.5,326.9,there,30,en-us,346.483905,,295.0,2.667,3.0,,295.0,3.333,3.0
0.78377354,,0.7051819,327.6,327.5,are,30,en-us,346.483905,,295.0,2.667,3.0,,295.0,3.333,3.0
0.78377354,,0.7250101,328.0,327.6,already,30,en-us,346.483905,,295.0,2.667,3.0,,295.0,3.333,3.0
0.78377354,,0.74678582,328.4,328.0,many,30,en-us,346.483905,,295.0,2.667,3.0,,295.0,3.333,3.0
0.78377354,,0.84156364,329.1,328.4,foreigners,30,en-us,346.483905,,295.0,2.667,3.0,,295.0,3.333,3.0
0.78377354,,0.71818727,329.6,329.1,that,30,en-us,346.483905,,300.0,2.667,3.0,,300.0,3.333,3.0
0.78377354,,0.7218138,330.6,329.8,the,30,en-us,346.483905,,300.0,2.667,3.0,,300.0,3.333,3.0
0.78377354,,0.72323543,331.5,330.7,already,30,en-us,346.483905,,300.0,2.667,3.0,,300.0,3.333,3.0
0.78377354,,0.91283858,331.8,331.5,live,30,en-us,346.483905,,300.0,2.667,3.0,,300.0,3.333,3.0
0.78377354,,0.72444999,332.1,331.8,here,30,en-us,346.483905,,300.0,2.667,3.0,,300.0,3.333,3.0
0.78377354,,0.91283858,332.2,332.1,in,30,en-us,346.483905,,300.0,2.667,3.0,,300.0,3.333,3.0
0.78377354,,0.81518304,332.8,332.2,Korea,30,en-us,346.483905,,300.0,2.667,3.0,,300.0,3.333,3.0
0.78377354,,0.91283858,333.1,332.9,it's,30,en-us,346.483905,,300.0,2.667,3.0,,300.0,3.333,3.0
0.78377354,,0.91283858,333.3,333.1,still,30,en-us,346.483905,,300.0,2.667,3.0,,300.0,3.333,3.0
0.78377354,,0.7051819,333.3,333.3,a,30,en-us,346.483905,,300.0,2.667,3.0,,300.0,3.333,3.0
0.78377354,,0.72094905,333.6,333.3,little,30,en-us,346.483905,,300.0,2.667,3.0,,300.0,3.333,3.0
0.78377354,,0.73940885,334.0,333.6,but,30,en-us,346.483905,,300.0,2.667,3.0,,300.0,3.333,3.0
0.78377354,,0.91013324,334.2,334.0,it,30,en-us,346.483905,,300.0,2.667,3.0,,300.0,3.333,3.0
0.78377354,,0.91283858,334.8,334.2,increased,30,en-us,346.483905,,300.0,2.667,3.0,,300.0,3.333,3.0
0.78377354,,0.91283858,335.1,334.8,little,30,en-us,346.483905,,305.0,2.667,3.0,,305.0,3.333,2.667
0.78377354,,0.87642765,335.3,335.1,by,30,en-us,346.483905,,305.0,2.667,3.0,,305.0,3.333,2.667
0.78377354,,0.83785754,335.7,335.3,little,30,en-us,346.483905,,305.0,2.667,3.0,,305.0,3.333,2.667
0.78377354,,0.72965789,336.6,336.1,hey,30,en-us,346.483905,,305.0,2.667,3.0,,305.0,3.333,2.667
0.78377354,,0.91283858,337.1,336.9,and,30,en-us,346.483905,,305.0,2.667,3.0,,305.0,3.333,2.667
0.78377354,,0.74678582,337.4,337.1,now,30,en-us,346.483905,,305.0,2.667,3.0,,305.0,3.333,2.667
0.78377354,,0.74678594,337.5,337.4,it,30,en-us,346.483905,,305.0,2.667,3.0,,305.0,3.333,2.667
0.78377354,,0.91283858,338.7,338.1,with,30,en-us,346.483905,,305.0,2.667,3.0,,305.0,3.333,2.667
0.78377354,,0.723809,339.1,338.7,the,30,en-us,346.483905,,305.0,2.667,3.0,,305.0,3.333,2.667
0.78377354,,0.91283858,339.4,339.1,number,30,en-us,346.483905,,305.0,2.667,3.0,,305.0,3.333,2.667
0.78377354,,0.76531053,339.6,339.4,of,30,en-us,346.483905,,305.0,2.667,3.0,,305.0,3.333,2.667
0.78377354,,0.72700471,340.4,339.6,refugees,30,en-us,346.483905,,305.0,2.667,3.0,,305.0,3.333,2.667
0.78377354,,0.8483271,340.7,340.6,I,30,en-us,346.483905,,310.0,2.667,3.0,,310.0,3.0,3.0
0.78377354,,0.88923341,341.4,340.7,think,30,en-us,346.483905,,310.0,2.667,3.0,,310.0,3.0,3.0
0.78377354,,0.53284836,341.8,341.6,they're,30,en-us,346.483905,,310.0,2.667,3.0,,310.0,3.0,3.0
0.78377354,,0.61277086,342.1,341.8,already,30,en-us,346.483905,,310.0,2.667,3.0,,310.0,3.0,3.0
0.78377354,,0.8799926,342.2,342.1,a,30,en-us,346.483905,,310.0,2.667,3.0,,310.0,3.0,3.0
0.78377354,,0.61462367,342.6,342.2,lot,30,en-us,346.483905,,310.0,2.667,3.0,,310.0,3.0,3.0
0.78377354,,0.56093329,342.9,342.6,of,30,en-us,346.483905,,310.0,2.667,3.0,,310.0,3.0,3.0
0.78377354,,0.72288978,344.2,343.5,foreigners,30,en-us,346.483905,,310.0,2.667,3.0,,310.0,3.0,3.0
0.78377354,,0.72426516,344.3,344.2,and,30,en-us,346.483905,,310.0,2.667,3.0,,310.0,3.0,3.0
0.78377354,,0.55695164,344.9,344.3,Koreans,30,en-us,346.483905,,310.0,2.667,3.0,,310.0,3.0,3.0
0.78377354,,0.69507372,345.3,345.1,I,30,en-us,346.483905,,310.0,2.667,3.0,,310.0,3.0,3.0
0.78377354,,0.91283858,345.5,345.3,think,30,en-us,346.483905,,310.0,2.667,3.0,,310.0,3.0,3.0
0.78377354,,0.73457205,345.7,345.5,it's,30,en-us,346.483905,,310.0,2.667,3.0,,310.0,3.0,3.0
0.78377354,,0.56980413,346.2,345.7,normal,30,en-us,346.483905,,310.0,2.667,3.0,,310.0,3.0,3.0
0.78377354,,0.91283858,346.3,346.2,for,30,en-us,346.483905,,315.0,3.0,3.0,,315.0,3.0,3.0
0.91283858, for the people to protect their culture so that they don't mix with another Foreigner culture right so you don't want to,0.91283858,346.6,346.5,for,29,en-us,376.50182,,315.0,3.0,3.0,,315.0,3.0,3.0
0.91283858,,0.91283858,346.9,346.6,the,29,en-us,376.50182,,315.0,3.0,3.0,,315.0,3.0,3.0
0.91283858,,0.91283858,347.5,346.9,people,29,en-us,376.50182,,315.0,3.0,3.0,,315.0,3.0,3.0
0.91283858,,0.91283858,348.2,347.5,to,29,en-us,376.50182,,315.0,3.0,3.0,,315.0,3.0,3.0
0.91283858,,0.91283858,348.9,348.4,protect,29,en-us,376.50182,,315.0,3.0,3.0,,315.0,3.0,3.0
0.91283858,,0.91283858,349.1,348.9,their,29,en-us,376.50182,,315.0,3.0,3.0,,315.0,3.0,3.0
0.91283858,,0.91283858,349.9,349.1,culture,29,en-us,376.50182,,315.0,3.0,3.0,,315.0,3.0,3.0
0.91283858,,0.91283858,350.5,350.3,so,29,en-us,376.50182,,315.0,3.0,3.0,,315.0,3.0,3.0
0.91283858,,0.91283858,350.8,350.5,that,29,en-us,376.50182,,315.0,3.0,3.0,,315.0,3.0,3.0
0.91283858,,0.91283858,350.9,350.8,they,29,en-us,376.50182,,315.0,3.0,3.0,,315.0,3.0,3.0
0.91283858,,0.91283858,351.3,350.9,don't,29,en-us,376.50182,,315.0,3.0,3.0,,315.0,3.0,3.0
0.91283858,,0.91283858,351.8,351.3,mix,29,en-us,376.50182,,315.0,3.0,3.0,,315.0,3.0,3.0
0.91283858,,0.91283858,352.6,352.0,with,30,en-us,376.50182,,315.0,3.0,3.0,,315.0,3.0,3.0
0.91283858,,0.91283858,353.4,352.6,another,30,en-us,376.50182,,320.0,3.0,3.0,,320.0,3.0,3.0
0.91283858,,0.91283858,355.8,355.4,Foreigner,29,en-us,376.50182,,320.0,3.0,3.0,,320.0,3.0,3.0
0.91283858,,0.91283858,356.6,355.8,culture,29,en-us,376.50182,,320.0,3.0,3.0,,320.0,3.0,3.0
0.91283858,,0.91283858,358.7,358.2,right,29,en-us,376.50182,,325.0,3.0,3.0,,325.0,3.333,3.333
0.91283858,,0.91283858,359.5,359.3,so,29,en-us,376.50182,,325.0,3.0,3.0,,325.0,3.333,3.333
0.91283858,,0.91283858,359.6,359.5,you,29,en-us,376.50182,,325.0,3.0,3.0,,325.0,3.333,3.333
0.91283858,,0.91283858,360.0,359.6,don't,29,en-us,376.50182,,325.0,3.0,3.0,,325.0,3.333,3.333
0.91283858,,0.91283858,360.2,360.0,want,29,en-us,376.50182,,325.0,3.0,3.0,,325.0,3.333,3.333
0.91283858,,0.91283858,360.5,360.2,to,29,en-us,376.50182,,325.0,3.0,3.0,,325.0,3.333,3.333
0.69311047, it is normal for two people to like protect first to protect your culture and then also I think they argue also about the safety of the Korean citizens like there's a killing or right only Korean woman speaking of safety,0.91283858,369.7,369.6,it,29,en-us,394.392297,,330.0,3.0,3.0,,330.0,3.0,3.0
0.69311047,,0.91283858,369.8,369.7,is,29,en-us,394.392297,,330.0,3.0,3.0,,330.0,3.0,3.0
0.69311047,,0.91283858,370.2,369.8,normal,29,en-us,394.392297,,330.0,3.0,3.0,,330.0,3.0,3.0
0.69311047,,0.91283858,370.4,370.2,for,29,en-us,394.392297,,330.0,3.0,3.0,,330.0,3.0,3.0
0.69311047,,0.36650109,370.5,370.4,two,29,en-us,394.392297,,330.0,3.0,3.0,,330.0,3.0,3.0
0.69311047,,0.64459372,371.1,370.5,people,29,en-us,394.392297,,330.0,3.0,3.0,,330.0,3.0,3.0
0.69311047,,0.67593986,371.5,371.3,to,29,en-us,394.392297,,330.0,3.0,3.0,,330.0,3.0,3.0
0.69311047,,0.68229693,372.0,371.5,like,29,en-us,394.392297,,330.0,3.0,3.0,,330.0,3.0,3.0
0.69311047,,0.7203061,372.8,372.2,protect,29,en-us,394.392297,,330.0,3.0,3.0,,330.0,3.0,3.0
0.69311047,,0.91283858,373.2,372.8,first,29,en-us,394.392297,,330.0,3.0,3.0,,330.0,3.0,3.0
0.69311047,,0.91283858,373.3,373.2,to,29,en-us,394.392297,,330.0,3.0,3.0,,330.0,3.0,3.0
0.69311047,,0.62916934,373.8,373.3,protect,29,en-us,394.392297,,330.0,3.0,3.0,,330.0,3.0,3.0
0.69311047,,0.91283858,373.9,373.8,your,29,en-us,394.392297,,330.0,3.0,3.0,,330.0,3.0,3.0
0.69311047,,0.71816069,374.4,373.9,culture,29,en-us,394.392297,,330.0,3.0,3.0,,330.0,3.0,3.0
0.69311047,,0.49348819,374.7,374.4,and,29,en-us,394.392297,,330.0,3.0,3.0,,330.0,3.0,3.0
0.69311047,,0.74773508,374.9,374.7,then,29,en-us,394.392297,,330.0,3.0,3.0,,330.0,3.0,3.0
0.69311047,,0.51754117,375.6,374.9,also,29,en-us,394.392297,,330.0,3.0,3.0,,330.0,3.0,3.0
0.69311047,,0.62916929,376.7,376.5,I,29,en-us,394.392297,,335.0,3.0,3.0,,335.0,3.0,3.0
0.69311047,,0.34765315,377.2,376.7,think,29,en-us,394.392297,,335.0,3.0,3.0,,335.0,3.0,3.0
0.69311047,,0.52462465,378.7,378.1,they,29,en-us,394.392297,,335.0,3.0,3.0,,335.0,3.0,3.0
0.69311047,,0.75801545,379.3,378.7,argue,29,en-us,394.392297,,335.0,3.0,3.0,,335.0,3.0,3.0
0.69311047,,0.72355253,379.6,379.3,also,29,en-us,394.392297,,335.0,3.0,3.0,,335.0,3.0,3.0
0.69311047,,0.82713825,380.0,379.6,about,29,en-us,394.392297,,335.0,3.0,3.0,,335.0,3.0,3.0
0.69311047,,0.55563664,380.6,380.0,the,29,en-us,394.392297,,335.0,3.0,3.0,,335.0,3.0,3.0
0.69311047,,0.6789701,381.5,380.8,safety,29,en-us,394.392297,,335.0,3.0,3.0,,335.0,3.0,3.0
0.69311047,,0.43948692,381.8,381.5,of,29,en-us,394.392297,,340.0,3.0,3.0,,340.0,3.0,3.0
0.69311047,,0.45078003,382.3,381.8,the,29,en-us,394.392297,,340.0,3.0,3.0,,340.0,3.0,3.0
0.69311047,,0.72200954,383.0,382.4,Korean,29,en-us,394.392297,,340.0,3.0,3.0,,340.0,3.0,3.0
0.69311047,,0.75801551,383.8,383.0,citizens,29,en-us,394.392297,,340.0,3.0,3.0,,340.0,3.0,3.0
0.69311047,,0.72396022,385.0,384.6,like,29,en-us,394.392297,,340.0,3.0,3.0,,340.0,3.0,3.0
0.69311047,,0.88451517,386.7,386.0,there's,29,en-us,394.392297,,340.0,3.0,3.0,,340.0,3.0,3.0
0.69311047,,0.36650109,387.8,387.7,a,29,en-us,394.392297,,340.0,3.0,3.0,,340.0,3.0,3.0
0.69311047,,0.87203044,388.4,387.8,killing,29,en-us,394.392297,,340.0,3.0,3.0,,340.0,3.0,3.0
0.69311047,,0.72624004,388.7,388.4,or,29,en-us,394.392297,,345.0,3.0,3.0,,345.0,3.333,3.0
0.69311047,,0.62509435,389.7,389.1,right,29,en-us,394.392297,,345.0,3.0,3.0,,345.0,3.333,3.0
0.69311047,,0.54238552,390.5,389.8,only,29,en-us,394.392297,,345.0,3.0,3.0,,345.0,3.333,3.0
0.69311047,,0.86085737,391.5,391.2,Korean,29,en-us,394.392297,,345.0,3.0,3.0,,345.0,3.333,3.0
0.69311047,,0.37768605,391.9,391.5,woman,29,en-us,394.392297,,345.0,3.0,3.0,,345.0,3.333,3.0
0.69311047,,0.91283858,393.2,392.9,speaking,29,en-us,394.392297,,345.0,3.0,3.0,,345.0,3.333,3.0
0.69311047,,0.91283858,393.3,393.2,of,29,en-us,394.392297,,345.0,3.0,3.0,,345.0,3.333,3.0
0.69311047,,0.6119265,394.0,393.3,safety,29,en-us,394.392297,,345.0,3.0,3.0,,345.0,3.333,3.0
0.83547622, it doesn't it doesn't guarantee that if this country only consists of real all these Koreans it very the safety because as you know there's a there are some cases like women being raped at Night by a little like the case in the how I think I heard the news about the and like people a woman being killed in real number is some some man,0.91283858,395.0,394.8,it,30,en-us,424.610665,,350.0,3.0,3.0,,350.0,3.0,2.667
0.83547622,,0.91283858,395.6,395.0,doesn't,30,en-us,424.610665,,350.0,3.0,3.0,,350.0,3.0,2.667
0.83547622,,0.91283858,396.9,396.8,it,30,en-us,424.610665,,350.0,3.0,3.0,,350.0,3.0,2.667
0.83547622,,0.91283858,397.2,396.9,doesn't,30,en-us,424.610665,,350.0,3.0,3.0,,350.0,3.0,2.667
0.83547622,,0.91283858,397.7,397.2,guarantee,30,en-us,424.610665,,350.0,3.0,3.0,,350.0,3.0,2.667
0.83547622,,0.91283858,398.2,397.7,that,30,en-us,424.610665,,350.0,3.0,3.0,,350.0,3.0,2.667
0.83547622,,0.91283858,399.1,398.6,if,30,en-us,424.610665,,350.0,3.0,3.0,,350.0,3.0,2.667
0.83547622,,0.91283858,399.6,399.4,this,30,en-us,424.610665,,350.0,3.0,3.0,,350.0,3.0,2.667
0.83547622,,0.91283858,400.1,399.6,country,30,en-us,424.610665,,350.0,3.0,3.0,,350.0,3.0,2.667
0.83547622,,0.91283858,400.5,400.1,only,30,en-us,424.610665,,350.0,3.0,3.0,,350.0,3.0,2.667
0.83547622,,0.72492015,400.9,400.5,consists,30,en-us,424.610665,,350.0,3.0,3.0,,350.0,3.0,2.667
0.83547622,,0.75006676,401.2,400.9,of,30,en-us,424.610665,,350.0,3.0,3.0,,350.0,3.0,2.667
0.83547622,,0.91283858,402.6,402.2,real,30,en-us,424.610665,,355.0,3.333,3.0,,355.0,3.0,3.0
0.83547622,,0.91283858,403.3,403.2,all,30,en-us,424.610665,,355.0,3.333,3.0,,355.0,3.0,3.0
0.83547622,,0.83187491,403.6,403.3,these,30,en-us,424.610665,,355.0,3.333,3.0,,355.0,3.0,3.0
0.83547622,,0.91283858,404.1,403.6,Koreans,30,en-us,424.610665,,355.0,3.333,3.0,,355.0,3.0,3.0
0.83547622,,0.80177635,404.5,404.1,it,30,en-us,424.610665,,355.0,3.333,3.0,,355.0,3.0,3.0
0.83547622,,0.91283858,406.4,406.2,very,30,en-us,424.610665,,355.0,3.333,3.0,,355.0,3.0,3.0
0.83547622,,0.91283858,406.6,406.4,the,30,en-us,424.610665,,355.0,3.333,3.0,,355.0,3.0,3.0
0.83547622,,0.91283858,407.0,406.6,safety,30,en-us,424.610665,,355.0,3.333,3.0,,355.0,3.0,3.0
0.83547622,,0.88071907,407.5,407.0,because,30,en-us,424.610665,,360.0,2.667,3.0,,360.0,3.0,3.0
0.83547622,,0.91283858,407.9,407.7,as,30,en-us,424.610665,,360.0,2.667,3.0,,360.0,3.0,3.0
0.83547622,,0.91283858,408.0,407.9,you,30,en-us,424.610665,,360.0,2.667,3.0,,360.0,3.0,3.0
0.83547622,,0.7608943,408.4,408.0,know,30,en-us,424.610665,,360.0,2.667,3.0,,360.0,3.0,3.0
0.83547622,,0.89596838,409.0,408.6,there's,30,en-us,424.610665,,360.0,2.667,3.0,,360.0,3.0,3.0
0.83547622,,0.72728938,409.4,409.0,a,30,en-us,424.610665,,360.0,2.667,3.0,,360.0,3.0,3.0
0.83547622,,0.91283858,411.2,411.0,there,30,en-us,424.610665,,360.0,2.667,3.0,,360.0,3.0,3.0
0.83547622,,0.89328921,411.4,411.2,are,30,en-us,424.610665,,360.0,2.667,3.0,,360.0,3.0,3.0
0.83547622,,0.76300108,411.6,411.4,some,30,en-us,424.610665,,360.0,2.667,3.0,,360.0,3.0,3.0
0.83547622,,0.77045459,412.0,411.6,cases,30,en-us,424.610665,,360.0,2.667,3.0,,360.0,3.0,3.0
0.83547622,,0.75968027,412.5,412.0,like,30,en-us,424.610665,,360.0,2.667,3.0,,360.0,3.0,3.0
0.83547622,,0.91283858,413.9,413.5,women,30,en-us,424.610665,,365.0,3.667,3.667,,365.0,4.0,4.0
0.83547622,,0.87285888,414.2,413.9,being,30,en-us,424.610665,,365.0,3.667,3.667,,365.0,4.0,4.0
0.83547622,,0.74351704,414.5,414.2,raped,30,en-us,424.610665,,365.0,3.667,3.667,,365.0,4.0,4.0
0.83547622,,0.91283858,414.7,414.5,at,30,en-us,424.610665,,365.0,3.667,3.667,,365.0,4.0,4.0
0.83547622,,0.91283858,415.0,414.7,Night,30,en-us,424.610665,,365.0,3.667,3.667,,365.0,4.0,4.0
0.83547622,,0.78099442,415.4,415.0,by,30,en-us,424.610665,,365.0,3.667,3.667,,365.0,4.0,4.0
0.83547622,,0.63383788,415.6,415.6,a,30,en-us,424.610665,,365.0,3.667,3.667,,365.0,4.0,4.0
0.83547622,,0.70447654,415.9,415.6,little,30,en-us,424.610665,,365.0,3.667,3.667,,365.0,4.0,4.0
0.83547622,,0.815175,416.2,415.9,like,30,en-us,424.610665,,365.0,3.667,3.667,,365.0,4.0,4.0
0.83547622,,0.71047562,416.5,416.2,the,30,en-us,424.610665,,365.0,3.667,3.667,,365.0,4.0,4.0
0.83547622,,0.91283858,416.8,416.5,case,30,en-us,424.610665,,365.0,3.667,3.667,,365.0,4.0,4.0
0.83547622,,0.76735705,417.0,416.8,in,30,en-us,424.610665,,365.0,3.667,3.667,,365.0,4.0,4.0
0.83547622,,0.69638127,417.2,417.0,the,30,en-us,424.610665,,365.0,3.667,3.667,,365.0,4.0,4.0
0.83547622,,0.76735705,417.5,417.2,how,30,en-us,424.610665,,365.0,3.667,3.667,,365.0,4.0,4.0
0.83547622,,0.91283858,417.5,417.5,I,30,en-us,424.610665,,370.0,3.667,3.667,,370.0,4.0,4.0
0.83547622,,0.74331892,417.7,417.5,think,30,en-us,424.610665,,370.0,3.667,3.667,,370.0,4.0,4.0
0.83547622,,0.91283858,417.8,417.7,I,30,en-us,424.610665,,370.0,3.667,3.667,,370.0,4.0,4.0
0.83547622,,0.76267767,418.2,417.8,heard,30,en-us,424.610665,,370.0,3.667,3.667,,370.0,4.0,4.0
0.83547622,,0.91283858,418.3,418.3,the,30,en-us,424.610665,,370.0,3.667,3.667,,370.0,4.0,4.0
0.83547622,,0.86461878,418.5,418.3,news,30,en-us,424.610665,,370.0,3.667,3.667,,370.0,4.0,4.0
0.83547622,,0.68647534,418.8,418.5,about,30,en-us,424.610665,,370.0,3.667,3.667,,370.0,4.0,4.0
0.83547622,,0.91283858,418.9,418.8,the,30,en-us,424.610665,,370.0,3.667,3.667,,370.0,4.0,4.0
0.83547622,,0.82247978,419.0,418.9,and,30,en-us,424.610665,,370.0,3.667,3.667,,370.0,4.0,4.0
0.83547622,,0.75886554,419.3,419.0,like,30,en-us,424.610665,,370.0,3.667,3.667,,370.0,4.0,4.0
0.83547622,,0.72294992,419.7,419.3,people,30,en-us,424.610665,,370.0,3.667,3.667,,370.0,4.0,4.0
0.83547622,,0.61538142,420.4,420.4,a,30,en-us,424.610665,,370.0,3.667,3.667,,370.0,4.0,4.0
0.83547622,,0.84414035,420.9,420.4,woman,30,en-us,424.610665,,370.0,3.667,3.667,,370.0,4.0,4.0
0.83547622,,0.76017642,421.2,420.9,being,30,en-us,424.610665,,370.0,3.667,3.667,,370.0,4.0,4.0
0.83547622,,0.687154,421.4,421.2,killed,30,en-us,424.610665,,370.0,3.667,3.667,,370.0,4.0,4.0
0.83547622,,0.91283858,421.6,421.4,in,30,en-us,424.610665,,370.0,3.667,3.667,,370.0,4.0,4.0
0.83547622,,0.91283858,421.8,421.6,real,30,en-us,424.610665,,370.0,3.667,3.667,,370.0,4.0,4.0
0.83547622,,0.89531523,422.2,421.8,number,30,en-us,424.610665,,370.0,3.667,3.667,,370.0,4.0,4.0
0.83547622,,0.72702712,422.3,422.2,is,30,en-us,424.610665,,370.0,3.667,3.667,,370.0,4.0,4.0
0.83547622,,0.91283858,422.7,422.3,some,30,en-us,424.610665,,370.0,3.667,3.667,,370.0,4.0,4.0
0.83547622,,0.88863558,423.8,423.4,some,30,en-us,424.610665,,375.0,2.667,3.0,,375.0,3.667,3.333
0.83547622,,0.76017642,424.3,423.8,man,30,en-us,424.610665,,375.0,2.667,3.0,,375.0,3.667,3.333
0.89904523, and then also the reason issue about the you know the spy cam in the exact way so it doesn't even if it doesn't guarantee that this the Koreans also I mean just even just if there's only the screen and then doesn't guarantee safety so I think it's you can just have a stereotypical Prejudice of Outsiders to,0.91283858,424.8,424.7,and,30,en-us,454.468216,,375.0,2.667,3.0,,375.0,3.667,3.333
0.89904523,,0.91283858,425.2,424.8,then,30,en-us,454.468216,,375.0,2.667,3.0,,375.0,3.667,3.333
0.89904523,,0.91283858,426.3,425.9,also,30,en-us,454.468216,,375.0,2.667,3.0,,375.0,3.667,3.333
0.89904523,,0.91283858,426.9,426.3,the,30,en-us,454.468216,,375.0,2.667,3.0,,375.0,3.667,3.333
0.89904523,,0.91283858,427.9,427.5,reason,30,en-us,454.468216,,375.0,2.667,3.0,,375.0,3.667,3.333
0.89904523,,0.91283858,428.2,427.9,issue,30,en-us,454.468216,,375.0,2.667,3.0,,375.0,3.667,3.333
0.89904523,,0.91283858,428.6,428.2,about,30,en-us,454.468216,,380.0,2.667,3.0,,380.0,3.0,3.333
0.89904523,,0.91283858,429.0,428.6,the,30,en-us,454.468216,,380.0,2.667,3.0,,380.0,3.0,3.333
0.89904523,,0.91283858,429.1,429.0,you,30,en-us,454.468216,,380.0,2.667,3.0,,380.0,3.0,3.333
0.89904523,,0.91283858,429.3,429.1,know,30,en-us,454.468216,,380.0,2.667,3.0,,380.0,3.0,3.333
0.89904523,,0.91283858,429.5,429.3,the,30,en-us,454.468216,,380.0,2.667,3.0,,380.0,3.0,3.333
0.89904523,,0.91283858,429.8,429.5,spy,30,en-us,454.468216,,380.0,2.667,3.0,,380.0,3.0,3.333
0.89904523,,0.91283858,430.2,429.8,cam,30,en-us,454.468216,,380.0,2.667,3.0,,380.0,3.0,3.333
0.89904523,,0.91283858,430.7,430.5,in,30,en-us,454.468216,,380.0,2.667,3.0,,380.0,3.0,3.333
0.89904523,,0.90174985,430.7,430.7,the,30,en-us,454.468216,,380.0,2.667,3.0,,380.0,3.0,3.333
0.89904523,,0.9071911,431.4,431.0,exact,30,en-us,454.468216,,380.0,2.667,3.0,,380.0,3.0,3.333
0.89904523,,0.91283858,431.9,431.4,way,30,en-us,454.468216,,380.0,2.667,3.0,,380.0,3.0,3.333
0.89904523,,0.91283858,432.5,432.3,so,30,en-us,454.468216,,380.0,2.667,3.0,,380.0,3.0,3.333
0.89904523,,0.91283858,432.7,432.5,it,30,en-us,454.468216,,380.0,2.667,3.0,,380.0,3.0,3.333
0.89904523,,0.90575415,433.5,432.7,doesn't,30,en-us,454.468216,,380.0,2.667,3.0,,380.0,3.0,3.333
0.89904523,,0.91283858,434.3,434.0,even,30,en-us,454.468216,,385.0,3.0,3.0,,385.0,2.667,2.667
0.89904523,,0.91283858,434.5,434.3,if,30,en-us,454.468216,,385.0,3.0,3.0,,385.0,2.667,2.667
0.89904523,,0.91283858,434.9,434.8,it,30,en-us,454.468216,,385.0,3.0,3.0,,385.0,2.667,2.667
0.89904523,,0.91283858,435.6,434.9,doesn't,30,en-us,454.468216,,385.0,3.0,3.0,,385.0,2.667,2.667
0.89904523,,0.91283858,436.9,436.4,guarantee,30,en-us,454.468216,,385.0,3.0,3.0,,385.0,2.667,2.667
0.89904523,,0.91283858,437.2,436.9,that,30,en-us,454.468216,,385.0,3.0,3.0,,385.0,2.667,2.667
0.89904523,,0.91283858,437.3,437.2,this,30,en-us,454.468216,,385.0,3.0,3.0,,385.0,2.667,2.667
0.89904523,,0.91283858,438.2,437.9,the,30,en-us,454.468216,,385.0,3.0,3.0,,385.0,2.667,2.667
0.89904523,,0.91283858,439.5,438.6,Koreans,30,en-us,454.468216,,390.0,3.0,3.0,,390.0,2.667,2.667
0.89904523,,0.91283858,440.5,439.7,also,30,en-us,454.468216,,390.0,3.0,3.0,,390.0,2.667,2.667
0.89904523,,0.91283858,441.2,441.1,I,30,en-us,454.468216,,390.0,3.0,3.0,,390.0,2.667,2.667
0.89904523,,0.91283858,441.5,441.2,mean,30,en-us,454.468216,,390.0,3.0,3.0,,390.0,2.667,2.667
0.89904523,,0.91283858,441.8,441.5,just,30,en-us,454.468216,,390.0,3.0,3.0,,390.0,2.667,2.667
0.89904523,,0.91283858,442.1,441.9,even,30,en-us,454.468216,,390.0,3.0,3.0,,390.0,2.667,2.667
0.89904523,,0.91283858,442.5,442.1,just,30,en-us,454.468216,,390.0,3.0,3.0,,390.0,2.667,2.667
0.89904523,,0.91283858,442.7,442.5,if,30,en-us,454.468216,,390.0,3.0,3.0,,390.0,2.667,2.667
0.89904523,,0.91283858,443.0,442.7,there's,30,en-us,454.468216,,390.0,3.0,3.0,,390.0,2.667,2.667
0.89904523,,0.91283858,443.2,443.0,only,30,en-us,454.468216,,390.0,3.0,3.0,,390.0,2.667,2.667
0.89904523,,0.91283858,443.3,443.2,the,30,en-us,454.468216,,390.0,3.0,3.0,,390.0,2.667,2.667
0.89904523,,0.91283858,443.6,443.3,screen,30,en-us,454.468216,,390.0,3.0,3.0,,390.0,2.667,2.667
0.89904523,,0.91283858,443.8,443.6,and,30,en-us,454.468216,,390.0,3.0,3.0,,390.0,2.667,2.667
0.89904523,,0.91283858,444.1,443.8,then,30,en-us,454.468216,,390.0,3.0,3.0,,390.0,2.667,2.667
0.89904523,,0.87477434,444.8,444.3,doesn't,30,en-us,454.468216,,395.0,2.667,3.0,,395.0,2.667,2.333
0.89904523,,0.85500139,445.2,444.8,guarantee,30,en-us,454.468216,,395.0,2.667,3.0,,395.0,2.667,2.333
0.89904523,,0.91283858,445.6,445.2,safety,30,en-us,454.468216,,395.0,2.667,3.0,,395.0,2.667,2.333
0.89904523,,0.8484748,446.0,445.6,so,30,en-us,454.468216,,395.0,2.667,3.0,,395.0,2.667,2.333
0.89904523,,0.91018021,446.4,446.3,I,30,en-us,454.468216,,395.0,2.667,3.0,,395.0,2.667,2.333
0.89904523,,0.803846,447.0,446.4,think,30,en-us,454.468216,,395.0,2.667,3.0,,395.0,2.667,2.333
0.89904523,,0.88174325,447.9,447.0,it's,30,en-us,454.468216,,395.0,2.667,3.0,,395.0,2.667,2.333
0.89904523,,0.87980497,448.9,448.8,you,30,en-us,454.468216,,395.0,2.667,3.0,,395.0,2.667,2.333
0.89904523,,0.91283858,449.2,448.9,can,30,en-us,454.468216,,395.0,2.667,3.0,,395.0,2.667,2.333
0.89904523,,0.91283858,449.8,449.2,just,30,en-us,454.468216,,395.0,2.667,3.0,,395.0,2.667,2.333
0.89904523,,0.90689451,450.6,450.2,have,30,en-us,454.468216,,400.0,3.333,3.333,,400.0,2.667,2.333
0.89904523,,0.74687833,450.8,450.7,a,30,en-us,454.468216,,400.0,3.333,3.333,,400.0,2.667,2.333
0.89904523,,0.91283858,451.4,450.8,stereotypical,30,en-us,454.468216,,400.0,3.333,3.333,,400.0,2.667,2.333
0.89904523,,0.91283858,451.9,451.4,Prejudice,30,en-us,454.468216,,400.0,3.333,3.333,,400.0,2.667,2.333
0.89904523,,0.77698362,452.2,451.9,of,30,en-us,454.468216,,400.0,3.333,3.333,,400.0,2.667,2.333
0.89904523,,0.91283858,453.2,452.5,Outsiders,30,en-us,454.468216,,400.0,3.333,3.333,,400.0,2.667,2.333
0.89904523,,0.76666558,453.6,453.2,to,30,en-us,454.468216,,400.0,3.333,3.333,,400.0,2.667,2.333
0.85747641, to like they're going to be like a terrorist or or like being terrorists or criminals I think we yeah I don't think it's right to just judge someone just because we different just because we have for dinner yeah so,0.91283858,454.9,454.7,to,30,en-us,476.227446,,400.0,3.333,3.333,,400.0,2.667,2.333
0.85747641,,0.91283858,455.4,454.9,like,30,en-us,476.227446,,400.0,3.333,3.333,,400.0,2.667,2.333
0.85747641,,0.91283858,455.7,455.4,they're,30,en-us,476.227446,,400.0,3.333,3.333,,400.0,2.667,2.333
0.85747641,,0.91283858,456.0,455.7,going,30,en-us,476.227446,,400.0,3.333,3.333,,400.0,2.667,2.333
0.85747641,,0.91283858,456.2,456.0,to,30,en-us,476.227446,,400.0,3.333,3.333,,400.0,2.667,2.333
0.85747641,,0.91283858,457.1,457.0,be,30,en-us,476.227446,,405.0,3.0,3.0,,405.0,2.667,2.667
0.85747641,,0.91283858,457.3,457.1,like,30,en-us,476.227446,,405.0,3.0,3.0,,405.0,2.667,2.667
0.85747641,,0.91283858,457.3,457.3,a,30,en-us,476.227446,,405.0,3.0,3.0,,405.0,2.667,2.667
0.85747641,,0.91283858,457.9,457.3,terrorist,30,en-us,476.227446,,405.0,3.0,3.0,,405.0,2.667,2.667
0.85747641,,0.91283858,458.3,457.9,or,30,en-us,476.227446,,405.0,3.0,3.0,,405.0,2.667,2.667
0.85747641,,0.91283858,459.4,459.2,or,30,en-us,476.227446,,405.0,3.0,3.0,,405.0,2.667,2.667
0.85747641,,0.91283858,460.0,459.4,like,30,en-us,476.227446,,405.0,3.0,3.0,,405.0,2.667,2.667
0.85747641,,0.91283858,460.3,460.0,being,30,en-us,476.227446,,405.0,3.0,3.0,,405.0,2.667,2.667
0.85747641,,0.91283858,460.7,460.3,terrorists,30,en-us,476.227446,,405.0,3.0,3.0,,405.0,2.667,2.667
0.85747641,,0.91283858,461.1,460.7,or,30,en-us,476.227446,,405.0,3.0,3.0,,405.0,2.667,2.667
0.85747641,,0.91283858,461.9,461.1,criminals,30,en-us,476.227446,,405.0,3.0,3.0,,405.0,2.667,2.667
0.85747641,,0.91283858,462.1,462.0,I,30,en-us,476.227446,,405.0,3.0,3.0,,405.0,2.667,2.667
0.85747641,,0.91283858,462.5,462.1,think,30,en-us,476.227446,,405.0,3.0,3.0,,405.0,2.667,2.667
0.85747641,,0.91283858,462.8,462.5,we,30,en-us,476.227446,,405.0,3.0,3.0,,405.0,2.667,2.667
0.85747641,,0.91283858,463.1,462.8,yeah,30,en-us,476.227446,,405.0,3.0,3.0,,405.0,2.667,2.667
0.85747641,,0.91283858,463.2,463.1,I,30,en-us,476.227446,,405.0,3.0,3.0,,405.0,2.667,2.667
0.85747641,,0.91283858,463.5,463.2,don't,30,en-us,476.227446,,405.0,3.0,3.0,,405.0,2.667,2.667
0.85747641,,0.91283858,463.7,463.5,think,30,en-us,476.227446,,405.0,3.0,3.0,,405.0,2.667,2.667
0.85747641,,0.91283858,463.9,463.7,it's,30,en-us,476.227446,,405.0,3.0,3.0,,405.0,2.667,2.667
0.85747641,,0.91283858,464.2,463.9,right,30,en-us,476.227446,,410.0,2.667,3.333,,410.0,3.0,3.0
0.85747641,,0.91283858,464.5,464.2,to,30,en-us,476.227446,,410.0,2.667,3.333,,410.0,3.0,3.0
0.85747641,,0.91283858,465.4,464.8,just,30,en-us,476.227446,,410.0,2.667,3.333,,410.0,3.0,3.0
0.85747641,,0.91283858,465.8,465.4,judge,30,en-us,476.227446,,410.0,2.667,3.333,,410.0,3.0,3.0
0.85747641,,0.91283858,466.5,465.8,someone,30,en-us,476.227446,,410.0,2.667,3.333,,410.0,3.0,3.0
0.85747641,,0.91283858,467.4,467.2,just,30,en-us,476.227446,,410.0,2.667,3.333,,410.0,3.0,3.0
0.85747641,,0.91283858,467.9,467.4,because,30,en-us,476.227446,,410.0,2.667,3.333,,410.0,3.0,3.0
0.85747641,,0.91283858,468.5,467.9,we,30,en-us,476.227446,,410.0,2.667,3.333,,410.0,3.0,3.0
0.85747641,,0.91283858,469.3,468.6,different,30,en-us,476.227446,,410.0,2.667,3.333,,410.0,3.0,3.0
0.85747641,,0.91283858,470.5,470.2,just,30,en-us,476.227446,,415.0,3.333,3.333,,415.0,2.667,2.333
0.85747641,,0.91283858,470.8,470.5,because,30,en-us,476.227446,,415.0,3.333,3.333,,415.0,2.667,2.333
0.85747641,,0.506814,471.0,470.8,we,30,en-us,476.227446,,415.0,3.333,3.333,,415.0,2.667,2.333
0.85747641,,0.48479721,471.1,471.0,have,30,en-us,476.227446,,415.0,3.333,3.333,,415.0,2.667,2.333
0.85747641,,0.48479721,471.3,471.1,for,30,en-us,476.227446,,415.0,3.333,3.333,,415.0,2.667,2.333
0.85747641,,0.48479721,471.5,471.3,dinner,30,en-us,476.227446,,415.0,3.333,3.333,,415.0,2.667,2.333
0.85747641,,0.60211372,472.3,471.7,yeah,30,en-us,476.227446,,415.0,3.333,3.333,,415.0,2.667,2.333
0.85747641,,0.64386612,474.0,473.3,so,30,en-us,476.227446,,415.0,3.333,3.333,,415.0,2.667,2.333
0.85692233, but you well I think the one that you should consider is the again the entry increased number of the refugee the 552 the keep increasing until now and also I think it will be more game in the next year 2020 it's not the 500 people,0.91283858,481.3,480.8,but,29,en-us,506.636244,,420.0,2.667,3.333,,420.0,3.0,3.0
0.85692233,,0.91283858,482.1,481.5,you,29,en-us,506.636244,,420.0,2.667,3.333,,420.0,3.0,3.0
0.85692233,,0.91283858,482.4,482.2,well,29,en-us,506.636244,,425.0,2.667,3.0,,425.0,3.0,3.0
0.85692233,,0.91283858,482.6,482.4,I,29,en-us,506.636244,,425.0,2.667,3.0,,425.0,3.0,3.0
0.85692233,,0.91283858,483.1,482.6,think,29,en-us,506.636244,,425.0,2.667,3.0,,425.0,3.0,3.0
0.85692233,,0.91283858,484.1,484.0,the,29,en-us,506.636244,,425.0,2.667,3.0,,425.0,3.0,3.0
0.85692233,,0.91283858,484.3,484.1,one,29,en-us,506.636244,,425.0,2.667,3.0,,425.0,3.0,3.0
0.85692233,,0.91283858,484.5,484.3,that,29,en-us,506.636244,,425.0,2.667,3.0,,425.0,3.0,3.0
0.85692233,,0.91283858,484.6,484.5,you,29,en-us,506.636244,,425.0,2.667,3.0,,425.0,3.0,3.0
0.85692233,,0.91283858,484.9,484.6,should,29,en-us,506.636244,,425.0,2.667,3.0,,425.0,3.0,3.0
0.85692233,,0.91283858,485.4,484.9,consider,29,en-us,506.636244,,425.0,2.667,3.0,,425.0,3.0,3.0
0.85692233,,0.91283858,485.8,485.4,is,29,en-us,506.636244,,425.0,2.667,3.0,,425.0,3.0,3.0
0.85692233,,0.91283858,486.4,485.8,the,29,en-us,506.636244,,425.0,2.667,3.0,,425.0,3.0,3.0
0.85692233,,0.91283858,487.6,487.2,again,29,en-us,506.636244,,430.0,3.0,3.333,,430.0,2.667,3.0
0.85692233,,0.91283858,487.7,487.6,the,29,en-us,506.636244,,430.0,3.0,3.333,,430.0,2.667,3.0
0.85692233,,0.71062165,488.0,487.7,entry,29,en-us,506.636244,,430.0,3.0,3.333,,430.0,2.667,3.0
0.85692233,,0.91283858,488.5,488.0,increased,29,en-us,506.636244,,430.0,3.0,3.333,,430.0,2.667,3.0
0.85692233,,0.91283858,488.8,488.5,number,29,en-us,506.636244,,430.0,3.0,3.333,,430.0,2.667,3.0
0.85692233,,0.85859573,488.9,488.8,of,29,en-us,506.636244,,430.0,3.0,3.333,,430.0,2.667,3.0
0.85692233,,0.91283858,489.0,488.9,the,29,en-us,506.636244,,430.0,3.0,3.333,,430.0,2.667,3.0
0.85692233,,0.84171331,489.7,489.0,refugee,29,en-us,506.636244,,430.0,3.0,3.333,,430.0,2.667,3.0
0.85692233,,0.72172558,490.7,490.1,the,29,en-us,506.636244,,430.0,3.0,3.333,,430.0,2.667,3.0
0.85692233,,0.91283858,491.9,490.7,552,29,en-us,506.636244,,430.0,3.0,3.333,,430.0,2.667,3.0
0.85692233,,0.7309379,492.4,491.9,the,29,en-us,506.636244,,435.0,2.667,3.0,,435.0,2.667,3.0
0.85692233,,0.91283858,492.7,492.4,keep,29,en-us,506.636244,,435.0,2.667,3.0,,435.0,2.667,3.0
0.85692233,,0.7406767,493.3,492.7,increasing,29,en-us,506.636244,,435.0,2.667,3.0,,435.0,2.667,3.0
0.85692233,,0.7579214,493.9,493.3,until,29,en-us,506.636244,,435.0,2.667,3.0,,435.0,2.667,3.0
0.85692233,,0.73887169,494.3,493.9,now,29,en-us,506.636244,,435.0,2.667,3.0,,435.0,2.667,3.0
0.85692233,,0.76904237,495.0,494.3,and,29,en-us,506.636244,,435.0,2.667,3.0,,435.0,2.667,3.0
0.85692233,,0.72639233,496.3,495.5,also,29,en-us,506.636244,,435.0,2.667,3.0,,435.0,2.667,3.0
0.85692233,,0.91283858,496.6,496.5,I,29,en-us,506.636244,,435.0,2.667,3.0,,435.0,2.667,3.0
0.85692233,,0.859155,496.9,496.6,think,29,en-us,506.636244,,435.0,2.667,3.0,,435.0,2.667,3.0
0.85692233,,0.91283858,497.0,496.9,it,29,en-us,506.636244,,435.0,2.667,3.0,,435.0,2.667,3.0
0.85692233,,0.87195557,497.2,497.0,will,29,en-us,506.636244,,435.0,2.667,3.0,,435.0,2.667,3.0
0.85692233,,0.91283858,497.3,497.2,be,29,en-us,506.636244,,440.0,2.667,3.0,,440.0,2.667,2.667
0.85692233,,0.73596686,497.8,497.3,more,29,en-us,506.636244,,440.0,2.667,3.0,,440.0,2.667,2.667
0.85692233,,0.91283858,498.2,497.8,game,29,en-us,506.636244,,440.0,2.667,3.0,,440.0,2.667,2.667
0.85692233,,0.72558028,498.7,498.2,in,29,en-us,506.636244,,440.0,2.667,3.0,,440.0,2.667,2.667
0.85692233,,0.80581534,499.3,499.0,the,29,en-us,506.636244,,440.0,2.667,3.0,,440.0,2.667,2.667
0.85692233,,0.91283858,499.6,499.3,next,29,en-us,506.636244,,440.0,2.667,3.0,,440.0,2.667,2.667
0.85692233,,0.90037489,499.9,499.6,year,29,en-us,506.636244,,440.0,2.667,3.0,,440.0,2.667,2.667
0.85692233,,0.9080323,500.8,499.9,2020,29,en-us,506.636244,,440.0,2.667,3.0,,440.0,2.667,2.667
0.85692233,,0.91283858,502.8,502.6,it's,29,en-us,506.636244,,445.0,3.333,3.0,,445.0,3.667,3.667
0.85692233,,0.77867126,503.3,502.8,not,29,en-us,506.636244,,445.0,3.333,3.0,,445.0,3.667,3.667
0.85692233,,0.72776955,504.5,504.0,the,29,en-us,506.636244,,445.0,3.333,3.0,,445.0,3.667,3.667
0.85692233,,0.91283858,505.2,504.5,500,29,en-us,506.636244,,445.0,3.333,3.0,,445.0,3.667,3.667
0.85692233,,0.71888858,505.7,505.2,people,29,en-us,506.636244,,445.0,3.333,3.0,,445.0,3.667,3.667
0.85385579, it's not always like they're ready to do the to pick job site there are so white women and children right so I think that that population will,0.91283858,507.4,507.1,it's,29,en-us,524.005541,,445.0,3.333,3.0,,445.0,3.667,3.667
0.85385579,,0.91283858,507.7,507.4,not,29,en-us,524.005541,,445.0,3.333,3.0,,445.0,3.667,3.667
0.85385579,,0.91283858,508.4,507.7,always,29,en-us,524.005541,,445.0,3.333,3.0,,445.0,3.667,3.667
0.85385579,,0.91283858,509.5,508.9,like,29,en-us,524.005541,,445.0,3.333,3.0,,445.0,3.667,3.667
0.85385579,,0.91283858,510.3,509.5,they're,29,en-us,524.005541,,450.0,3.333,3.0,,450.0,3.333,3.667
0.85385579,,0.91283858,511.1,510.6,ready,29,en-us,524.005541,,450.0,3.333,3.0,,450.0,3.333,3.667
0.85385579,,0.91283858,511.9,511.1,to,29,en-us,524.005541,,450.0,3.333,3.0,,450.0,3.333,3.667
0.85385579,,0.91283858,512.9,512.6,do,29,en-us,524.005541,,450.0,3.333,3.0,,450.0,3.333,3.667
0.85385579,,0.91283858,513.2,512.9,the,29,en-us,524.005541,,450.0,3.333,3.0,,450.0,3.333,3.667
0.85385579,,0.91283858,514.0,513.4,to,29,en-us,524.005541,,450.0,3.333,3.0,,450.0,3.333,3.667
0.85385579,,0.78908098,514.4,514.1,pick,29,en-us,524.005541,,450.0,3.333,3.0,,450.0,3.333,3.667
0.85385579,,0.81924009,514.7,514.4,job,29,en-us,524.005541,,450.0,3.333,3.0,,450.0,3.333,3.667
0.85385579,,0.81923991,515.0,514.7,site,29,en-us,524.005541,,450.0,3.333,3.0,,450.0,3.333,3.667
0.85385579,,0.91283858,515.2,515.0,there,29,en-us,524.005541,,455.0,3.333,3.0,,455.0,3.333,3.333
0.85385579,,0.90475798,515.3,515.2,are,29,en-us,524.005541,,455.0,3.333,3.0,,455.0,3.333,3.333
0.85385579,,0.77078235,515.6,515.3,so,29,en-us,524.005541,,455.0,3.333,3.0,,455.0,3.333,3.333
0.85385579,,0.88667315,515.9,515.6,white,29,en-us,524.005541,,455.0,3.333,3.0,,455.0,3.333,3.333
0.85385579,,0.91283858,516.3,515.9,women,29,en-us,524.005541,,455.0,3.333,3.0,,455.0,3.333,3.333
0.85385579,,0.91283858,516.4,516.3,and,29,en-us,524.005541,,455.0,3.333,3.0,,455.0,3.333,3.333
0.85385579,,0.91283858,517.1,516.4,children,29,en-us,524.005541,,455.0,3.333,3.0,,455.0,3.333,3.333
0.85385579,,0.84683079,518.4,518.1,right,29,en-us,524.005541,,455.0,3.333,3.0,,455.0,3.333,3.333
0.85385579,,0.76896924,519.6,519.0,so,29,en-us,524.005541,,455.0,3.333,3.0,,455.0,3.333,3.333
0.85385579,,0.72519791,520.5,520.4,I,29,en-us,524.005541,,455.0,3.333,3.0,,455.0,3.333,3.333
0.85385579,,0.79760349,520.9,520.5,think,29,en-us,524.005541,,455.0,3.333,3.0,,455.0,3.333,3.333
0.85385579,,0.77214265,521.4,520.9,that,29,en-us,524.005541,,455.0,3.333,3.0,,455.0,3.333,3.333
0.85385579,,0.72519791,522.2,522.0,that,29,en-us,524.005541,,460.0,3.333,3.0,,460.0,3.333,3.333
0.85385579,,0.75514007,523.0,522.2,population,29,en-us,524.005541,,460.0,3.333,3.0,,460.0,3.333,3.333
0.85385579,,0.747365,523.6,523.0,will,29,en-us,524.005541,,460.0,3.333,3.0,,460.0,3.333,3.333
0.91283864, we will be,0.91283858,525.6,525.2,we,29,en-us,527.252888,,460.0,3.333,3.0,,460.0,3.333,3.333
0.91283864,,0.91283858,526.0,525.7,will,29,en-us,527.252888,,460.0,3.333,3.0,,460.0,3.333,3.333
0.91283864,,0.91283858,526.7,526.0,be,29,en-us,527.252888,,460.0,3.333,3.0,,460.0,3.333,3.333
0.91283858, like influence to be,0.91283858,530.2,529.6,like,29,en-us,532.675156,,465.0,3.333,3.0,,465.0,3.333,3.333
0.91283858,,0.91283858,531.2,530.5,influence,29,en-us,532.675156,,465.0,3.333,3.0,,465.0,3.333,3.333
0.91283858,,0.91283858,531.5,531.4,to,29,en-us,532.675156,,465.0,3.333,3.0,,465.0,3.333,3.333
0.91283858,,0.91283858,532.2,531.5,be,29,en-us,532.675156,,465.0,3.333,3.0,,465.0,3.333,3.333
0.79096687, the feel like the looking so fly you know like like this government you'll provide the you know you're at they apply and subside a I think the inverse number will will significantly,0.91283858,538.1,537.8,the,29,en-us,559.004726,,470.0,2.667,3.0,,470.0,3.333,3.667
0.79096687,,0.91283858,538.4,538.1,feel,29,en-us,559.004726,,470.0,2.667,3.0,,470.0,3.333,3.667
0.79096687,,0.91283858,538.6,538.4,like,29,en-us,559.004726,,470.0,2.667,3.0,,470.0,3.333,3.667
0.79096687,,0.91283858,539.0,538.6,the,29,en-us,559.004726,,470.0,2.667,3.0,,470.0,3.333,3.667
0.79096687,,0.91283858,539.7,539.3,looking,29,en-us,559.004726,,470.0,2.667,3.0,,470.0,3.333,3.667
0.79096687,,0.91283858,539.9,539.7,so,29,en-us,559.004726,,475.0,3.333,3.0,,475.0,3.333,3.667
0.79096687,,0.91283858,540.3,539.9,fly,29,en-us,559.004726,,475.0,3.333,3.0,,475.0,3.333,3.667
0.79096687,,0.91283858,540.5,540.4,you,29,en-us,559.004726,,475.0,3.333,3.0,,475.0,3.333,3.667
0.79096687,,0.91283858,540.7,540.5,know,29,en-us,559.004726,,475.0,3.333,3.0,,475.0,3.333,3.667
0.79096687,,0.80386937,541.2,540.7,like,29,en-us,559.004726,,475.0,3.333,3.0,,475.0,3.333,3.667
0.79096687,,0.73983377,541.8,541.4,like,29,en-us,559.004726,,475.0,3.333,3.0,,475.0,3.333,3.667
0.79096687,,0.74163562,542.0,541.8,this,29,en-us,559.004726,,475.0,3.333,3.0,,475.0,3.333,3.667
0.79096687,,0.87947315,542.6,542.0,government,29,en-us,559.004726,,475.0,3.333,3.0,,475.0,3.333,3.667
0.79096687,,0.90654802,542.9,542.6,you'll,29,en-us,559.004726,,475.0,3.333,3.0,,475.0,3.333,3.667
0.79096687,,0.9036696,543.5,542.9,provide,29,en-us,559.004726,,475.0,3.333,3.0,,475.0,3.333,3.667
0.79096687,,0.7728911,543.8,543.5,the,29,en-us,559.004726,,475.0,3.333,3.0,,475.0,3.333,3.667
0.79096687,,0.91283858,544.7,544.6,you,29,en-us,559.004726,,475.0,3.333,3.0,,475.0,3.333,3.667
0.79096687,,0.76710808,545.0,544.7,know,29,en-us,559.004726,,475.0,3.333,3.0,,475.0,3.333,3.667
0.79096687,,0.5445177,545.4,545.0,you're,29,en-us,559.004726,,475.0,3.333,3.0,,475.0,3.333,3.667
0.79096687,,0.54810619,545.5,545.4,at,29,en-us,559.004726,,475.0,3.333,3.0,,475.0,3.333,3.667
0.79096687,,0.66342598,546.2,545.5,they,29,en-us,559.004726,,475.0,3.333,3.0,,475.0,3.333,3.667
0.79096687,,0.87630278,551.4,551.0,apply,29,en-us,559.004726,,480.0,3.333,3.0,,480.0,3.333,3.0
0.79096687,,0.91283858,551.6,551.4,and,29,en-us,559.004726,,480.0,3.333,3.0,,480.0,3.333,3.0
0.79096687,,0.66594654,552.1,551.6,subside,29,en-us,559.004726,,480.0,3.333,3.0,,480.0,3.333,3.0
0.79096687,,0.580805,552.3,552.1,a,29,en-us,559.004726,,480.0,3.333,3.0,,480.0,3.333,3.0
0.79096687,,0.71153426,553.4,553.2,I,29,en-us,559.004726,,480.0,3.333,3.0,,480.0,3.333,3.0
0.79096687,,0.70827436,553.7,553.4,think,29,en-us,559.004726,,480.0,3.333,3.0,,480.0,3.333,3.0
0.79096687,,0.69975907,553.9,553.7,the,29,en-us,559.004726,,485.0,3.333,3.0,,485.0,3.667,3.667
0.79096687,,0.71765333,554.3,553.9,inverse,29,en-us,559.004726,,485.0,3.333,3.0,,485.0,3.667,3.667
0.79096687,,0.63467914,554.6,554.3,number,29,en-us,559.004726,,485.0,3.333,3.0,,485.0,3.667,3.667
0.79096687,,0.91283858,555.0,554.6,will,29,en-us,559.004726,,485.0,3.333,3.0,,485.0,3.667,3.667
0.79096687,,0.69546437,555.8,555.3,will,29,en-us,559.004726,,485.0,3.333,3.0,,485.0,3.667,3.667
0.79096687,,0.58634609,557.2,556.1,significantly,29,en-us,559.004726,,485.0,3.333,3.0,,485.0,3.667,3.667
0.72288364, significantly like butter the performer just apply it,0.91283858,560.4,559.8,significantly,29,en-us,569.518513,,490.0,3.0,3.0,,490.0,2.667,3.333
0.72288364,,0.91283858,560.9,560.4,like,29,en-us,569.518513,,490.0,3.0,3.0,,490.0,2.667,3.333
0.72288364,,0.91283858,561.5,561.0,butter,29,en-us,569.518513,,490.0,3.0,3.0,,490.0,2.667,3.333
0.72288364,,0.91283858,561.9,561.5,the,29,en-us,569.518513,,490.0,3.0,3.0,,490.0,2.667,3.333
0.72288364,,0.3635475,562.6,562.1,performer,29,en-us,569.518513,,490.0,3.0,3.0,,490.0,2.667,3.333
0.72288364,,0.81098413,563.1,562.9,just,29,en-us,569.518513,,490.0,3.0,3.0,,490.0,2.667,3.333
0.72288364,,0.59363604,563.5,563.1,apply,29,en-us,569.518513,,490.0,3.0,3.0,,490.0,2.667,3.333
0.72288364,,0.3635475,567.3,567.3,it,29,en-us,569.518513,,495.0,3.0,3.0,,495.0,2.667,3.333
0.89867765, are you read that in one of the Articles here that the Korea actually provide prevent like a settlement program for a North Korean defectors that coming to accept escaping from North Korea to South Korea but why can't they do the same for for refugees be just because they look me from I really I read that whatever,0.91283858,571.0,570.7,are,30,en-us,599.456246,,495.0,3.0,3.0,,495.0,2.667,3.333
0.89867765,,0.91283858,571.2,571.0,you,30,en-us,599.456246,,495.0,3.0,3.0,,495.0,2.667,3.333
0.89867765,,0.91283858,571.4,571.2,read,30,en-us,599.456246,,500.0,3.0,3.0,,500.0,2.667,3.0
0.89867765,,0.91283858,571.9,571.4,that,30,en-us,599.456246,,500.0,3.0,3.0,,500.0,2.667,3.0
0.89867765,,0.91283858,572.4,572.2,in,30,en-us,599.456246,,500.0,3.0,3.0,,500.0,2.667,3.0
0.89867765,,0.91283858,572.6,572.4,one,30,en-us,599.456246,,500.0,3.0,3.0,,500.0,2.667,3.0
0.89867765,,0.91283858,572.8,572.6,of,30,en-us,599.456246,,500.0,3.0,3.0,,500.0,2.667,3.0
0.89867765,,0.91283858,572.9,572.8,the,30,en-us,599.456246,,500.0,3.0,3.0,,500.0,2.667,3.0
0.89867765,,0.91283858,573.3,572.9,Articles,30,en-us,599.456246,,500.0,3.0,3.0,,500.0,2.667,3.0
0.89867765,,0.91283858,573.7,573.3,here,30,en-us,599.456246,,500.0,3.0,3.0,,500.0,2.667,3.0
0.89867765,,0.91283858,574.1,573.7,that,30,en-us,599.456246,,500.0,3.0,3.0,,500.0,2.667,3.0
0.89867765,,0.91283858,574.7,574.1,the,30,en-us,599.456246,,500.0,3.0,3.0,,500.0,2.667,3.0
0.89867765,,0.91283858,575.7,574.8,Korea,30,en-us,599.456246,,500.0,3.0,3.0,,500.0,2.667,3.0
0.89867765,,0.91283858,576.2,575.7,actually,30,en-us,599.456246,,500.0,3.0,3.0,,500.0,2.667,3.0
0.89867765,,0.91283858,577.3,576.6,provide,30,en-us,599.456246,,505.0,3.0,3.0,,505.0,2.667,3.0
0.89867765,,0.91283858,579.7,579.1,prevent,30,en-us,599.456246,,505.0,3.0,3.0,,505.0,2.667,3.0
0.89867765,,0.91283858,580.3,580.1,like,30,en-us,599.456246,,505.0,3.0,3.0,,505.0,2.667,3.0
0.89867765,,0.91283858,580.4,580.3,a,30,en-us,599.456246,,505.0,3.0,3.0,,505.0,2.667,3.0
0.89867765,,0.91283858,580.9,580.4,settlement,30,en-us,599.456246,,505.0,3.0,3.0,,505.0,2.667,3.0
0.89867765,,0.91283858,581.3,580.9,program,30,en-us,599.456246,,505.0,3.0,3.0,,505.0,2.667,3.0
0.89867765,,0.91283858,581.6,581.3,for,30,en-us,599.456246,,505.0,3.0,3.0,,505.0,2.667,3.0
0.89867765,,0.91283858,581.9,581.6,a,30,en-us,599.456246,,505.0,3.0,3.0,,505.0,2.667,3.0
0.89867765,,0.91283858,582.3,582.0,North,30,en-us,599.456246,,505.0,3.0,3.0,,505.0,2.667,3.0
0.89867765,,0.91283858,582.6,582.3,Korean,30,en-us,599.456246,,505.0,3.0,3.0,,505.0,2.667,3.0
0.89867765,,0.91283858,583.3,582.6,defectors,30,en-us,599.456246,,505.0,3.0,3.0,,505.0,2.667,3.0
0.89867765,,0.91283858,584.1,583.9,that,30,en-us,599.456246,,510.0,3.0,3.0,,510.0,2.667,3.0
0.89867765,,0.91283858,584.6,584.1,coming,30,en-us,599.456246,,510.0,3.0,3.0,,510.0,2.667,3.0
0.89867765,,0.91283858,585.1,584.6,to,30,en-us,599.456246,,510.0,3.0,3.0,,510.0,2.667,3.0
0.89867765,,0.91283858,585.7,585.3,accept,30,en-us,599.456246,,510.0,3.0,3.0,,510.0,2.667,3.0
0.89867765,,0.91283858,586.1,585.7,escaping,30,en-us,599.456246,,510.0,3.0,3.0,,510.0,2.667,3.0
0.89867765,,0.91283858,586.3,586.1,from,30,en-us,599.456246,,510.0,3.0,3.0,,510.0,2.667,3.0
0.89867765,,0.91283858,586.6,586.3,North,30,en-us,599.456246,,510.0,3.0,3.0,,510.0,2.667,3.0
0.89867765,,0.91283858,586.8,586.6,Korea,30,en-us,599.456246,,510.0,3.0,3.0,,510.0,2.667,3.0
0.89867765,,0.91283858,587.0,586.8,to,30,en-us,599.456246,,510.0,3.0,3.0,,510.0,2.667,3.0
0.89867765,,0.91283858,587.2,587.0,South,30,en-us,599.456246,,510.0,3.0,3.0,,510.0,2.667,3.0
0.89867765,,0.91283858,587.8,587.2,Korea,30,en-us,599.456246,,510.0,3.0,3.0,,510.0,2.667,3.0
0.89867765,,0.91283858,588.1,587.9,but,30,en-us,599.456246,,510.0,3.0,3.0,,510.0,2.667,3.0
0.89867765,,0.91283858,588.4,588.1,why,30,en-us,599.456246,,510.0,3.0,3.0,,510.0,2.667,3.0
0.89867765,,0.91283858,588.6,588.4,can't,30,en-us,599.456246,,510.0,3.0,3.0,,510.0,2.667,3.0
0.89867765,,0.91283858,588.8,588.6,they,30,en-us,599.456246,,515.0,3.0,3.0,,515.0,2.667,3.0
0.89867765,,0.91283858,589.0,588.8,do,30,en-us,599.456246,,515.0,3.0,3.0,,515.0,2.667,3.0
0.89867765,,0.91283858,589.0,589.0,the,30,en-us,599.456246,,515.0,3.0,3.0,,515.0,2.667,3.0
0.89867765,,0.91283858,589.6,589.0,same,30,en-us,599.456246,,515.0,3.0,3.0,,515.0,2.667,3.0
0.89867765,,0.91283858,590.1,589.6,for,30,en-us,599.456246,,515.0,3.0,3.0,,515.0,2.667,3.0
0.89867765,,0.91283858,592.0,591.1,for,30,en-us,599.456246,,515.0,3.0,3.0,,515.0,2.667,3.0
0.89867765,,0.91283858,593.2,592.6,refugees,30,en-us,599.456246,,515.0,3.0,3.0,,515.0,2.667,3.0
0.89867765,,0.91283858,593.3,593.2,be,30,en-us,599.456246,,515.0,3.0,3.0,,515.0,2.667,3.0
0.89867765,,0.91283858,593.8,593.5,just,30,en-us,599.456246,,515.0,3.0,3.0,,515.0,2.667,3.0
0.89867765,,0.91283858,594.0,593.8,because,30,en-us,599.456246,,515.0,3.0,3.0,,515.0,2.667,3.0
0.89867765,,0.91283858,594.1,594.0,they,30,en-us,599.456246,,515.0,3.0,3.0,,515.0,2.667,3.0
0.89867765,,0.91283858,594.3,594.1,look,30,en-us,599.456246,,515.0,3.0,3.0,,515.0,2.667,3.0
0.89867765,,0.91283858,594.4,594.3,me,30,en-us,599.456246,,515.0,3.0,3.0,,515.0,2.667,3.0
0.89867765,,0.91283858,594.8,594.4,from,30,en-us,599.456246,,515.0,3.0,3.0,,515.0,2.667,3.0
0.89867765,,0.69899118,597.1,597.0,I,30,en-us,599.456246,,520.0,3.0,3.0,,520.0,2.667,3.0
0.89867765,,0.69863111,597.7,597.1,really,30,en-us,599.456246,,520.0,3.0,3.0,,520.0,2.667,3.0
0.89867765,,0.71920782,597.9,597.7,I,30,en-us,599.456246,,520.0,3.0,3.0,,520.0,2.667,3.0
0.89867765,,0.91283858,598.1,597.9,read,30,en-us,599.456246,,520.0,3.0,3.0,,520.0,2.667,3.0
0.89867765,,0.71942753,598.3,598.1,that,30,en-us,599.456246,,520.0,3.0,3.0,,520.0,2.667,3.0
0.89867765,,0.89245552,598.7,598.3,whatever,30,en-us,599.456246,,520.0,3.0,3.0,,520.0,2.667,3.0
0.8438583, yeah it's fine why so because like they also deal to provide some settlement like how to do North Korean defectors like to how to settle in Korea and like like they're putting deafening living in Korea and I wonder why can they just I mean they they know how to end they they have they,0.91283858,600.6,600.2,yeah,30,en-us,629.865044,,520.0,3.0,3.0,,520.0,2.667,3.0
0.8438583,,0.91283858,600.9,600.6,it's,30,en-us,629.865044,,520.0,3.0,3.0,,520.0,2.667,3.0
0.8438583,,0.87652123,601.1,600.9,fine,30,en-us,629.865044,,525.0,3.0,3.0,,525.0,2.667,3.0
0.8438583,,0.91283858,602.4,602.0,why,30,en-us,629.865044,,525.0,3.0,3.0,,525.0,2.667,3.0
0.8438583,,0.90916663,605.4,604.8,so,30,en-us,629.865044,,525.0,3.0,3.0,,525.0,2.667,3.0
0.8438583,,0.89977884,606.4,606.0,because,30,en-us,629.865044,,525.0,3.0,3.0,,525.0,2.667,3.0
0.8438583,,0.91283858,607.3,606.9,like,30,en-us,629.865044,,530.0,3.0,3.0,,530.0,2.667,3.0
0.8438583,,0.91283858,608.0,607.5,they,30,en-us,629.865044,,530.0,3.0,3.0,,530.0,2.667,3.0
0.8438583,,0.91283858,608.4,608.1,also,30,en-us,629.865044,,530.0,3.0,3.0,,530.0,2.667,3.0
0.8438583,,0.91283858,608.7,608.4,deal,30,en-us,629.865044,,530.0,3.0,3.0,,530.0,2.667,3.0
0.8438583,,0.91283858,608.8,608.7,to,30,en-us,629.865044,,530.0,3.0,3.0,,530.0,2.667,3.0
0.8438583,,0.91283858,609.4,608.8,provide,30,en-us,629.865044,,530.0,3.0,3.0,,530.0,2.667,3.0
0.8438583,,0.85940969,609.8,609.6,some,30,en-us,629.865044,,530.0,3.0,3.0,,530.0,2.667,3.0
0.8438583,,0.91283858,610.8,610.3,settlement,30,en-us,629.865044,,530.0,3.0,3.0,,530.0,2.667,3.0
0.8438583,,0.86510754,611.0,610.8,like,30,en-us,629.865044,,530.0,3.0,3.0,,530.0,2.667,3.0
0.8438583,,0.8144418,611.6,611.0,how,30,en-us,629.865044,,530.0,3.0,3.0,,530.0,2.667,3.0
0.8438583,,0.91283858,612.4,612.3,to,30,en-us,629.865044,,530.0,3.0,3.0,,530.0,2.667,3.0
0.8438583,,0.72023064,612.6,612.4,do,30,en-us,629.865044,,530.0,3.0,3.0,,530.0,2.667,3.0
0.8438583,,0.91283858,613.1,612.9,North,30,en-us,629.865044,,535.0,3.0,3.0,,535.0,2.667,3.0
0.8438583,,0.90444648,613.4,613.1,Korean,30,en-us,629.865044,,535.0,3.0,3.0,,535.0,2.667,3.0
0.8438583,,0.91283858,614.6,614.1,defectors,30,en-us,629.865044,,535.0,3.0,3.0,,535.0,2.667,3.0
0.8438583,,0.73968077,615.0,614.6,like,30,en-us,629.865044,,535.0,3.0,3.0,,535.0,2.667,3.0
0.8438583,,0.72105992,616.1,615.4,to,30,en-us,629.865044,,535.0,3.0,3.0,,535.0,2.667,3.0
0.8438583,,0.90444648,617.0,616.7,how,30,en-us,629.865044,,535.0,3.0,3.0,,535.0,2.667,3.0
0.8438583,,0.91283858,617.1,617.0,to,30,en-us,629.865044,,535.0,3.0,3.0,,535.0,2.667,3.0
0.8438583,,0.87179953,617.5,617.1,settle,30,en-us,629.865044,,535.0,3.0,3.0,,535.0,2.667,3.0
0.8438583,,0.88682193,617.7,617.5,in,30,en-us,629.865044,,535.0,3.0,3.0,,535.0,2.667,3.0
0.8438583,,0.89238793,618.2,617.7,Korea,30,en-us,629.865044,,535.0,3.0,3.0,,535.0,2.667,3.0
0.8438583,,0.72773039,618.6,618.2,and,30,en-us,629.865044,,540.0,3.0,3.0,,540.0,2.667,3.0
0.8438583,,0.91283858,619.3,618.8,like,30,en-us,629.865044,,540.0,3.0,3.0,,540.0,2.667,3.0
0.8438583,,0.84794331,619.6,619.3,like,30,en-us,629.865044,,540.0,3.0,3.0,,540.0,2.667,3.0
0.8438583,,0.71374363,619.8,619.6,they're,30,en-us,629.865044,,540.0,3.0,3.0,,540.0,2.667,3.0
0.8438583,,0.64053088,620.3,619.8,putting,30,en-us,629.865044,,540.0,3.0,3.0,,540.0,2.667,3.0
0.8438583,,0.72425079,621.7,621.4,deafening,30,en-us,629.865044,,540.0,3.0,3.0,,540.0,2.667,3.0
0.8438583,,0.91283858,622.0,621.7,living,30,en-us,629.865044,,540.0,3.0,3.0,,540.0,2.667,3.0
0.8438583,,0.7551232,622.2,622.0,in,30,en-us,629.865044,,540.0,3.0,3.0,,540.0,2.667,3.0
0.8438583,,0.89913094,622.5,622.2,Korea,30,en-us,629.865044,,540.0,3.0,3.0,,540.0,2.667,3.0
0.8438583,,0.72177964,622.9,622.5,and,30,en-us,629.865044,,540.0,3.0,3.0,,540.0,2.667,3.0
0.8438583,,0.91283858,623.5,623.4,I,30,en-us,629.865044,,545.0,3.0,3.0,,545.0,2.667,3.0
0.8438583,,0.91283858,623.8,623.5,wonder,30,en-us,629.865044,,545.0,3.0,3.0,,545.0,2.667,3.0
0.8438583,,0.7428295,624.0,623.8,why,30,en-us,629.865044,,545.0,3.0,3.0,,545.0,2.667,3.0
0.8438583,,0.91283858,624.3,624.0,can,30,en-us,629.865044,,545.0,3.0,3.0,,545.0,2.667,3.0
0.8438583,,0.84188676,624.5,624.3,they,30,en-us,629.865044,,545.0,3.0,3.0,,545.0,2.667,3.0
0.8438583,,0.87513542,625.0,624.5,just,30,en-us,629.865044,,545.0,3.0,3.0,,545.0,2.667,3.0
0.8438583,,0.91283858,625.2,625.2,I,30,en-us,629.865044,,545.0,3.0,3.0,,545.0,2.667,3.0
0.8438583,,0.72314769,625.5,625.2,mean,30,en-us,629.865044,,545.0,3.0,3.0,,545.0,2.667,3.0
0.8438583,,0.91283858,626.2,625.5,they,30,en-us,629.865044,,545.0,3.0,3.0,,545.0,2.667,3.0
0.8438583,,0.5939424,626.6,626.4,they,30,en-us,629.865044,,545.0,3.0,3.0,,545.0,2.667,3.0
0.8438583,,0.91283858,626.7,626.6,know,30,en-us,629.865044,,545.0,3.0,3.0,,545.0,2.667,3.0
0.8438583,,0.91283858,627.0,626.7,how,30,en-us,629.865044,,545.0,3.0,3.0,,545.0,2.667,3.0
0.8438583,,0.72314769,627.1,627.0,to,30,en-us,629.865044,,545.0,3.0,3.0,,545.0,2.667,3.0
0.8438583,,0.91283858,627.3,627.1,end,30,en-us,629.865044,,545.0,3.0,3.0,,545.0,2.667,3.0
0.8438583,,0.88939261,628.0,627.3,they,30,en-us,629.865044,,545.0,3.0,3.0,,545.0,2.667,3.0
0.8438583,,0.63946164,628.3,628.1,they,30,en-us,629.865044,,545.0,3.0,3.0,,545.0,2.667,3.0
0.8438583,,0.71631157,628.8,628.3,have,30,en-us,629.865044,,545.0,3.0,3.0,,545.0,2.667,3.0
0.8438583,,0.70715928,629.3,629.0,they,30,en-us,629.865044,,550.0,3.0,3.0,,550.0,2.667,3.0
0.8215692, may I have the money for it but why can't they do the same for your refugees,0.91283858,630.2,630.0,may,30,en-us,637.15153,,550.0,3.0,3.0,,550.0,2.667,3.0
0.8215692,,0.71562904,630.3,630.2,I,30,en-us,637.15153,,550.0,3.0,3.0,,550.0,2.667,3.0
0.8215692,,0.90230083,630.5,630.3,have,30,en-us,637.15153,,550.0,3.0,3.0,,550.0,2.667,3.0
0.8215692,,0.75925916,630.9,630.5,the,30,en-us,637.15153,,550.0,3.0,3.0,,550.0,2.667,3.0
0.8215692,,0.77949953,631.6,631.3,money,30,en-us,637.15153,,550.0,3.0,3.0,,550.0,2.667,3.0
0.8215692,,0.79667521,631.8,631.6,for,30,en-us,637.15153,,550.0,3.0,3.0,,550.0,2.667,3.0
0.8215692,,0.71562904,632.0,631.8,it,30,en-us,637.15153,,550.0,3.0,3.0,,550.0,2.667,3.0
0.8215692,,0.76641798,632.3,632.0,but,30,en-us,637.15153,,550.0,3.0,3.0,,550.0,2.667,3.0
0.8215692,,0.82304639,632.5,632.3,why,30,en-us,637.15153,,550.0,3.0,3.0,,550.0,2.667,3.0
0.8215692,,0.91283858,632.8,632.5,can't,30,en-us,637.15153,,550.0,3.0,3.0,,550.0,2.667,3.0
0.8215692,,0.72475564,632.9,632.8,they,30,en-us,637.15153,,550.0,3.0,3.0,,550.0,2.667,3.0
0.8215692,,0.91283858,633.1,632.9,do,30,en-us,637.15153,,550.0,3.0,3.0,,550.0,2.667,3.0
0.8215692,,0.86762142,633.2,633.1,the,30,en-us,637.15153,,550.0,3.0,3.0,,550.0,2.667,3.0
0.8215692,,0.74917376,633.7,633.2,same,30,en-us,637.15153,,550.0,3.0,3.0,,550.0,2.667,3.0
0.8215692,,0.84980911,634.4,634.2,for,30,en-us,637.15153,,550.0,3.0,3.0,,550.0,2.667,3.0
0.8215692,,0.91283858,634.5,634.4,your,30,en-us,637.15153,,550.0,3.0,3.0,,550.0,2.667,3.0
0.8215692,,0.86550558,635.3,634.5,refugees,30,en-us,637.15153,,550.0,3.0,3.0,,550.0,2.667,3.0
